[Licensing::Module] Trying to connect to existing licensing client channel...
Built from '6000.5/staging' branch; Version is '6000.5.9f1 (b57deb96f08d) revision 11894251'; Using compiler version '194234433'; Build Type 'Release'
OS: 'Windows 11  (10.0.26200) CoreCountrySpecific' Language: 'zh' Physical Memory: 31964 MB
BatchMode: 1, IsHumanControllingUs: 0, StartBugReporterOnCrash: 0, Is64bit: 1
[Licensing::IpcConnector] Successfully connected to: "LicenseClient-leonz" at "2026-08-31T20:04:25.7364208Z"
System  architecture: x64
Process architecture: x64
Date: 2026-08-31T20:04:25Z

COMMAND LINE ARGUMENTS:
D:\UnityVersions\6000.5.9f1\Editor\Unity.exe
-batchmode
-nographics
-quit
-projectPath
D:\UnityProjects\ZFramework\UnityCliGameplayUxFresh
-logFile
D:\UnityProjects\ZFramework\gameplay-ux-compile-2.log
Successfully changed project path to: D:\UnityProjects\ZFramework\UnityCliGameplayUxFresh
D:/UnityProjects/ZFramework/UnityCliGameplayUxFresh
[UnityMemory] Configuration Parameters - Can be set up in boot.config
    "memorysetup-temp-allocator-size-gi-baking-worker=262144"
    "memorysetup-temp-allocator-size-gi-baking-worker=262144"
    "memorysetup-temp-allocator-size-gi-baking-worker=262144"
    "memorysetup-temp-allocator-size-gi-baking-worker=262144"
    "memorysetup-temp-allocator-size-gi-baking-worker=262144"
    "memorysetup-temp-allocator-size-nav-mesh-worker=65536"
    "memorysetup-temp-allocator-size-audio-worker=65536"
    "memorysetup-temp-allocator-size-cloud-worker=32768"
    "memorysetup-temp-allocator-size-gfx=262144"
    "memorysetup-remapper-allocator-initial-capacity=32768"
    "memorysetup-temp-allocator-size-preload-manager=33554432"
    "memorysetup-allocator-temp-initial-block-size-main=262144"
    "memorysetup-allocator-temp-initial-block-size-worker=262144"
    "memorysetup-temp-allocator-size-job-worker=262144"
    "memorysetup-temp-allocator-size-background-worker=32768"
    "memorysetup-bucket-allocator-granularity=16"
    "memorysetup-bucket-allocator-bucket-count=8"
    "memorysetup-bucket-allocator-block-size=33554432"
    "memorysetup-bucket-allocator-block-count=8"
    "memorysetup-main-allocator-block-size=16777216"
    "memorysetup-thread-allocator-block-size=16777216"
    "memorysetup-main-allocator-mimalloc-enabled=0"
    "memorysetup-gfx-main-allocator-block-size=16777216"
    "memorysetup-gfx-thread-allocator-block-size=16777216"
    "memorysetup-cache-allocator-block-size=4194304"
    "memorysetup-typetree-allocator-block-size=2097152"
    "memorysetup-profiler-bucket-allocator-granularity=16"
    "memorysetup-profiler-bucket-allocator-bucket-count=8"
    "memorysetup-profiler-bucket-allocator-block-size=33554432"
    "memorysetup-profiler-bucket-allocator-block-count=8"
    "memorysetup-profiler-allocator-block-size=16777216"
    "memorysetup-profiler-editor-allocator-block-size=1048576"
    "memorysetup-temp-allocator-size-main=16777216"
    "memorysetup-job-temp-allocator-block-size=2097152"
    "memorysetup-job-temp-allocator-block-size-background=1048576"
    "memorysetup-job-temp-allocator-reduction-small-platforms=262144"
Logging is directed to a specific file, skipping project log.Player connection [10548]  Target information:

Player connection [10548]  * "[IP] 26.122.147.101 [Port] 55505 [Flags] 2 [Guid] 4009170399 [EditorId] 4009170399 [Version] 1048832 [Id] WindowsEditor(7,zza) [Debug] 1 [PackageName] WindowsEditor [ProjectName] Editor" 

Player connection [10548]  * "[IP] 192.168.1.22 [Port] 55505 [Flags] 2 [Guid] 4009170399 [EditorId] 4009170399 [Version] 1048832 [Id] WindowsEditor(7,zza) [Debug] 1 [PackageName] WindowsEditor [ProjectName] Editor" 

Player connection [10548] Host joined multi-casting on [225.0.0.222:54997]...
Player connection [10548] Host joined alternative multi-casting on [225.0.0.222:34997]...
Input System module state changed to: Initialized.
[Physics::Module] Initialized fallback backend.
[Physics::Module] Id: 0xdecafbad
[Package Manager] Connected to IPC stream "Upm-7608" after 0.2 seconds.
[Licensing::Module] Licensing is not yet initialized.
[Licensing::Client] Error: HandshakeResponse reported an error:
	ResponseCode: 505
	ResponseStatus: Unsupported protocol version '1.18.3'.
[Licensing::Module] Error: Failed to handshake to channel: "LicenseClient-leonz"
[Licensing::IpcConnector] LicenseClient-leonz channel disconnected successfully.
[Licensing::IpcConnector] Successfully connected to: "LicenseClient-leonz-6000.5.9" at "2026-08-31T20:04:27.3277278Z"
[Licensing::Client] Code 10 while verifying Licensing Client signature (process Id: 41344, path: "D:/UnityVersions/6000.5.9f1/Editor/Data/Resources/Licensing/Client/Unity.Licensing.Client.exe")
[Licensing::Module] LicensingClient has failed validation; ignoring
[Licensing::Client] Handshaking with LicensingClient:
  Version:                 1.18.3+d7ffd15
  Session Id:              bfeeb17438734a9dbd0718db3ad6cf6d
  Correlation Id:          e1a820a077868393e9e462d9ca9c921d
  External correlation Id: 1316085691626456332
  Machine Id:              Ik5fYd8gbb0FOBsCcc2zMKgraJ4=
[Licensing::Module] Successfully connected to LicensingClient on channel: "LicenseClient-leonz-6000.5.9" (connect: 0.00s, validation: 0.00s, handshake: 0.01s)
[Licensing::IpcConnector] Successfully connected to: "LicenseClient-leonz-6000.5.9-notifications" at "2026-08-31T20:04:27.3355935Z"
[Licensing::Module] Error: Access token is unavailable; failed to update
[Licensing::Client] Successfully resolved entitlement details
[Licensing::Module] License group:
  Id: ewogICJzdWJzR3JvdXAiIDogInVuaXR5IGVkaXRvciIsCiAgIm5hbWVzcGFjZSIgOiAidW5pdHlfZWRpdG9yIiwKICAidHlwZSIgOiAiRURJVE9SIiwKICAidGFnIiA6ICJVbml0eVBlcnNvbmFsXXXX
  Product: Unity Personal Version
  Type: Assigned
  Expiration: Unlimited
[Licensing::Client] Successfully updated license, isAsync: True, time: 0.00
[Licensing::Client] Successfully resolved entitlement details
[Licensing::Module] Licensing Background thread has ended after 1.61s
[Licensing::Module] Licensing is initialized (took 1.06s).
[Licensing::Client] Successfully resolved entitlement details
Library Redirect Path: Library/
[Physics::Module] Selected backend.
[Physics::Module] Name: PhysX
[Physics::Module] Id: 0xf2b8ea05
[Physics::Module] SDK Version: 4.1.2
[Physics::Module] Integration Version: 1.0.0
[Physics::Module] Threading Mode: Multi-Threaded
Initialize engine version: 6000.5.9f1 (b57deb96f08d)
[Subsystems] Discovering subsystems at path D:/UnityVersions/6000.5.9f1/Editor/Data/Resources/UnitySubsystems
[Subsystems] Discovering subsystems at path D:/UnityProjects/ZFramework/UnityCliGameplayUxFresh/Assets
Forcing GfxDevice: Null
GfxDevice: creating device client; kGfxThreadingModeNonThreaded
NullGfxDevice:
    Version:  NULL 1.0 [1.0]
    Renderer: Null Device
    Vendor:   Unity Technologies
Initialize mono
Mono path[0] = 'D:/UnityVersions/6000.5.9f1/Editor/Data/Managed'
Mono path[1] = 'D:/UnityVersions/6000.5.9f1/Editor/Data/BCLExtensions/runtime/netstandard2.1'
Mono path[2] = 'D:/UnityVersions/6000.5.9f1/Editor/Data/MonoBleedingEdge/lib/mono/unityjit-win32'
Mono config path = 'D:/UnityVersions/6000.5.9f1/Editor/Data/MonoBleedingEdge/etc'
Using monoOptions --debugger-agent=transport=dt_socket,embedding=1,server=y,suspend=n,address=127.0.0.1:56608
CodeReloadManager initialized
ImportWorker Server TCP listen port: 0
AcceleratorClientConnectionCallback - disconnected - :0
Begin MonoManager ReloadAssembly
Registering precompiled unity dll's ...
Register platform support module: D:/UnityVersions/6000.5.9f1/Editor/Data/PlaybackEngines/WindowsStandaloneSupport/UnityEditor.WindowsStandalone.Extensions.dll
Registered in 0.001457 seconds.
Native extension for WindowsStandalone target not found
Package Manager log level set to [2]
ScheduleIndexationOnStartup MainProcess:False IndexOnStartup:False
Mono: successfully reloaded assembly
- Finished resetting the current domain, in  0.389 seconds
Domain Reload Profiling: 755ms
	BeginReloadAssembly (107ms)
		CreateAndSetChildDomain (16ms)
	RebuildCommonClasses (4ms)
	RebuildNativeTypeToScriptingClass (12ms)
	initialDomainReloadingComplete (47ms)
	LoadAllAssembliesAndSetupDomain (195ms)
		LoadAssemblies (88ms)
		AnalyzeDomain (142ms)
			TypeCache.Refresh (141ms)
				TypeCache.ScanAssembly (131ms)
	FinalizeReload (390ms)
		SetupLoadedEditorAssemblies (0ms)
			BeforeProcessingInitializeOnLoad (67ms)
			ProcessInitializeOnLoadAttributes (70ms)
			ProcessInitializeOnLoadMethodAttributes (197ms)
[Licensing::Client] Successfully resolved entitlement details
Application.AssetDatabase Initial Refresh Start
[Package Manager] Restoring resolved packages state from cache
[Licensing::Client] Successfully resolved entitlement details
Embedded package [com.cysharp.unitask] was found in the directory [D:\UnityProjects\ZFramework\UnityCliGameplayUxFresh\Packages\UniTask]. Please consider changing the directory name to match the package name.
Embedded package [com.tuyoogame.yooasset] was found in the directory [D:\UnityProjects\ZFramework\UnityCliGameplayUxFresh\Packages\YooAsset]. Please consider changing the directory name to match the package name.
[Package Manager] Registered 49 packages:
  Packages from [https://packages.unity.com]:
    com.unity.ai.navigation@2.0.14 (location: D:\UnityProjects\ZFramework\UnityCliGameplayUxFresh\Library\PackageCache\com.unity.ai.navigation@134dd6a3b97b)
    com.unity.ide.rider@3.0.40 (location: D:\UnityProjects\ZFramework\UnityCliGameplayUxFresh\Library\PackageCache\com.unity.ide.rider@e4950c6d131b)
    com.unity.ide.visualstudio@2.0.26 (location: D:\UnityProjects\ZFramework\UnityCliGameplayUxFresh\Library\PackageCache\com.unity.ide.visualstudio@a99d56dec63f)
    com.unity.nuget.newtonsoft-json@3.2.2 (location: D:\UnityProjects\ZFramework\UnityCliGameplayUxFresh\Library\PackageCache\com.unity.nuget.newtonsoft-json@4dfd81071c64)
    com.unity.scriptablebuildpipeline@2.6.1 (location: D:\UnityProjects\ZFramework\UnityCliGameplayUxFresh\Library\PackageCache\com.unity.scriptablebuildpipeline@36e3b5898ee2)
  Built-in packages:
    com.unity.ugui@2.5.0 (location: D:\UnityProjects\ZFramework\UnityCliGameplayUxFresh\Library\PackageCache\com.unity.ugui@1c4864518158)
    com.unity.modules.adaptiveperformance@1.0.0 (location: D:\UnityProjects\ZFramework\UnityCliGameplayUxFresh\Library\PackageCache\com.unity.modules.adaptiveperformance)
    com.unity.modules.ai@1.0.0 (location: D:\UnityProjects\ZFramework\UnityCliGameplayUxFresh\Library\PackageCache\com.unity.modules.ai)
    com.unity.modules.androidjni@1.0.0 (location: D:\UnityProjects\ZFramework\UnityCliGameplayUxFresh\Library\PackageCache\com.unity.modules.androidjni)
    com.unity.modules.animation@1.0.0 (location: D:\UnityProjects\ZFramework\UnityCliGameplayUxFresh\Library\PackageCache\com.unity.modules.animation)
    com.unity.modules.assetbundle@1.0.0 (location: D:\UnityProjects\ZFramework\UnityCliGameplayUxFresh\Library\PackageCache\com.unity.modules.assetbundle)
    com.unity.modules.audio@1.0.0 (location: D:\UnityProjects\ZFramework\UnityCliGameplayUxFresh\Library\PackageCache\com.unity.modules.audio)
    com.unity.modules.cloth@1.0.0 (location: D:\UnityProjects\ZFramework\UnityCliGameplayUxFresh\Library\PackageCache\com.unity.modules.cloth)
    com.unity.modules.director@1.0.0 (location: D:\UnityProjects\ZFramework\UnityCliGameplayUxFresh\Library\PackageCache\com.unity.modules.director)
    com.unity.modules.imageconversion@1.0.0 (location: D:\UnityProjects\ZFramework\UnityCliGameplayUxFresh\Library\PackageCache\com.unity.modules.imageconversion)
    com.unity.modules.imgui@1.0.0 (location: D:\UnityProjects\ZFramework\UnityCliGameplayUxFresh\Library\PackageCache\com.unity.modules.imgui)
    com.unity.modules.jsonserialize@1.0.0 (location: D:\UnityProjects\ZFramework\UnityCliGameplayUxFresh\Library\PackageCache\com.unity.modules.jsonserialize)
    com.unity.modules.particlesystem@1.0.0 (location: D:\UnityProjects\ZFramework\UnityCliGameplayUxFresh\Library\PackageCache\com.unity.modules.particlesystem)
    com.unity.modules.physics@1.0.0 (location: D:\UnityProjects\ZFramework\UnityCliGameplayUxFresh\Library\PackageCache\com.unity.modules.physics)
    com.unity.modules.physics2d@1.0.0 (location: D:\UnityProjects\ZFramework\UnityCliGameplayUxFresh\Library\PackageCache\com.unity.modules.physics2d)
    com.unity.modules.physicscore2d@1.0.0 (location: D:\UnityProjects\ZFramework\UnityCliGameplayUxFresh\Library\PackageCache\com.unity.modules.physicscore2d)
    com.unity.modules.screencapture@1.0.0 (location: D:\UnityProjects\ZFramework\UnityCliGameplayUxFresh\Library\PackageCache\com.unity.modules.screencapture)
    com.unity.modules.terrain@1.0.0 (location: D:\UnityProjects\ZFramework\UnityCliGameplayUxFresh\Library\PackageCache\com.unity.modules.terrain)
    com.unity.modules.terrainphysics@1.0.0 (location: D:\UnityProjects\ZFramework\UnityCliGameplayUxFresh\Library\PackageCache\com.unity.modules.terrainphysics)
    com.unity.modules.tilemap@1.0.0 (location: D:\UnityProjects\ZFramework\UnityCliGameplayUxFresh\Library\PackageCache\com.unity.modules.tilemap)
    com.unity.modules.ui@1.0.0 (location: D:\UnityProjects\ZFramework\UnityCliGameplayUxFresh\Library\PackageCache\com.unity.modules.ui)
    com.unity.modules.uielements@1.0.0 (location: D:\UnityProjects\ZFramework\UnityCliGameplayUxFresh\Library\PackageCache\com.unity.modules.uielements)
    com.unity.modules.umbra@1.0.0 (location: D:\UnityProjects\ZFramework\UnityCliGameplayUxFresh\Library\PackageCache\com.unity.modules.umbra)
    com.unity.modules.unityanalytics@1.0.0 (location: D:\UnityProjects\ZFramework\UnityCliGameplayUxFresh\Library\PackageCache\com.unity.modules.unityanalytics)
    com.unity.modules.unitywebrequest@1.0.0 (location: D:\UnityProjects\ZFramework\UnityCliGameplayUxFresh\Library\PackageCache\com.unity.modules.unitywebrequest)
    com.unity.modules.unitywebrequestassetbundle@1.0.0 (location: D:\UnityProjects\ZFramework\UnityCliGameplayUxFresh\Library\PackageCache\com.unity.modules.unitywebrequestassetbundle)
    com.unity.modules.unitywebrequestaudio@1.0.0 (location: D:\UnityProjects\ZFramework\UnityCliGameplayUxFresh\Library\PackageCache\com.unity.modules.unitywebrequestaudio)
    com.unity.modules.unitywebrequesttexture@1.0.0 (location: D:\UnityProjects\ZFramework\UnityCliGameplayUxFresh\Library\PackageCache\com.unity.modules.unitywebrequesttexture)
    com.unity.modules.unitywebrequestwww@1.0.0 (location: D:\UnityProjects\ZFramework\UnityCliGameplayUxFresh\Library\PackageCache\com.unity.modules.unitywebrequestwww)
    com.unity.modules.vectorgraphics@1.0.0 (location: D:\UnityProjects\ZFramework\UnityCliGameplayUxFresh\Library\PackageCache\com.unity.modules.vectorgraphics)
    com.unity.modules.vehicles@1.0.0 (location: D:\UnityProjects\ZFramework\UnityCliGameplayUxFresh\Library\PackageCache\com.unity.modules.vehicles)
    com.unity.modules.video@1.0.0 (location: D:\UnityProjects\ZFramework\UnityCliGameplayUxFresh\Library\PackageCache\com.unity.modules.video)
    com.unity.modules.wind@1.0.0 (location: D:\UnityProjects\ZFramework\UnityCliGameplayUxFresh\Library\PackageCache\com.unity.modules.wind)
    com.unity.modules.xr@1.0.0 (location: D:\UnityProjects\ZFramework\UnityCliGameplayUxFresh\Library\PackageCache\com.unity.modules.xr)
    com.unity.modules.subsystems@1.0.0 (location: D:\UnityProjects\ZFramework\UnityCliGameplayUxFresh\Library\PackageCache\com.unity.modules.subsystems)
    com.unity.modules.hierarchycore@1.0.0 (location: D:\UnityProjects\ZFramework\UnityCliGameplayUxFresh\Library\PackageCache\com.unity.modules.hierarchycore)
    com.unity.test-framework@1.7.0 (location: D:\UnityProjects\ZFramework\UnityCliGameplayUxFresh\Library\PackageCache\com.unity.test-framework@1405238725ab)
    com.unity.ext.nunit@2.1.0 (location: D:\UnityProjects\ZFramework\UnityCliGameplayUxFresh\Library\PackageCache\com.unity.ext.nunit@44f7d31723bd)
  Embedded packages:
    com.cysharp.unitask@file:D:\UnityProjects\ZFramework\UnityCliGameplayUxFresh\Packages\UniTask (location: D:\UnityProjects\ZFramework\UnityCliGameplayUxFresh\Packages\UniTask)
    com.tuyoogame.yooasset@file:D:\UnityProjects\ZFramework\UnityCliGameplayUxFresh\Packages\YooAsset (location: D:\UnityProjects\ZFramework\UnityCliGameplayUxFresh\Packages\YooAsset)
    com.zframework.ecs@file:D:\UnityProjects\ZFramework\UnityCliGameplayUxFresh\Packages\com.zframework.ecs (location: D:\UnityProjects\ZFramework\UnityCliGameplayUxFresh\Packages\com.zframework.ecs)
    com.zframework.rts@file:D:\UnityProjects\ZFramework\UnityCliGameplayUxFresh\Packages\com.zframework.rts (location: D:\UnityProjects\ZFramework\UnityCliGameplayUxFresh\Packages\com.zframework.rts)
  Local packages:
    com.leonz.z-editor-tools@file:D:\MyLibrary\UnityEditorTools\zEditor(vSeries) (location: D:\MyLibrary\UnityEditorTools\zEditor(vSeries))
  Git packages:
    com.leonz.scene-tools@https://github.com/Hubr1zz/UnityEditorTools.git?path=/SceneTools#v0.1.3 (location: D:\UnityProjects\ZFramework\UnityCliGameplayUxFresh\Library\PackageCache\com.leonz.scene-tools@f8fa0cd5fc36)
[Subsystems] No new subsystems found in resolved package list.
[Package Manager] Done registering packages in 0.02 seconds
[ScriptCompilation] Requested script compilation because: AssetDatabase observed changes in script compilation related files
Starting: D:\UnityVersions\6000.5.9f1\Editor\Data\Tools\BuildPipeline\bee_backend.exe --ipc --defer-dag-verification --dagfile="Library/Bee/1900b0aEDbg.dag" --continue-on-failure --profile="Library/Bee/backend1.traceevents" ScriptAssemblies
WorkingDir: D:/UnityProjects/ZFramework/UnityCliGameplayUxFresh
DisplayProgressbar: Compiling Scripts
ExitCode: 0 Duration: 3s274ms
[614/632    1s] Csc Library/Bee/artifacts/1900b0aEDbg.dag/GameLogic.dll (+2 others)
Assets\GameScripts\GameLogic\HuntingInDarkness\Core\CampaignDeveloperCommands.cs(109,31): warning CS4014: Because this call is not awaited, execution of the current method continues before the call is completed. Consider applying the 'await' operator to the result of the call.
[615/632    0s] CopyFiles Library/ScriptAssemblies/GameLogic.pdb
[616/632    0s] CopyFiles Library/ScriptAssemblies/GameLogic.dll
[617/632    0s] Csc Library/Bee/artifacts/1900b0aEDbg.dag/Assembly-CSharp-firstpass.dll (+2 others)
[618/632    0s] CopyFiles Library/ScriptAssemblies/Assembly-CSharp-firstpass.pdb
[619/632    0s] CopyFiles Library/ScriptAssemblies/Assembly-CSharp-firstpass.dll
[620/632    0s] Csc Library/Bee/artifacts/1900b0aEDbg.dag/Assembly-CSharp.dll (+2 others)
[621/632    0s] CopyFiles Library/ScriptAssemblies/Assembly-CSharp.pdb
[622/632    0s] CopyFiles Library/ScriptAssemblies/Assembly-CSharp.dll
[623/632    0s] Csc Library/Bee/artifacts/1900b0aEDbg.dag/HuntingInDarkness.Adapter.PlayModeTests.dll (+2 others)
Assets\GameScripts\GameLogic\HuntingInDarkness\Adapters\Unity\Tests\PlayMode\TabletopCardInteractionPresenterPlayModeTests.cs(24,110): warning CS0618: 'FindObjectsSortMode' is obsolete: 'FindObjectsSortMode has been deprecated. Use the FindObjectsByType overloads that do not take a FindObjectsSortMode parameter.'

Assets\GameScripts\GameLogic\HuntingInDarkness\Adapters\Unity\Tests\PlayMode\TabletopCardInteractionPresenterPlayModeTests.cs(24,51): warning CS0618: 'Object.FindObjectsByType<T>(FindObjectsSortMode)' is obsolete: 'FindObjectsByType with FindObjectsSortMode parameter has been deprecated. Use FindObjectsByType<T>() or FindObjectsByType<T>(FindObjectsInactive) instead. InstanceID will be replaced in the future with EntityId and previous sort order cannot be maintained.'

Assets\GameScripts\GameLogic\HuntingInDarkness\Adapters\Unity\Tests\PlayMode\TabletopCardInteractionPresenterPlayModeTests.cs(164,121): warning CS0618: 'FindObjectsSortMode' is obsolete: 'FindObjectsSortMode has been deprecated. Use the FindObjectsByType overloads that do not take a FindObjectsSortMode parameter.'

Assets\GameScripts\GameLogic\HuntingInDarkness\Adapters\Unity\Tests\PlayMode\TabletopCardInteractionPresenterPlayModeTests.cs(164,62): warning CS0618: 'Object.FindObjectsByType<T>(FindObjectsSortMode)' is obsolete: 'FindObjectsByType with FindObjectsSortMode parameter has been deprecated. Use FindObjectsByType<T>() or FindObjectsByType<T>(FindObjectsInactive) instead. InstanceID will be replaced in the future with EntityId and previous sort order cannot be maintained.'

Assets\GameScripts\GameLogic\HuntingInDarkness\Adapters\Unity\Tests\PlayMode\PlayableSettlementEventProductionLoopPlayModeTests.cs(257,127): warning CS0618: 'FindObjectsSortMode' is obsolete: 'FindObjectsSortMode has been deprecated. Use the FindObjectsByType overloads that do not take a FindObjectsSortMode parameter.'

Assets\GameScripts\GameLogic\HuntingInDarkness\Adapters\Unity\Tests\PlayMode\PlayableSettlementEventProductionLoopPlayModeTests.cs(257,68): warning CS0618: 'Object.FindObjectsByType<T>(FindObjectsSortMode)' is obsolete: 'FindObjectsByType with FindObjectsSortMode parameter has been deprecated. Use FindObjectsByType<T>() or FindObjectsByType<T>(FindObjectsInactive) instead. InstanceID will be replaced in the future with EntityId and previous sort order cannot be maintained.'

Assets\GameScripts\GameLogic\HuntingInDarkness\Adapters\Unity\Tests\PlayMode\PlayableSettlementEventProductionLoopPlayModeTests.cs(258,104): warning CS0618: 'FindObjectsSortMode' is obsolete: 'FindObjectsSortMode has been deprecated. Use the FindObjectsByType overloads that do not take a FindObjectsSortMode parameter.'

Assets\GameScripts\GameLogic\HuntingInDarkness\Adapters\Unity\Tests\PlayMode\PlayableSettlementEventProductionLoopPlayModeTests.cs(258,45): warning CS0618: 'Object.FindObjectsByType<T>(FindObjectsSortMode)' is obsolete: 'FindObjectsByType with FindObjectsSortMode parameter has been deprecated. Use FindObjectsByType<T>() or FindObjectsByType<T>(FindObjectsInactive) instead. InstanceID will be replaced in the future with EntityId and previous sort order cannot be maintained.'
[624/632    0s] CopyFiles Library/ScriptAssemblies/HuntingInDarkness.Adapter.PlayModeTests.pdb
[625/632    0s] CopyFiles Library/ScriptAssemblies/HuntingInDarkness.Adapter.PlayModeTests.dll
[626/632    0s] Csc Library/Bee/artifacts/1900b0aEDbg.dag/HuntingInDarkness.Adapter.EditModeTests.dll (+2 others)
[627/632    0s] CopyFiles Library/ScriptAssemblies/HuntingInDarkness.Adapter.EditModeTests.pdb
[628/632    0s] CopyFiles Library/ScriptAssemblies/HuntingInDarkness.Adapter.EditModeTests.dll
[629/632    0s] Csc Library/Bee/artifacts/1900b0aEDbg.dag/Assembly-CSharp-Editor.dll (+2 others)
[630/632    0s] CopyFiles Library/ScriptAssemblies/Assembly-CSharp-Editor.pdb
[631/632    0s] CopyFiles Library/ScriptAssemblies/Assembly-CSharp-Editor.dll
*** Tundra build success (3.24 seconds), 18 items updated, 632 evaluated
Assets\GameScripts\GameLogic\HuntingInDarkness\Core\CampaignDeveloperCommands.cs(109,31): warning CS4014: Because this call is not awaited, execution of the current method continues before the call is completed. Consider applying the 'await' operator to the result of the call.
Assets\GameScripts\GameLogic\HuntingInDarkness\Adapters\Unity\Tests\PlayMode\TabletopCardInteractionPresenterPlayModeTests.cs(24,110): warning CS0618: 'FindObjectsSortMode' is obsolete: 'FindObjectsSortMode has been deprecated. Use the FindObjectsByType overloads that do not take a FindObjectsSortMode parameter.'
Assets\GameScripts\GameLogic\HuntingInDarkness\Adapters\Unity\Tests\PlayMode\TabletopCardInteractionPresenterPlayModeTests.cs(24,51): warning CS0618: 'Object.FindObjectsByType<T>(FindObjectsSortMode)' is obsolete: 'FindObjectsByType with FindObjectsSortMode parameter has been deprecated. Use FindObjectsByType<T>() or FindObjectsByType<T>(FindObjectsInactive) instead. InstanceID will be replaced in the future with EntityId and previous sort order cannot be maintained.'
Assets\GameScripts\GameLogic\HuntingInDarkness\Adapters\Unity\Tests\PlayMode\TabletopCardInteractionPresenterPlayModeTests.cs(164,121): warning CS0618: 'FindObjectsSortMode' is obsolete: 'FindObjectsSortMode has been deprecated. Use the FindObjectsByType overloads that do not take a FindObjectsSortMode parameter.'
Assets\GameScripts\GameLogic\HuntingInDarkness\Adapters\Unity\Tests\PlayMode\TabletopCardInteractionPresenterPlayModeTests.cs(164,62): warning CS0618: 'Object.FindObjectsByType<T>(FindObjectsSortMode)' is obsolete: 'FindObjectsByType with FindObjectsSortMode parameter has been deprecated. Use FindObjectsByType<T>() or FindObjectsByType<T>(FindObjectsInactive) instead. InstanceID will be replaced in the future with EntityId and previous sort order cannot be maintained.'
Assets\GameScripts\GameLogic\HuntingInDarkness\Adapters\Unity\Tests\PlayMode\PlayableSettlementEventProductionLoopPlayModeTests.cs(257,127): warning CS0618: 'FindObjectsSortMode' is obsolete: 'FindObjectsSortMode has been deprecated. Use the FindObjectsByType overloads that do not take a FindObjectsSortMode parameter.'
Assets\GameScripts\GameLogic\HuntingInDarkness\Adapters\Unity\Tests\PlayMode\PlayableSettlementEventProductionLoopPlayModeTests.cs(257,68): warning CS0618: 'Object.FindObjectsByType<T>(FindObjectsSortMode)' is obsolete: 'FindObjectsByType with FindObjectsSortMode parameter has been deprecated. Use FindObjectsByType<T>() or FindObjectsByType<T>(FindObjectsInactive) instead. InstanceID will be replaced in the future with EntityId and previous sort order cannot be maintained.'
Assets\GameScripts\GameLogic\HuntingInDarkness\Adapters\Unity\Tests\PlayMode\PlayableSettlementEventProductionLoopPlayModeTests.cs(258,104): warning CS0618: 'FindObjectsSortMode' is obsolete: 'FindObjectsSortMode has been deprecated. Use the FindObjectsByType overloads that do not take a FindObjectsSortMode parameter.'
Assets\GameScripts\GameLogic\HuntingInDarkness\Adapters\Unity\Tests\PlayMode\PlayableSettlementEventProductionLoopPlayModeTests.cs(258,45): warning CS0618: 'Object.FindObjectsByType<T>(FindObjectsSortMode)' is obsolete: 'FindObjectsByType with FindObjectsSortMode parameter has been deprecated. Use FindObjectsByType<T>() or FindObjectsByType<T>(FindObjectsInactive) instead. InstanceID will be replaced in the future with EntityId and previous sort order cannot be maintained.'
AssetDatabase: script compilation time: 3.626388s
Begin MonoManager ReloadAssembly
'Assets/ZFramework/Editor/Localization/Localization/LocalizationEditor_Terms_Description.cs' contains partial class of Unity.Object, exactly 1 of the partial classes needs to be in a file with the same filename. This is to know the one that can be referenced from ie. GameObjects
'Assets/ZFramework/Editor/Localization/Localization/LocalizationEditor_Tools_Categorize.cs' contains partial class of Unity.Object, exactly 1 of the partial classes needs to be in a file with the same filename. This is to know the one that can be referenced from ie. GameObjects
'Assets/ZFramework/Editor/Localization/Localization/LocalizationEditor_Tools_CharSet.cs' contains partial class of Unity.Object, exactly 1 of the partial classes needs to be in a file with the same filename. This is to know the one that can be referenced from ie. GameObjects
'Assets/ZFramework/Editor/Localization/Localization/LocalizationEditor_Languages.cs' contains partial class of Unity.Object, exactly 1 of the partial classes needs to be in a file with the same filename. This is to know the one that can be referenced from ie. GameObjects
'Assets/ZFramework/Editor/Localization/Localization/LocalizationEditor_Tools_MergeTerms.cs' contains partial class of Unity.Object, exactly 1 of the partial classes needs to be in a file with the same filename. This is to know the one that can be referenced from ie. GameObjects
'Assets/ZFramework/Editor/Localization/Localization/LocalizationEditor_Tools_NoLocalized.cs' contains partial class of Unity.Object, exactly 1 of the partial classes needs to be in a file with the same filename. This is to know the one that can be referenced from ie. GameObjects
'Assets/ZFramework/Editor/Localization/Localization/LocalizationEditor_Tools_ParseTerms.cs' contains partial class of Unity.Object, exactly 1 of the partial classes needs to be in a file with the same filename. This is to know the one that can be referenced from ie. GameObjects
'Assets/ZFramework/Editor/Localization/Localization/LocalizationEditor_Terms.cs' contains partial class of Unity.Object, exactly 1 of the partial classes needs to be in a file with the same filename. This is to know the one that can be referenced from ie. GameObjects
'Assets/ZFramework/Editor/Localization/Localization/LocalizationEditor_Warnings.cs' contains partial class of Unity.Object, exactly 1 of the partial classes needs to be in a file with the same filename. This is to know the one that can be referenced from ie. GameObjects
'Assets/ZFramework/Editor/Localization/Localization/LocalizationEditor_Tools_Scenes.cs' contains partial class of Unity.Object, exactly 1 of the partial classes needs to be in a file with the same filename. This is to know the one that can be referenced from ie. GameObjects
'Assets/ZFramework/Editor/Localization/Inspectors/LocalizationEditor.cs' contains partial class of Unity.Object, exactly 1 of the partial classes needs to be in a file with the same filename. This is to know the one that can be referenced from ie. GameObjects
'Assets/ZFramework/Editor/Localization/Localization/LocalizationEditor_Spreadsheet_Local.cs' contains partial class of Unity.Object, exactly 1 of the partial classes needs to be in a file with the same filename. This is to know the one that can be referenced from ie. GameObjects
'Assets/ZFramework/Editor/Localization/Localization/LocalizationEditor.cs' contains partial class of Unity.Object, exactly 1 of the partial classes needs to be in a file with the same filename. This is to know the one that can be referenced from ie. GameObjects
'Assets/ZFramework/Editor/Localization/Localization/LocalizationEditor_Tools_Script.cs' contains partial class of Unity.Object, exactly 1 of the partial classes needs to be in a file with the same filename. This is to know the one that can be referenced from ie. GameObjects
'Assets/ZFramework/Editor/Localization/Localization/LocalizationEditor_Spreadsheet_Google.cs' contains partial class of Unity.Object, exactly 1 of the partial classes needs to be in a file with the same filename. This is to know the one that can be referenced from ie. GameObjects
'Assets/ZFramework/Editor/Localization/Localization/LocalizationEditor_Tools.cs' contains partial class of Unity.Object, exactly 1 of the partial classes needs to be in a file with the same filename. This is to know the one that can be referenced from ie. GameObjects
Importing 'GUID: 00000000000000001000000000000000 - Path: Assets' with importer (DefaultImporter)
Imported 'GUID: 00000000000000001000000000000000' -> (Import Result ID: 'd4b99c274a2bfd195a0fab07a219813d') in 0.011 seconds [static dependencies only]. Details - ImportResultOutputID=931399766a3d35f20ee4474945b75a67 DependenciesID=b70de132a7282aafa7414a97dcffc9e1 StaticDependenciesID=f5f353ad10b41c84dbd766055d9989c6 
Importing 'GUID: 00000000000000002000000000000000 - Path: ProjectSettings/InputManager.asset' with importer (LibraryAssetImporter)
Imported 'GUID: 00000000000000002000000000000000' -> (Import Result ID: '7aa4e3448ab7250e7cd4fbb77f669d89') in 0.002 seconds [static dependencies only]. Details - ImportResultOutputID=0290babc70dea6fa2c98f564a251f1f8 DependenciesID=82ab147b24059d42f37a68d3936360ce StaticDependenciesID=61b433426c66eb23c213d3a81bfdfd96 
Importing 'GUID: 00000000000000003000000000000000 - Path: ProjectSettings/TagManager.asset' with importer (LibraryAssetImporter)
Imported 'GUID: 00000000000000003000000000000000' -> (Import Result ID: '49b979b6b6ad810348e2fdd1d9a54e5c') in 0.000 seconds [static dependencies only]. Details - ImportResultOutputID=fd6696bcbef029973bb12ace65e33982 DependenciesID=43d94c991637691d093b51db8e0c2e5d StaticDependenciesID=1d3a7db5ac938d9e6e49642c9d05778e 
Importing 'GUID: 00000000000000004000000000000000 - Path: ProjectSettings/ProjectSettings.asset' with importer (LibraryAssetImporter)
Imported 'GUID: 00000000000000004000000000000000' -> (Import Result ID: '05af4537f3964d840ffb3568fb59225b') in 0.000 seconds [static dependencies only]. Details - ImportResultOutputID=276a810dac73e1f29404d5e5f692e214 DependenciesID=4829fc54ca2ecda45062fc9b1503299b StaticDependenciesID=03de06cb01e712c257153111d3ec2efe 
Importing 'GUID: 00000000000000006000000000000000 - Path: ProjectSettings/AudioManager.asset' with importer (LibraryAssetImporter)
Imported 'GUID: 00000000000000006000000000000000' -> (Import Result ID: '560728874b80ba15d3ca2bc6ce83fc0b') in 0.000 seconds [static dependencies only]. Details - ImportResultOutputID=acca44841ee8003c72d524064efb6e35 DependenciesID=9a2ef97f2c632450e3ca1a050f130576 StaticDependenciesID=1f5798f95b68d6e339b504cd2bb2ede3 
Importing 'GUID: 00000000000000007000000000000000 - Path: ProjectSettings/TimeManager.asset' with importer (LibraryAssetImporter)
Imported 'GUID: 00000000000000007000000000000000' -> (Import Result ID: '3732378f8d485cebd3a4df65c4c788f2') in 0.000 seconds [static dependencies only]. Details - ImportResultOutputID=bcbe57e6eed4f14d697ceae3e9a4ee48 DependenciesID=f19515b75c2b97776661535e588b53cf StaticDependenciesID=adf8802d66a5f75038fe368206919e06 
Importing 'GUID: 00000000000000008000000000000000 - Path: ProjectSettings/DynamicsManager.asset' with importer (LibraryAssetImporter)
Imported 'GUID: 00000000000000008000000000000000' -> (Import Result ID: '04047f4daca52efbdd0e88172255e54b') in 0.000 seconds [static dependencies only]. Details - ImportResultOutputID=af765d07e318cf68f695edacf91778bd DependenciesID=9f5620d80e0d630a9f258b7161dfbd38 StaticDependenciesID=71d6d52077a56650747548685f1416af 
Importing 'GUID: 00000000000000009000000000000000 - Path: ProjectSettings/QualitySettings.asset' with importer (LibraryAssetImporter)
Imported 'GUID: 00000000000000009000000000000000' -> (Import Result ID: '77317969a68809faddaa0647a2284654') in 0.000 seconds [static dependencies only]. Details - ImportResultOutputID=7b12711da11c94ad897442b4820d3f7b DependenciesID=d0de8bd3f43080e7dcd26f62313bdf5d StaticDependenciesID=2d28a979571fb97624e96743ac140bf8 
Importing 'GUID: 0000000000000000b000000000000000 - Path: ProjectSettings/EditorBuildSettings.asset' with importer (LibraryAssetImporter)
Imported 'GUID: 0000000000000000b000000000000000' -> (Import Result ID: 'e1a510cbb19c45d943c25b7d4f6f408e') in 0.000 seconds [static dependencies only]. Details - ImportResultOutputID=4647dd083cfc32cebcd7526e8846440c DependenciesID=49e1bc4885665bcbd2a01ccc4dbc8625 StaticDependenciesID=ac937e6e58fc80cc8f22118084779ae9 
Importing 'GUID: 0000000000000000c000000000000000 - Path: ProjectSettings/EditorSettings.asset' with importer (LibraryAssetImporter)
Imported 'GUID: 0000000000000000c000000000000000' -> (Import Result ID: 'b7a2be35adc6e00c2dc5d879714635a4') in 0.000 seconds [static dependencies only]. Details - ImportResultOutputID=fc08cc28cef36a03227c22ef67b54535 DependenciesID=306f7e82c40d384a68611d858083017b StaticDependenciesID=e29e93b410a0f2c0b5b74dd07d82b5a0 
Importing 'GUID: 00000000000000004100000000000000 - Path: ProjectSettings/NavMeshAreas.asset' with importer (LibraryAssetImporter)
Imported 'GUID: 00000000000000004100000000000000' -> (Import Result ID: 'e9e52f67e6d0891dfdd2d1bf198abd97') in 0.000 seconds [static dependencies only]. Details - ImportResultOutputID=90afd57cd2fd79df9534381ff5673272 DependenciesID=d05a8dd0eab1b99db176846b79fb57aa StaticDependenciesID=81d9dfd59ec8c35f67b957190efee0ce 
Importing 'GUID: 00000000000000005100000000000000 - Path: ProjectSettings/Physics2DSettings.asset' with importer (LibraryAssetImporter)
Imported 'GUID: 00000000000000005100000000000000' -> (Import Result ID: '51ce2bc57958fe1d07069918765e30b9') in 0.000 seconds [static dependencies only]. Details - ImportResultOutputID=51a8098361d5b0c1ab07bfc06e51f152 DependenciesID=a298c4d90e921f4d2582e8ad1b380d65 StaticDependenciesID=279f5fb94d87ab0f56fcc453a12d15dd 
Importing 'GUID: 00000000000000006100000000000000 - Path: ProjectSettings/GraphicsSettings.asset' with importer (LibraryAssetImporter)
Imported 'GUID: 00000000000000006100000000000000' -> (Import Result ID: '7720f14f00d78f8a795f0a9842a05a48') in 0.000 seconds [static dependencies only]. Details - ImportResultOutputID=f9600466f06a676b7a4f639f6629ea48 DependenciesID=01392a070f10bbe32daf37c51db8d03a StaticDependenciesID=4b72215390248f7b1ec542611c073556 
Importing 'GUID: 00000000000000007100000000000000 - Path: ProjectSettings/ClusterInputManager.asset' with importer (LibraryAssetImporter)
Imported 'GUID: 00000000000000007100000000000000' -> (Import Result ID: 'fa34f992a25fe160c8e79ed97737c6e1') in 0.000 seconds [static dependencies only]. Details - ImportResultOutputID=8ce0cedd10b8cd8471ed9838bfc872ed DependenciesID=10399e64a96b54dec80d32c113b19592 StaticDependenciesID=71ccd970ad3ca52ec0635967e47b24c2 
Importing 'GUID: 0000000000000000a100000000000000 - Path: ProjectSettings/UnityConnectSettings.asset' with importer (LibraryAssetImporter)
Imported 'GUID: 0000000000000000a100000000000000' -> (Import Result ID: '2ab8de103a0ec7c8efeb24cecb587a63') in 0.000 seconds [static dependencies only]. Details - ImportResultOutputID=1989c27f310e62ee2c72d63f16a698d0 DependenciesID=3db8e4d4638dc2b03f906dee899e3b63 StaticDependenciesID=3be87d7bab089d44ff838fc166d9d57b 
Importing 'GUID: 0000000000000000b100000000000000 - Path: ProjectSettings/PresetManager.asset' with importer (LibraryAssetImporter)
Imported 'GUID: 0000000000000000b100000000000000' -> (Import Result ID: 'a2ea5fff6b675178db921a808a64a3c9') in 0.000 seconds [static dependencies only]. Details - ImportResultOutputID=d271a469f14af9d29dbd89abc966f7ef DependenciesID=f4dcc3d37434f73c0bd6b4df3acf0a96 StaticDependenciesID=c24faacacc55bc0836190581ceff7553 
Importing 'GUID: 0000000000000000c100000000000000 - Path: ProjectSettings/VFXManager.asset' with importer (LibraryAssetImporter)
Imported 'GUID: 0000000000000000c100000000000000' -> (Import Result ID: 'ebeaf051b074c3d421713e9c52161a09') in 0.000 seconds [static dependencies only]. Details - ImportResultOutputID=d5b1cc1b236d3087c4a5fc9e9cb18618 DependenciesID=4e8502ddd6d77d774834cac229c77ce1 StaticDependenciesID=dc49100fe248845a8e328278e077fd88 
Importing 'GUID: 0000000000000000d100000000000000 - Path: ProjectSettings/VersionControlSettings.asset' with importer (LibraryAssetImporter)
Imported 'GUID: 0000000000000000d100000000000000' -> (Import Result ID: '154fc59b6a68aeadd916625d558c84d4') in 0.000 seconds [static dependencies only]. Details - ImportResultOutputID=0a19189542c4b1aa9afad4d76b36cbef DependenciesID=2889086bd64ef65618f5780114db3dc4 StaticDependenciesID=aabdf2b660d1e31e73c767d51348ca2c 
Importing 'GUID: 0000000000000000f100000000000000 - Path: ProjectSettings/MemorySettings.asset' with importer (LibraryAssetImporter)
Imported 'GUID: 0000000000000000f100000000000000' -> (Import Result ID: '871f1c87d30a2d92110c45e777a1c74c') in 0.000 seconds [static dependencies only]. Details - ImportResultOutputID=078c9215d0d3f7dcc6c2ea9c2e21e93e DependenciesID=f4d815b7e1078555505a3a514694fabf StaticDependenciesID=4d4490a7784045037b9f82c8cb6b5c50 
Importing 'GUID: 00000000000000000200000000000000 - Path: ProjectSettings/MultiplayerManager.asset' with importer (LibraryAssetImporter)
Imported 'GUID: 00000000000000000200000000000000' -> (Import Result ID: '6e3bb7f61b2e132c4c79fbeb19a1d328') in 0.000 seconds [static dependencies only]. Details - ImportResultOutputID=cc8bc420ff0fb13a9534be625b324364 DependenciesID=64d1db0c7eff66154c45d867da4ad13d StaticDependenciesID=5a00061f5d03ec70885cdd29485be38f 
Importing 'GUID: 00000000000000001200000000000000 - Path: ProjectSettings/PhysicsCoreProjectSettings2D.asset' with importer (LibraryAssetImporter)
Imported 'GUID: 00000000000000001200000000000000' -> (Import Result ID: '7db99f4ef78df8eea254cce16e190be4') in 0.000 seconds [static dependencies only]. Details - ImportResultOutputID=07b8874da21d0d67c4347d012422ba62 DependenciesID=c35a41b4dbc5a4a21cd219ec06d595b2 StaticDependenciesID=d7f6b6ebc14df93041ab7a97c0c9c64b 
Importing 'GUID: 00000000000000002300000000000000 - Path: Library/BuildInstructions' with importer (DefaultImporter)
Imported 'GUID: 00000000000000002300000000000000' -> (Import Result ID: 'd414f514f549833c39aae7152c59aeb3') in 0.001 seconds [static dependencies only]. Details - ImportResultOutputID=d2da4dbe7433590953d90148eb4e1f22 DependenciesID=f91b153018f3a82b66ea2319cf957f42 StaticDependenciesID=ef352f98b66d8f5b312774c3ee71f599 
Importing 'GUID: c060426bfd6e82575228df6656368eaa - Path: Packages/com.unity.modules.imgui' with importer (DefaultImporter)
Imported 'GUID: c060426bfd6e82575228df6656368eaa' -> (Import Result ID: 'cf02847ceec7d2872cfd3abefa14549b') in 0.002 seconds [static dependencies only]. Details - ImportResultOutputID=dcc23da4b16b268ee6e83200b7ebb805 DependenciesID=2086ddccde2e6fbd24cff6207f712388 StaticDependenciesID=dcfbfa33c460c8bce2fbeaa89284fa4b 
Importing 'GUID: 1158e311a3101950348dcecb1bebc42d - Path: Packages/com.unity.modules.animation' with importer (DefaultImporter)
Imported 'GUID: 1158e311a3101950348dcecb1bebc42d' -> (Import Result ID: 'e37b81a46bcef9cbe7d6da2c7722799c') in 0.001 seconds [static dependencies only]. Details - ImportResultOutputID=7f760e80e4376f4e2af6163c51483957 DependenciesID=33f806035b03395b7cd71586c052efa7 StaticDependenciesID=d58e4e925b4477ec3fc56266dda92cb7 
Importing 'GUID: 515638b803bef8599dbd6d5c8bdaa53e - Path: Packages/com.unity.modules.xr' with importer (DefaultImporter)
Imported 'GUID: 515638b803bef8599dbd6d5c8bdaa53e' -> (Import Result ID: 'f58d699fd78b48df6f7b684ee0fec26b') in 0.002 seconds [static dependencies only]. Details - ImportResultOutputID=4287b6c9de175897d57f5d0f89be5f52 DependenciesID=70fc0679b0d07239c2400ea969970978 StaticDependenciesID=14dc3a32c9be63acfb43cbd973f867b9 
Importing 'GUID: 8103ffa70885fa3489c5f945c685f89c - Path: Assets/Launcher' with importer (DefaultImporter)
Imported 'GUID: 8103ffa70885fa3489c5f945c685f89c' -> (Import Result ID: '26bf5829283b46e586e7c964bf296c5d') in 0.001 seconds [static dependencies only]. Details - ImportResultOutputID=8c0f2b52956ec0f3a26dfd505a94bd5e DependenciesID=1726d874ca26b08b6f18e2911f8f5af9 StaticDependenciesID=c0aecdf97f766314b15686cc24253e65 
Importing 'GUID: 91dd1d29dbbd42e994067eb06725d6f5 - Path: Packages/com.zframework.ecs' with importer (DefaultImporter)
Imported 'GUID: 91dd1d29dbbd42e994067eb06725d6f5' -> (Import Result ID: 'bbd42d5165f587d27de4ebac1cfa71fd') in 0.001 seconds [static dependencies only]. Details - ImportResultOutputID=de0919ffa744a29974bb35f15da9fd07 DependenciesID=460939609ea52f712a111a3420d4f2c8 StaticDependenciesID=2d2d271eddecbc58ae89e5fba6fdddad 
Importing 'GUID: b219c86ce508e478367c0a46e1aa9fe4 - Path: Packages/com.unity.modules.assetbundle' with importer (DefaultImporter)
Imported 'GUID: b219c86ce508e478367c0a46e1aa9fe4' -> (Import Result ID: 'e407681b1bca06d4ee80ffd67027d990') in 0.002 seconds [static dependencies only]. Details - ImportResultOutputID=89494b4b6b631d330268aeb9dacd9e16 DependenciesID=49321cd40391b47dca923c46a0b51cd4 StaticDependenciesID=f0921b01574508825a731309420aac3e 
Importing 'GUID: 131a6b21c8605f84396be9f6751fb6e3 - Path: Assets/Scenes' with importer (DefaultImporter)
Imported 'GUID: 131a6b21c8605f84396be9f6751fb6e3' -> (Import Result ID: '3d8652c83d6b99f04a4b155bc5a908a9') in 0.001 seconds [static dependencies only]. Details - ImportResultOutputID=b74ee54f68d3271d941656f440805f2a DependenciesID=134e3deec8b4afc70ae7813b783c6ef9 StaticDependenciesID=0427d624ded48eadb41d0d9bbb790c26 
Importing 'GUID: 0433f6d2285e24446bc3a29621e86f7d - Path: Assets/ZFramework' with importer (DefaultImporter)
Imported 'GUID: 0433f6d2285e24446bc3a29621e86f7d' -> (Import Result ID: 'eb411a0f4f638860eb9d31b3a3077714') in 0.001 seconds [static dependencies only]. Details - ImportResultOutputID=46b09fbde44a686d299da648c8d2f0d6 DependenciesID=86bb3e654245843d899eccdb914647ee StaticDependenciesID=1545ce8f05644b6ece64b0103683e059 
Importing 'GUID: 04c6898809c37620ac863cc2a5d7c4d0 - Path: Packages/com.unity.modules.vectorgraphics' with importer (DefaultImporter)
Imported 'GUID: 04c6898809c37620ac863cc2a5d7c4d0' -> (Import Result ID: '7bdc20d0b18267a5e9124ff29a87609f') in 0.002 seconds [static dependencies only]. Details - ImportResultOutputID=3855432a71b0a738524e2b907e4a06f1 DependenciesID=c7668d1b1f42ace2a16d41bf0365eaac StaticDependenciesID=db47898b496856ae70e47157d5480627 
Importing 'GUID: 5469ef0820152a4ae45d400fdc4626e4 - Path: Packages/com.unity.modules.screencapture' with importer (DefaultImporter)
Imported 'GUID: 5469ef0820152a4ae45d400fdc4626e4' -> (Import Result ID: '1e9d2faeef0c157dc048cd69028c8f55') in 0.001 seconds [static dependencies only]. Details - ImportResultOutputID=883c2ddc1cc8ab47552769d7d10ec20e DependenciesID=e8d1b1ac77d92bb2a277bde4b7864921 StaticDependenciesID=2d36e1f7d4053f2b93ff7495a5c1dde9 
Importing 'GUID: c4df1124e2787ee0c8d1a911de17ee73 - Path: Packages/com.unity.modules.cloth' with importer (DefaultImporter)
Imported 'GUID: c4df1124e2787ee0c8d1a911de17ee73' -> (Import Result ID: 'f703972abcd8febed3f7f9df75e5b803') in 0.001 seconds [static dependencies only]. Details - ImportResultOutputID=02c3e07e14f3716325ca51811cb4ad59 DependenciesID=2a5f4431052ca721706216f2f8a6ee32 StaticDependenciesID=b75deedee1f8f832d07395b027bce037 
Importing 'GUID: 850c54ee0b9e1aa740b1c67792eb1f26 - Path: Packages/com.unity.modules.imageconversion' with importer (DefaultImporter)
Imported 'GUID: 850c54ee0b9e1aa740b1c67792eb1f26' -> (Import Result ID: '2973994bee36aa97d9443168268f47e9') in 0.002 seconds [static dependencies only]. Details - ImportResultOutputID=5e29084e34474b819d3f42b6f87fa2f1 DependenciesID=d080164e34df1d295815550b352c546e StaticDependenciesID=ead3b0fca67d215d683803a221eebd27 
Importing 'GUID: 95f85adeda79e994f011eb2152cf4fc9 - Path: Packages/com.unity.modules.terrainphysics' with importer (DefaultImporter)
Imported 'GUID: 95f85adeda79e994f011eb2152cf4fc9' -> (Import Result ID: '6b3d168146bf8e99412fa9e0055a7282') in 0.001 seconds [static dependencies only]. Details - ImportResultOutputID=066c7237bacce3d1fed9fa88ce895dc2 DependenciesID=e017dd36d9f1bed8083509adb3604cab StaticDependenciesID=d0d45621b6c1d9f84f4da190cee09523 
Importing 'GUID: a5a20a36fab5ed4fc023d92d2ac579fb - Path: Packages/com.unity.nuget.newtonsoft-json' with importer (DefaultImporter)
Imported 'GUID: a5a20a36fab5ed4fc023d92d2ac579fb' -> (Import Result ID: '9d8032214a95334503e693ae3548a37a') in 0.002 seconds [static dependencies only]. Details - ImportResultOutputID=1f0f4a14a5340d3799f666b64e1dc430 DependenciesID=00ffcc3476686d5f3041cf98e8ce31d4 StaticDependenciesID=86f54b8f8335d8c84b6bfd46f39be31a 
Importing 'GUID: c522a644a29fcab2eaf63298c118a65b - Path: Packages/com.unity.modules.unitywebrequest' with importer (DefaultImporter)
Imported 'GUID: c522a644a29fcab2eaf63298c118a65b' -> (Import Result ID: '6f13bdefcd37409ac301686699b63ea3') in 0.001 seconds [static dependencies only]. Details - ImportResultOutputID=bd84e5c0828c0c958fda12361a6931c4 DependenciesID=b06d11930b7a96881eb3a24d68d1c685 StaticDependenciesID=7c352e29047f83b2302c120040a82237 
Importing 'GUID: d5f0b0adc6826e9dd3b72e292e8438be - Path: Packages/com.unity.modules.unitywebrequestassetbundle' with importer (DefaultImporter)
Imported 'GUID: d5f0b0adc6826e9dd3b72e292e8438be' -> (Import Result ID: 'ccae98511501a3691a4f28c9305395d0') in 0.002 seconds [static dependencies only]. Details - ImportResultOutputID=28545450f0f8fe7184e75065d2eaebce DependenciesID=40d41d9cefabd5f5eb8b5cfd4ef24fd9 StaticDependenciesID=d6e47b92f5e066bd6d04c17b2d205096 
Importing 'GUID: f54d1bd14bd3ca042bd867b519fee8cc - Path: Assets/TextMesh Pro' with importer (DefaultImporter)
Imported 'GUID: f54d1bd14bd3ca042bd867b519fee8cc' -> (Import Result ID: '1cd7125145f4a12aaa75c8a41e6bbc2c') in 0.001 seconds [static dependencies only]. Details - ImportResultOutputID=557aa16bff1fbbdf58ca7fb84f237fd8 DependenciesID=3ac41329f740eeded2f028bb76d847b9 StaticDependenciesID=158bc26bd06b35b05493cca886f22bb6 
Importing 'GUID: 56b94a5b6990c879bb0f057719d1064b - Path: Packages/com.unity.modules.subsystems' with importer (DefaultImporter)
Imported 'GUID: 56b94a5b6990c879bb0f057719d1064b' -> (Import Result ID: '529ebfa03ce4541f897f33e6f5074f1d') in 0.002 seconds [static dependencies only]. Details - ImportResultOutputID=0e619aa1d83b61217ae2e97dfc45d4e9 DependenciesID=925e5732c1c98f399754db5bb23eb76d StaticDependenciesID=6c3bc4fc02fdaa9feb3eece9fe8a9cec 
Importing 'GUID: d6c6a000a805f00649b36b542e8426c2 - Path: Packages/com.unity.modules.unityanalytics' with importer (DefaultImporter)
Imported 'GUID: d6c6a000a805f00649b36b542e8426c2' -> (Import Result ID: '1c0e803e42edb58e775fdf8c1ada7c9a') in 0.002 seconds [static dependencies only]. Details - ImportResultOutputID=bf660bcbf114683b66648691531e6d07 DependenciesID=89197de4bd5cc31d5c7bae3fe24cbcde StaticDependenciesID=3a4a7534c9788a0496ca97804124d881 
Importing 'GUID: d6db7caf2e852b75ebb9c6098418179c - Path: Packages/com.unity.modules.physics' with importer (DefaultImporter)
Imported 'GUID: d6db7caf2e852b75ebb9c6098418179c' -> (Import Result ID: '17efe42b4d253215f7ce1c4062aa0c38') in 0.002 seconds [static dependencies only]. Details - ImportResultOutputID=ca9e398e0fe23d8852b03b4ef733b883 DependenciesID=e2c39f0a5de8ad2594cb338b7658e6b8 StaticDependenciesID=c62fb84fdcd1e94d00277c1c40c3739f 
Importing 'GUID: 17f2a06b8ea4336469f3c10618049d55 - Path: Assets/Plugins' with importer (DefaultImporter)
Imported 'GUID: 17f2a06b8ea4336469f3c10618049d55' -> (Import Result ID: '5c3594f6173f334db5342a2c737849dd') in 0.001 seconds [static dependencies only]. Details - ImportResultOutputID=ad454cbcbcd1e3874198407af455da78 DependenciesID=3f4943b689f75f581d273243497b9758 StaticDependenciesID=d971a9964a3d4deda46e62bfed51abe1 
Importing 'GUID: 171f377ee8c675e6b5af2477420bcfaf - Path: Packages/com.zframework.rts' with importer (DefaultImporter)
Imported 'GUID: 171f377ee8c675e6b5af2477420bcfaf' -> (Import Result ID: '8ae8720e8af530e1ae04026a881b0a6a') in 0.001 seconds [static dependencies only]. Details - ImportResultOutputID=1cf9450f5655723bc52fb4b04b6b6c5b DependenciesID=1aefa339b75ad017cd9fe49827878ed4 StaticDependenciesID=24d47fc5cedbf1d0bd4ae07471792322 
Importing 'GUID: 37e24e6a78fa1f81f8c5c28d5214fa86 - Path: Packages/com.unity.ai.navigation' with importer (DefaultImporter)
Imported 'GUID: 37e24e6a78fa1f81f8c5c28d5214fa86' -> (Import Result ID: 'd21ad9edad5d6bcb37748003866a8dc2') in 0.001 seconds [static dependencies only]. Details - ImportResultOutputID=04654783c3ee71aec1da166fa9dd4751 DependenciesID=9949204a75cc6380b7117c83eded9936 StaticDependenciesID=457e570a1d4a4835e8e332ba3c203928 
Importing 'GUID: 376c84ea405e0f2b80562c23bb977216 - Path: Packages/com.unity.modules.physics2d' with importer (DefaultImporter)
Imported 'GUID: 376c84ea405e0f2b80562c23bb977216' -> (Import Result ID: 'e16f02c29d3dea367ecb900153c73915') in 0.001 seconds [static dependencies only]. Details - ImportResultOutputID=3c523e0fa92287aeca10533038c4ad8c DependenciesID=6bb4f8083248eac4b0dc6f99b652bbce StaticDependenciesID=f9ac984a12928ed37980ddae896e5092 
Importing 'GUID: 57c217ccee578d64ca627eb6f63e6503 - Path: Assets/AssetArt' with importer (DefaultImporter)
Imported 'GUID: 57c217ccee578d64ca627eb6f63e6503' -> (Import Result ID: 'd6d97e92dc4fc5769f362ea111ab3569') in 0.002 seconds [static dependencies only]. Details - ImportResultOutputID=acd2688ca2e3bfc4e6c745b7b27c93c5 DependenciesID=bd0028d18b16c4992d2e2df2dcf8f44f StaticDependenciesID=ca2ddef085e7ea233b62304fe7313236 
Importing 'GUID: b77b1ad9c05af0412725856c6c53b037 - Path: Packages/com.unity.modules.wind' with importer (DefaultImporter)
Imported 'GUID: b77b1ad9c05af0412725856c6c53b037' -> (Import Result ID: '694b941601afae996ece1a250d52d92b') in 0.001 seconds [static dependencies only]. Details - ImportResultOutputID=20914c3eb4d4a40f977811ac372be123 DependenciesID=d21b8e17cfb8e89fe6ce6b17ce9c8244 StaticDependenciesID=46ac7d1af46c22898a1232f313b934ef 
Importing 'GUID: e7a16acd9ae173b6978ff156e4716112 - Path: Packages/com.cysharp.unitask' with importer (DefaultImporter)
Imported 'GUID: e7a16acd9ae173b6978ff156e4716112' -> (Import Result ID: 'a7da197ef8255949266ad385d4504227') in 0.002 seconds [static dependencies only]. Details - ImportResultOutputID=8e4cadfe31eb7200b1aba2bfbd092e34 DependenciesID=f094ef6b75fee519686feeb7b5138712 StaticDependenciesID=3a843452796653cc717073bcbb44b049 
Importing 'GUID: 2808ba6bccb2478ec9c7209d8bf1f3cc - Path: Packages/com.unity.modules.uielements' with importer (DefaultImporter)
Imported 'GUID: 2808ba6bccb2478ec9c7209d8bf1f3cc' -> (Import Result ID: '5e5dfe08c6a00c900cfe4fcfce3b78a1') in 0.001 seconds [static dependencies only]. Details - ImportResultOutputID=43ac9c1bd0c2e88ddb17cc3ac3d457f4 DependenciesID=6331dea1aa9bb31237c64de3af52db43 StaticDependenciesID=59202ada8d9ed2d8790f39d1af247fa9 
Importing 'GUID: 38e3a8976f0b9c586b6dfbcef4e4066c - Path: Packages/com.unity.modules.unitywebrequestaudio' with importer (DefaultImporter)
Imported 'GUID: 38e3a8976f0b9c586b6dfbcef4e4066c' -> (Import Result ID: 'c54f3cdcd0a0a53c728a8f6a4bf8e805') in 0.002 seconds [static dependencies only]. Details - ImportResultOutputID=fa5586dfb87647a6c685707600b86782 DependenciesID=d3b8e77c9c0813b337d35585e0cd8dac StaticDependenciesID=48a2720e21e8eb8eca255939c5f3eb1d 
Importing 'GUID: 48b10b41f58d5b49717f376cda59eeb8 - Path: Packages/com.unity.modules.particlesystem' with importer (DefaultImporter)
Imported 'GUID: 48b10b41f58d5b49717f376cda59eeb8' -> (Import Result ID: '2ca99f43dcc60f64cbde6b09dd836276') in 0.001 seconds [static dependencies only]. Details - ImportResultOutputID=bbc465d3d6faacd80c5d2d6b9e298635 DependenciesID=c5895581a6d08af4451e2d20e825f0d5 StaticDependenciesID=81558f2015053653d61c0994543e82b3 
Importing 'GUID: b848682820b54a2489d0fb9773d94ba7 - Path: Assets/TurnBasedPack' with importer (DefaultImporter)
Imported 'GUID: b848682820b54a2489d0fb9773d94ba7' -> (Import Result ID: '041aadf25cd61e5788f60d9625d0539b') in 0.002 seconds [static dependencies only]. Details - ImportResultOutputID=ca1b77fbedfc2acd4107b0a7582e13fb DependenciesID=c3f88dd869fd49cb1575aceb4edd2862 StaticDependenciesID=f06d6d92039d6b3503c64bbffec31d50 
Importing 'GUID: 09e28640d754a611467eebfb261ed749 - Path: Packages/com.unity.modules.tilemap' with importer (DefaultImporter)
Imported 'GUID: 09e28640d754a611467eebfb261ed749' -> (Import Result ID: '56df1fb7932ed758e22709161024465f') in 0.001 seconds [static dependencies only]. Details - ImportResultOutputID=84462fd97657c416dad9f0a01ba73192 DependenciesID=09aca3cc367571eb90d49da11da39372 StaticDependenciesID=f2c3c73202e22cf06daeb9dd58ae6eae 
Importing 'GUID: 29c624825455f0180c0321aff771cfde - Path: Packages/com.unity.scriptablebuildpipeline' with importer (DefaultImporter)
Imported 'GUID: 29c624825455f0180c0321aff771cfde' -> (Import Result ID: 'e5f1a0621bbfb495be9ed678bc9351db') in 0.002 seconds [static dependencies only]. Details - ImportResultOutputID=20dfbabd3f933a6b7ff4990d127e9f97 DependenciesID=e32e4fcca0bdab8a991c6bbc7a94ccb5 StaticDependenciesID=5622e9bf2d161a113066454ad422ac7e 
Importing 'GUID: 39728903e57c60021f80449a8bbc0096 - Path: Packages/com.unity.modules.ui' with importer (DefaultImporter)
Imported 'GUID: 39728903e57c60021f80449a8bbc0096' -> (Import Result ID: 'aafd74a4e55e642d1ea0f795f6444b28') in 0.001 seconds [static dependencies only]. Details - ImportResultOutputID=d7a4a57fb3c24edd8687328a72cff587 DependenciesID=5ad4483b2dacaca3bc3cdbfd4283033a StaticDependenciesID=6f9d30d0da8c720154437b2dbfc538a9 
Importing 'GUID: 59f8b4afa660f6409607b23da4cf44d8 - Path: Packages/com.leonz.z-editor-tools' with importer (DefaultImporter)
Imported 'GUID: 59f8b4afa660f6409607b23da4cf44d8' -> (Import Result ID: 'aeaced3e02fa0f2e2fd4e5c7dc0b4e0c') in 0.002 seconds [static dependencies only]. Details - ImportResultOutputID=cb35838bf0dc8f2684fa7c847340406e DependenciesID=c3b33f33d050678e484ab9f01d374fef StaticDependenciesID=614bb350286f5dbedb55493f0d44d84f 
Importing 'GUID: 99d76ad9ce2bfa045a9c57059d568ea8 - Path: Assets/Prefabs' with importer (DefaultImporter)
Imported 'GUID: 99d76ad9ce2bfa045a9c57059d568ea8' -> (Import Result ID: '243a2aea3b81d41fc4fb79a7669c6be9') in 0.002 seconds [static dependencies only]. Details - ImportResultOutputID=72cc023c4631645f65f642574da82f0d DependenciesID=b7741c2e4100261703727d0a7a2db86a StaticDependenciesID=1a1ffd57e23fbd959c579cf667a8b43c 
Importing 'GUID: 995c08a3305ff9f0dab5e86f340bd9a7 - Path: Packages/com.unity.modules.androidjni' with importer (DefaultImporter)
Imported 'GUID: 995c08a3305ff9f0dab5e86f340bd9a7' -> (Import Result ID: '701f2d40c085a88e5be25bb90837fc1e') in 0.001 seconds [static dependencies only]. Details - ImportResultOutputID=30c3e7dc197ceabd471c943bc8eba608 DependenciesID=425c20ce60374642a724cdff7fd24253 StaticDependenciesID=ad97d0fc3477242b18c560757f4d1e58 
Importing 'GUID: b975297a992381c1f3257d0e96892c8a - Path: Packages/com.unity.modules.adaptiveperformance' with importer (DefaultImporter)
Imported 'GUID: b975297a992381c1f3257d0e96892c8a' -> (Import Result ID: 'a2e6bef6ef548c7d281ffe438d4bf9e6') in 0.001 seconds [static dependencies only]. Details - ImportResultOutputID=7f7b3e23eb4697a89925ff793958e5e5 DependenciesID=704994437ad72b75b63f683e3e2c8b77 StaticDependenciesID=7c76e8507c36e23af3851bdc0b54b4ca 
Importing 'GUID: c9ce1056100c0ed5acc53db80e59ca6f - Path: Packages/com.leonz.scene-tools' with importer (DefaultImporter)
Imported 'GUID: c9ce1056100c0ed5acc53db80e59ca6f' -> (Import Result ID: '08de364a5a0fdc389d9a67bbc5ea672d') in 0.001 seconds [static dependencies only]. Details - ImportResultOutputID=646e9d4e1ab379ac34e8f536d76f9689 DependenciesID=f934cb8b309cd8d6caf2dc7dc16be9df StaticDependenciesID=dc75988dd6baa5cbe90d35d47cf29065 
Importing 'GUID: 3a1150f70d987224e9441c689a8a7b56 - Path: Assets/StreamingAssets' with importer (DefaultImporter)
Imported 'GUID: 3a1150f70d987224e9441c689a8a7b56' -> (Import Result ID: '33179fa7fdedeac97c0d13b62012866a') in 0.002 seconds [static dependencies only]. Details - ImportResultOutputID=b53f7518063593286663f3a07c847f83 DependenciesID=89a7dcd57cd7fd44acdc9dcfd4122f51 StaticDependenciesID=3bd64268d1c23fc986fc2268f3c30faa 
Importing 'GUID: 1b35096feecdb5a4d894aa81a28f72e5 - Path: Assets/Editor' with importer (DefaultImporter)
Imported 'GUID: 1b35096feecdb5a4d894aa81a28f72e5' -> (Import Result ID: '0ac05ab7336d578041b5a7dfa610a400') in 0.001 seconds [static dependencies only]. Details - ImportResultOutputID=3a627452cef75208f18b7ca7a78d22b5 DependenciesID=76e7a040ae12f2567af16a7ca2e9aec9 StaticDependenciesID=06e3862a29482f55a6e863d30f3a6433 
Importing 'GUID: 2bb5377ae6a39364d0c2a610edfec0ac - Path: Packages/com.unity.ext.nunit' with importer (DefaultImporter)
Imported 'GUID: 2bb5377ae6a39364d0c2a610edfec0ac' -> (Import Result ID: '8c62662617f956d7ff66f193def322cf') in 0.001 seconds [static dependencies only]. Details - ImportResultOutputID=c78767a63990891a4478a565ac517aa7 DependenciesID=d0f7a8b8bdbfd142f3fa95540dcdcc49 StaticDependenciesID=8a52a7bd722f7aa823e5c5c73d314c1d 
Importing 'GUID: 6b81377a4453ba7362eb3322f9bcc6c6 - Path: Packages/com.unity.modules.hierarchycore' with importer (DefaultImporter)
Imported 'GUID: 6b81377a4453ba7362eb3322f9bcc6c6' -> (Import Result ID: 'd64e3c92d05cb8ab57cf9c34e8c0ee27') in 0.001 seconds [static dependencies only]. Details - ImportResultOutputID=75a6fa83ac96f5339da373cd4f5c6e37 DependenciesID=6193b8beab5ea5a327f9266eedb6d024 StaticDependenciesID=ffdda4d53d222e5716e68e647a732ae5 
Importing 'GUID: cbd3b5c6b2b01cacd78dd238ffcb662c - Path: Packages/com.unity.ugui' with importer (DefaultImporter)
Imported 'GUID: cbd3b5c6b2b01cacd78dd238ffcb662c' -> (Import Result ID: '27a916328ad5776612bc2ae58c9d79f3') in 0.001 seconds [static dependencies only]. Details - ImportResultOutputID=c72767b5d01fb09af993783f5c2a7f5b DependenciesID=64a77df92b6cdeeb9e3f89943517bf4c StaticDependenciesID=b8af7f449ccd4c41da90aa6ba3e0c8c2 
Importing 'GUID: 1cf2469083ffa484da4d78dd70d708e8 - Path: Packages/com.unity.modules.vehicles' with importer (DefaultImporter)
Imported 'GUID: 1cf2469083ffa484da4d78dd70d708e8' -> (Import Result ID: '2e9fd9e9a5feffab1804123071ae561d') in 0.001 seconds [static dependencies only]. Details - ImportResultOutputID=62c710cd8c5682c589eec3677adcbda2 DependenciesID=e94622adfb7f30fcccb41278fb8cae22 StaticDependenciesID=1bd9500d6d7a6d96ac8ece40c813da97 
Importing 'GUID: 7c3a047ecd3df324f8173b18e341b00c - Path: Assets/GameScripts' with importer (DefaultImporter)
Imported 'GUID: 7c3a047ecd3df324f8173b18e341b00c' -> (Import Result ID: '0124cb29c1e1d3ba3f2b603dccfa0449') in 0.002 seconds [static dependencies only]. Details - ImportResultOutputID=9c77b20a8243e4100d349e278771f18a DependenciesID=e34fcff1ab9c70bfb6d0d71cf007b6a2 StaticDependenciesID=d9feec168d148533ea01367d0a147057 
Importing 'GUID: 9c7c268fa6492449654839df69f2a2f4 - Path: Packages/com.unity.modules.umbra' with importer (DefaultImporter)
Imported 'GUID: 9c7c268fa6492449654839df69f2a2f4' -> (Import Result ID: 'c7c253ce33f96826bbf020e0df6ad6fb') in 0.001 seconds [static dependencies only]. Details - ImportResultOutputID=bf70ea01e70089eaf818b9fb19bb1807 DependenciesID=c796db5b8e8e1a9c947b5787f1a433df StaticDependenciesID=4ba5eab75bdc6e2df485b4ad7729e499 
Importing 'GUID: dcc8c6e92b172a65719af5ddf47dd968 - Path: Packages/com.unity.modules.unitywebrequestwww' with importer (DefaultImporter)
Imported 'GUID: dcc8c6e92b172a65719af5ddf47dd968' -> (Import Result ID: 'a3ca17c250abe56342bc7797897bf6a5') in 0.002 seconds [static dependencies only]. Details - ImportResultOutputID=1475fc509da6d933479c8ee5d6c4eeff DependenciesID=1ec5b0b7427f7eeba4f1c41dd9bc4cfe StaticDependenciesID=00265576cf1e789283eaa13f6ba70983 
Importing 'GUID: fc3a810351931f5e6183e16b9beb5563 - Path: Packages/com.unity.modules.jsonserialize' with importer (DefaultImporter)
Imported 'GUID: fc3a810351931f5e6183e16b9beb5563' -> (Import Result ID: 'f04351d90ee6b1c15aa201371d89b674') in 0.001 seconds [static dependencies only]. Details - ImportResultOutputID=65186f4186bf0f33d3946d1d6d75958c DependenciesID=fbc4bd1e3869dc653079edeac718e537 StaticDependenciesID=c1a4d4946c0840cd0516fcb984a36b78 
Importing 'GUID: 0db17fbd655db21bd0e4fd62e1d08da1 - Path: Packages/com.unity.ide.rider' with importer (DefaultImporter)
Imported 'GUID: 0db17fbd655db21bd0e4fd62e1d08da1' -> (Import Result ID: 'f76205a7839db5ab24355774a46ddd9c') in 0.002 seconds [static dependencies only]. Details - ImportResultOutputID=8be03d692c5f14a2b7b0dec4bbcd87d8 DependenciesID=92344f831ede7965663971095ba31379 StaticDependenciesID=fc593089caabe7a4cb156dfd1a899bed 
Importing 'GUID: 2d142b475fbfb8cf12ba3a795194300a - Path: Packages/com.unity.modules.director' with importer (DefaultImporter)
Imported 'GUID: 2d142b475fbfb8cf12ba3a795194300a' -> (Import Result ID: 'f82206d58857516a2f7d10df0de25ca9') in 0.001 seconds [static dependencies only]. Details - ImportResultOutputID=ba08ff1508e195419df3d8b0ff8d3bd4 DependenciesID=cb7a2942f5dee664122b699c70fb1a1e StaticDependenciesID=e5174e6782a309cc2e662ba686aba5d3 
Importing 'GUID: 2d6ba5cbe47e6ad3c87474c56174d4e0 - Path: Packages/com.unity.modules.audio' with importer (DefaultImporter)
Imported 'GUID: 2d6ba5cbe47e6ad3c87474c56174d4e0' -> (Import Result ID: '3234866a3fa377a9f9a0ce8dd981be90') in 0.002 seconds [static dependencies only]. Details - ImportResultOutputID=8643a11ddcb415e1ae77356bdcd0e31f DependenciesID=3297e30e726f0a1e5ba9c81d00653637 StaticDependenciesID=0c545176e25f7b531d70d9899c8b8ef9 
Importing 'GUID: 9db5607359854c348ad549dfe09fdb87 - Path: Assets/AssetRaw' with importer (DefaultImporter)
Imported 'GUID: 9db5607359854c348ad549dfe09fdb87' -> (Import Result ID: 'b1c12e346e417db0cd9e24abead264ac') in 0.002 seconds [static dependencies only]. Details - ImportResultOutputID=d92bbe07805e569d8684cb254b16b064 DependenciesID=4ead5593b12806a4d43d6c3b0d4394c3 StaticDependenciesID=db5099ed76195de915414803369baa5d 
Importing 'GUID: ede0462698a4a5643aa9872c074acd38 - Path: Packages/com.unity.modules.video' with importer (DefaultImporter)
Imported 'GUID: ede0462698a4a5643aa9872c074acd38' -> (Import Result ID: '4a9e59f79bcbaddc73d6ed9b1cb022ad') in 0.002 seconds [static dependencies only]. Details - ImportResultOutputID=f060305cf9a7601b6327f110dec53cf0 DependenciesID=2eb252c728b0513f8a06cb80138758c9 StaticDependenciesID=9adc8e4bff2d24a6cd335db28a76c689 
Importing 'GUID: fd871a8be47119612f7c254e96a822b7 - Path: Packages/com.unity.modules.ai' with importer (DefaultImporter)
Imported 'GUID: fd871a8be47119612f7c254e96a822b7' -> (Import Result ID: '9a8589b3beb3a049c84630a73f6ad835') in 0.001 seconds [static dependencies only]. Details - ImportResultOutputID=0bf4624736b8f9ba8d25427695ddd8c6 DependenciesID=00785bf0aee44637bb0bb65f025524ad StaticDependenciesID=025eb2cbf874ac313592e4ff09b996f2 
Importing 'GUID: 5e22a8d6e557a1b3cae09054b0b5f9d8 - Path: Packages/com.unity.modules.physicscore2d' with importer (DefaultImporter)
Imported 'GUID: 5e22a8d6e557a1b3cae09054b0b5f9d8' -> (Import Result ID: 'e0e8f312b2fe13782c9caa272b2c9c39') in 0.002 seconds [static dependencies only]. Details - ImportResultOutputID=8aeec98806d48c587b06189bc919a668 DependenciesID=32fd957f9eeccda095201a26672be198 StaticDependenciesID=7ff60e0e23b48986f2028c36c5321a4f 
Importing 'GUID: 6e1c8b97ec8aa0464e92506ffe099558 - Path: Packages/com.unity.modules.terrain' with importer (DefaultImporter)
Imported 'GUID: 6e1c8b97ec8aa0464e92506ffe099558' -> (Import Result ID: 'e2b6838e2ec31f4ed09302d8afc94b5d') in 0.001 seconds [static dependencies only]. Details - ImportResultOutputID=81f0943dd12638364c9481b7c44326f7 DependenciesID=86c234645905e553a0c1d2c0171e06cb StaticDependenciesID=dfd1b763e9befbb4d593a41aecf32557 
Importing 'GUID: de8323a5bcf412c073222f94612bf110 - Path: Packages/com.unity.test-framework' with importer (DefaultImporter)
Imported 'GUID: de8323a5bcf412c073222f94612bf110' -> (Import Result ID: '48d3b6efa4f10e841f69c19d2f7bb56a') in 0.002 seconds [static dependencies only]. Details - ImportResultOutputID=f584d7db1bbf3e504de6955be1b4dff6 DependenciesID=3c87b03bb9577daeb7da38cfd4c94c2f StaticDependenciesID=dce829fe3ce3842e179d775e4f9850e5 
Importing 'GUID: ee46540a6b9a412dd36e193d0312e9e3 - Path: Packages/com.tuyoogame.yooasset' with importer (DefaultImporter)
Imported 'GUID: ee46540a6b9a412dd36e193d0312e9e3' -> (Import Result ID: 'd8041d7a95fa94db9fbdd2354a19c7be') in 0.001 seconds [static dependencies only]. Details - ImportResultOutputID=61fdc782efe80fd0d24f32b5764bcb2b DependenciesID=b718b4dcad0707403d18abafce7d6ad0 StaticDependenciesID=a1328b76f0264b2b0fa27c6cb39061ea 
Importing 'GUID: 0fd4e399f8f08ad7d825c8afb134f255 - Path: Packages/com.unity.ide.visualstudio' with importer (DefaultImporter)
Imported 'GUID: 0fd4e399f8f08ad7d825c8afb134f255' -> (Import Result ID: '55d8ad24aedcfe49b53b4115ae12d6e2') in 0.001 seconds [static dependencies only]. Details - ImportResultOutputID=04db403246d6e1af9a827d576b41e988 DependenciesID=a0953f83d3cb0e991d4e915747b231ee StaticDependenciesID=30ac857b42194935c5a464c3cee98669 
Importing 'GUID: 6f1c7ebc8ac78cb951be24c238cbd3ba - Path: Packages/com.unity.modules.unitywebrequesttexture' with importer (DefaultImporter)
Imported 'GUID: 6f1c7ebc8ac78cb951be24c238cbd3ba' -> (Import Result ID: 'dc5a6902bac92eaeb7da79a7ee7c0445') in 0.001 seconds [static dependencies only]. Details - ImportResultOutputID=f756e1201c1cee903471ba41f17534ce DependenciesID=9c3425c6cf7e4c1387cd8661023d2522 StaticDependenciesID=baf7643e8208e171f7d2f4245768752b 
Importing 'GUID: 00e02ddbcf6ba3945878b9d961be3707 - Path: Packages/com.leonz.z-editor-tools/Model' with importer (DefaultImporter)
Imported 'GUID: 00e02ddbcf6ba3945878b9d961be3707' -> (Import Result ID: '2012a5090e9eee16c56aa00fb63c7d2f') in 0.001 seconds [static dependencies only]. Details - ImportResultOutputID=1cb3c1c4b92100a5682572b276d523af DependenciesID=e27d982f8cb25e9f4639ab9af6bd2e1a StaticDependenciesID=c0e23392b32d588cdcafeacf418c10ca 
Importing 'GUID: 305c08a5f55e310409b54831940b3a21 - Path: Assets/ZFramework/Extension' with importer (DefaultImporter)
Imported 'GUID: 305c08a5f55e310409b54831940b3a21' -> (Import Result ID: '76828ea2808641771e41e201c9188a25') in 0.002 seconds [static dependencies only]. Details - ImportResultOutputID=88baf00ba1de3773359d7118dd724047 DependenciesID=8883c276be4efdb0e1e832148182341d StaticDependenciesID=ef1500d18a88bac57c2a1cbd1471e820 
Importing 'GUID: 40472229e23f3314f9a7123ad2d6e1e4 - Path: Packages/com.tuyoogame.yooasset/Runtime' with importer (DefaultImporter)
Imported 'GUID: 40472229e23f3314f9a7123ad2d6e1e4' -> (Import Result ID: '94edaa27ea8b02aa3471b004745590ec') in 0.002 seconds [static dependencies only]. Details - ImportResultOutputID=afd917f0e3ffbb35e2ce2dce37874523 DependenciesID=779e347d3895511349282e54dd1957cc StaticDependenciesID=408d043c4c2c74291a2cb9acc655fd0f 
Importing 'GUID: b047983fee2931048a41bf20c8b33da4 - Path: Assets/Plugins/UniTask' with importer (DefaultImporter)
Imported 'GUID: b047983fee2931048a41bf20c8b33da4' -> (Import Result ID: '0021117b8affaafd8d78351b84662d66') in 0.002 seconds [static dependencies only]. Details - ImportResultOutputID=3a08a3ce18a578cc0dc4fd466ee87738 DependenciesID=ca767f53a3a9d5e53a15a0ac9168e0a2 StaticDependenciesID=cdf659d510fc21ba19c82b9d358f7ffc 
Importing 'GUID: b06ab19560638014094f5cf14a1e05bf - Path: Packages/com.tuyoogame.yooasset/EditorExtension' with importer (DefaultImporter)
Imported 'GUID: b06ab19560638014094f5cf14a1e05bf' -> (Import Result ID: '3ad413b6d55d2d4b20a222b9e58a4686') in 0.002 seconds [static dependencies only]. Details - ImportResultOutputID=6d000630a2fb2f080adfd6a0d141826b DependenciesID=b3ac181f75b9c599480ee4c322249b05 StaticDependenciesID=fe1a59bda8d4ab1649b4d90c9fd335aa 
Importing 'GUID: c09df99a9fce5f343bae92162247ae30 - Path: Assets/TurnBasedPack/ActionQueue' with importer (DefaultImporter)
Imported 'GUID: c09df99a9fce5f343bae92162247ae30' -> (Import Result ID: '854c1abac0ca380445db094d4bf77fab') in 0.002 seconds [static dependencies only]. Details - ImportResultOutputID=58888748251abf4fe203c629f7e80363 DependenciesID=46135166661d2fb3f34eb625ad150b7a StaticDependenciesID=d2bcc7dc081ec4c7ac52ba54e6923d38 
Importing 'GUID: e0b747eb61b187446935eced76906b11 - Path: Assets/GameScripts/Generated' with importer (DefaultImporter)
Imported 'GUID: e0b747eb61b187446935eced76906b11' -> (Import Result ID: '8a497889c110133754f29e4a3a4c257f') in 0.001 seconds [static dependencies only]. Details - ImportResultOutputID=16f993241aa3d6e2826247a55492b0f2 DependenciesID=2d76c8c5f1248ec840b63fe712afa25f StaticDependenciesID=edb1e74b787a5106144ae4dd18ec0dac 
Importing 'GUID: 9129183a42052cd43b9c284d6dbd541e - Path: Packages/com.unity.ide.rider/Rider' with importer (DefaultImporter)
Imported 'GUID: 9129183a42052cd43b9c284d6dbd541e' -> (Import Result ID: '719d343173540868604a7e1bdb1c5da5') in 0.002 seconds [static dependencies only]. Details - ImportResultOutputID=63c94d8b20043a1a6fe79b990d52ab8a DependenciesID=67ed2aac898532c6583a092f8a875df6 StaticDependenciesID=c3aa2dc07cad174557b141e243bf5e54 
Importing 'GUID: b1abb318c18be50438a8f8318d8bcd51 - Path: Packages/com.zframework.ecs/Runtime' with importer (DefaultImporter)
Imported 'GUID: b1abb318c18be50438a8f8318d8bcd51' -> (Import Result ID: 'c15ed45769657cc2f2f19db65fab1905') in 0.000 seconds [static dependencies only]. Details - ImportResultOutputID=64591483ead92fa08dbf20fa129999d0 DependenciesID=38751f588b03e7e230acf3ae550a773d StaticDependenciesID=a499c82085897dc48a381233a6a56442 
Importing 'GUID: d1a0a27327b54c3bac52a08929c33f81 - Path: Packages/com.unity.ugui/Editor Resources' with importer (DefaultImporter)
Imported 'GUID: d1a0a27327b54c3bac52a08929c33f81' -> (Import Result ID: 'c8594df9513a5d315bedbe6a279cbb67') in 0.001 seconds [static dependencies only]. Details - ImportResultOutputID=695664e202fc795a75462811fbd33121 DependenciesID=7dc300761164794dffe273ba2100a826 StaticDependenciesID=7ea3273ac4b7c5d6b29f4d7e252f84e3 
Importing 'GUID: e11095ce128a7214a88c291ea368df9a - Path: Assets/Editor/ReferenceFinder' with importer (DefaultImporter)
Imported 'GUID: e11095ce128a7214a88c291ea368df9a' -> (Import Result ID: 'e26e1bdf65d816ac7ad6ff31d8bab0f9') in 0.002 seconds [static dependencies only]. Details - ImportResultOutputID=46022a5bcf3aeec2fa9e551c14d3344a DependenciesID=87e240dd0d653cc2bc1f8103c6583ec5 StaticDependenciesID=0267338eed143243c50a774ab30b4335 
Importing 'GUID: f183cc1bcf4014f4c80a8580caabcd3f - Path: Assets/Editor/I2Localization' with importer (DefaultImporter)
Imported 'GUID: f183cc1bcf4014f4c80a8580caabcd3f' -> (Import Result ID: 'd3e3b2a3d294d98c0bf87524babbc70e') in 0.001 seconds [static dependencies only]. Details - ImportResultOutputID=923683c885fe2bc5019aeb74b4439bd7 DependenciesID=bb5922bcf65f0fad2d21a549882282ed StaticDependenciesID=f1b28efad78be353224372332276296c 
Importing 'GUID: 12cde5e16fa64eab883975bd63fc5077 - Path: Assets/Editor/UIScriptGenerator' with importer (DefaultImporter)
Imported 'GUID: 12cde5e16fa64eab883975bd63fc5077' -> (Import Result ID: '5f57ea3136247e7cec42c5056fe4b62e') in 0.001 seconds [static dependencies only]. Details - ImportResultOutputID=34111a1f53d7f3139f903c2aeb1aebd6 DependenciesID=0f8164b72f5be90f241519d04c6900b3 StaticDependenciesID=89b0eec641c913e76cec54a14dcd2d21 
Importing 'GUID: 82f77e4cefa1ad9409f5fb774f3602bb - Path: Assets/GameScripts/GameLogic' with importer (DefaultImporter)
Imported 'GUID: 82f77e4cefa1ad9409f5fb774f3602bb' -> (Import Result ID: 'd5800c81cbda7bbcf1c08b522f648343') in 0.002 seconds [static dependencies only]. Details - ImportResultOutputID=2898066c11268dfa0d6e13cdfd83d863 DependenciesID=1d8714abe20b8d5d933425c288fad566 StaticDependenciesID=5d12a9e652371ab64244c7985f555e80 
Importing 'GUID: c21e7cdb60d07164f82b37b771d0556e - Path: Assets/Launcher/Resources' with importer (DefaultImporter)
Imported 'GUID: c21e7cdb60d07164f82b37b771d0556e' -> (Import Result ID: 'e85510b6655a1981f70542a52283ca01') in 0.002 seconds [static dependencies only]. Details - ImportResultOutputID=3f11c8c0abbb01ec5da86191487f9567 DependenciesID=71c579f795d723d88eeff0b429c84096 StaticDependenciesID=347a3bb980347125c607a4d7e7e57f9c 
Importing 'GUID: 231aabced294fc54a8468764c07b9187 - Path: Assets/AssetRaw/Effects' with importer (DefaultImporter)
Imported 'GUID: 231aabced294fc54a8468764c07b9187' -> (Import Result ID: '31f6883fda7d03d5b14734c2ac7bbd6a') in 0.001 seconds [static dependencies only]. Details - ImportResultOutputID=3db3a733dfc03f5a502bd18d7cd0fb3c DependenciesID=38652a3dfa3c9c136d4f26e3838f536c StaticDependenciesID=6334330c44972bc1f9178445b56f066f 
Importing 'GUID: 63b588f3892bb4b5eb73ad3d2791e05c - Path: Packages/com.unity.ai.navigation/Editor' with importer (DefaultImporter)
Imported 'GUID: 63b588f3892bb4b5eb73ad3d2791e05c' -> (Import Result ID: 'fc6d248cc0c583059f12caefe17f56b5') in 0.000 seconds [static dependencies only]. Details - ImportResultOutputID=90169c77b90b568c155d0c878e0fbe9d DependenciesID=d58fa5a7420a735e2c858c0e73bd6491 StaticDependenciesID=6147767d2998dc4c1499438fcde248ab 
Importing 'GUID: 93e4cc6b1d0f5b5499658a66c995059b - Path: Assets/Prefabs/HuntingInDarkness' with importer (DefaultImporter)
Imported 'GUID: 93e4cc6b1d0f5b5499658a66c995059b' -> (Import Result ID: '9bd6e2dd638e14cd7abcfcbae54d6099') in 0.001 seconds [static dependencies only]. Details - ImportResultOutputID=b207c89b206a9d70ac4182910cb1ad99 DependenciesID=95bfc681f122ee5d8e6c37c6a4cc5c09 StaticDependenciesID=555e2fb0b1f30425370de236d8be09b6 
Importing 'GUID: 93b9715f5a4bf471c8154f6cbab7e94d - Path: Packages/com.unity.ai.navigation/Gizmos' with importer (DefaultImporter)
Imported 'GUID: 93b9715f5a4bf471c8154f6cbab7e94d' -> (Import Result ID: 'b4cb3308a03e5facce0c1b62d4789113') in 0.002 seconds [static dependencies only]. Details - ImportResultOutputID=7696ac70a79cfffd063b6f8f0e78aff7 DependenciesID=5ce4c26922a740e0c4e43be6370eccd5 StaticDependenciesID=446e0c766dd4637a0a06a66d64c6c382 
Importing 'GUID: 936a8fd656c740041b5332121676cc77 - Path: Assets/GameScripts/GameProto' with importer (DefaultImporter)
Imported 'GUID: 936a8fd656c740041b5332121676cc77' -> (Import Result ID: 'fd0f71639b8db6660eb2cd25b7782bd2') in 0.001 seconds [static dependencies only]. Details - ImportResultOutputID=e623f84bda824804d4f7c6b30e952f9b DependenciesID=314338c9d946c5f2f676cb9998891c88 StaticDependenciesID=afcd1eaa20c8b85243150b2f11a3b8e0 
Importing 'GUID: 140509fe98763b6469f12532122c1975 - Path: Assets/AssetRaw/Audios' with importer (DefaultImporter)
Imported 'GUID: 140509fe98763b6469f12532122c1975' -> (Import Result ID: '05e4cea26f333896dd6913f82533742b') in 0.001 seconds [static dependencies only]. Details - ImportResultOutputID=ab5765388cb69f1595838220e501c739 DependenciesID=aa37e314d143827d6dd94217557d4c04 StaticDependenciesID=9c5e39e1f1b1b780586a19f39b05d250 
Importing 'GUID: 141e78d03b9c3b34d9821ab725cf56c1 - Path: Assets/TurnBasedPack/PreviewSystem' with importer (DefaultImporter)
Imported 'GUID: 141e78d03b9c3b34d9821ab725cf56c1' -> (Import Result ID: 'f228358a79c07944f2426cbf70b2a3fa') in 0.002 seconds [static dependencies only]. Details - ImportResultOutputID=4e43c97813523103b58696583b5640c6 DependenciesID=6231ef9a1ab42dfcf38812b3f462e7f9 StaticDependenciesID=150929b898fd3735b5f8b21cf64d768b 
Importing 'GUID: 2428feae0dfe2184b8b6dc58b7b3956a - Path: Packages/com.zframework.rts/Runtime' with importer (DefaultImporter)
Imported 'GUID: 2428feae0dfe2184b8b6dc58b7b3956a' -> (Import Result ID: 'ab50860f0af079ad2d2316fe8475257e') in 0.000 seconds [static dependencies only]. Details - ImportResultOutputID=aede76acb1ef6b74c3a9b6fbb6f1338e DependenciesID=df7fbc5cdff08ee5aa11dd5110f77b44 StaticDependenciesID=b63e40a45defc466c334051959d725eb 
Importing 'GUID: 243e06394e614e5d99fab26083b707fa - Path: Assets/TextMesh Pro/Resources' with importer (DefaultImporter)
Imported 'GUID: 243e06394e614e5d99fab26083b707fa' -> (Import Result ID: '757ed9a69d0ad34ae43b2a5ce2ad64f1') in 0.000 seconds [static dependencies only]. Details - ImportResultOutputID=382f7cc76f7e0ef44c3e00e0c51ddb0e DependenciesID=a0f9935c33575c3486b68d3c83a3bf12 StaticDependenciesID=df91b61d179af306da87beaedfa257d3 
Importing 'GUID: 54015e880a0fe164c9cc37718142e93d - Path: Assets/AssetRaw/Configs' with importer (DefaultImporter)
Imported 'GUID: 54015e880a0fe164c9cc37718142e93d' -> (Import Result ID: 'e69d7cc69f1b0798c410d38e336825dd') in 0.001 seconds [static dependencies only]. Details - ImportResultOutputID=37a6818e143539e1bc0755a922c4876f DependenciesID=adfce632a02c78aec1a773fb7030d332 StaticDependenciesID=0cbf11bae95aad6845be9e7ed66d91b4 
Importing 'GUID: 54e575fcc66c79b4dad493d1287d5f15 - Path: Assets/AssetRaw/UI' with importer (DefaultImporter)
Imported 'GUID: 54e575fcc66c79b4dad493d1287d5f15' -> (Import Result ID: 'd7e57db680662b715797016b15deac15') in 0.002 seconds [static dependencies only]. Details - ImportResultOutputID=1286ce1b26163ad370e810d6f1548b41 DependenciesID=5247d61b418d898c7bd5fac3c86e4392 StaticDependenciesID=b1bfafca08d15bfc7f14cfe662d4f928 
Importing 'GUID: d4a51a71924df654c8ffa9c07f95134d - Path: Packages/com.leonz.z-editor-tools/Editor' with importer (DefaultImporter)
Imported 'GUID: d4a51a71924df654c8ffa9c07f95134d' -> (Import Result ID: 'd2c3f5940f5b4e884816107962744f4d') in 0.000 seconds [static dependencies only]. Details - ImportResultOutputID=56f6750bbe056952ec0f6ed473a8d723 DependenciesID=391ee3846ceb854ee7d56587dbe2303f StaticDependenciesID=4bbd64a45690137c01afbef1ef3e92ab 
Importing 'GUID: 85ea64c1335f34345b8f546eb020f4f1 - Path: Assets/StreamingAssets/package' with importer (DefaultImporter)
Imported 'GUID: 85ea64c1335f34345b8f546eb020f4f1' -> (Import Result ID: 'e4fed92911af7fd4a34a372c8130902c') in 0.001 seconds [static dependencies only]. Details - ImportResultOutputID=9757caa4c6b39648e1c3bb98a2002562 DependenciesID=9cd714535cbe3b46d084a7c102584db9 StaticDependenciesID=d18b60537e7530cf440e9aa23073cd0b 
Importing 'GUID: 950890083f4907541a6ed06d70959e49 - Path: Packages/com.unity.test-framework/UnityEngine.TestRunner' with importer (DefaultImporter)
Imported 'GUID: 950890083f4907541a6ed06d70959e49' -> (Import Result ID: '6bbf684d23df19068864880006a67707') in 0.002 seconds [static dependencies only]. Details - ImportResultOutputID=9d0a0dd032448920d0a1f19431a2b37e DependenciesID=acc94c3e2518df05e3e32ed95b965b9d StaticDependenciesID=878f29d4ad6d976c01ad34bfd31d2b96 
Importing 'GUID: 95cdf27b47eb82747ba9e51f41e72a35 - Path: Packages/com.unity.test-framework/UnityEditor.TestRunner' with importer (DefaultImporter)
Imported 'GUID: 95cdf27b47eb82747ba9e51f41e72a35' -> (Import Result ID: 'cd9fa969ff49c2ded2c2e4507e68ed49') in 0.001 seconds [static dependencies only]. Details - ImportResultOutputID=c30eb80b710dc3dd71402b2a207cfe47 DependenciesID=0e32b18293f2a488b96364db15059a5b StaticDependenciesID=1521999679173ee1d331a362b4112289 
Importing 'GUID: e554d92539bcb744db1a701ba6cb2eec - Path: Assets/ZFramework/Editor' with importer (DefaultImporter)
Imported 'GUID: e554d92539bcb744db1a701ba6cb2eec' -> (Import Result ID: 'ac8494bcd1b591564e4152fc964aa4e9') in 0.000 seconds [static dependencies only]. Details - ImportResultOutputID=4067458afc876981a793e5ec9d119baa DependenciesID=aa086430682180c0b20d167b04782e4e StaticDependenciesID=50d40cdaea4f0c739e8f1f2b806b0769 
Importing 'GUID: 3619168291cd57f40a82adf02930bc19 - Path: Assets/AssetRaw/Scenes' with importer (DefaultImporter)
Imported 'GUID: 3619168291cd57f40a82adf02930bc19' -> (Import Result ID: '04afc499bcb266f250eb080e26bbf019') in 0.000 seconds [static dependencies only]. Details - ImportResultOutputID=5c3bd8fc596654efa86257f6220a6974 DependenciesID=6ea594846876dfbb8cc2f16fbb01fed1 StaticDependenciesID=1de3a9589e77115cee1b4fc83237d684 
Importing 'GUID: b6bfdd2ba006d244db88c5edf0fa4233 - Path: Assets/AssetRaw/Fonts' with importer (DefaultImporter)
Imported 'GUID: b6bfdd2ba006d244db88c5edf0fa4233' -> (Import Result ID: '5a595a33545bf8180ea727f9c6f9da33') in 0.002 seconds [static dependencies only]. Details - ImportResultOutputID=976392a89d30da927613e5fe4da5d03c DependenciesID=c06f20c091e05cb0ef3216302b68e75d StaticDependenciesID=594b4cacd91a982e2a041f3db4f62aac 
Importing 'GUID: d62ab3f6f7d317849b5f962b9d036f08 - Path: Packages/com.unity.scriptablebuildpipeline/Tests' with importer (DefaultImporter)
Imported 'GUID: d62ab3f6f7d317849b5f962b9d036f08' -> (Import Result ID: 'c0baddf414500fe860e6f81eff2c7416') in 0.001 seconds [static dependencies only]. Details - ImportResultOutputID=c2ab44aa6edaa9689ab25e1f6e63c8c5 DependenciesID=52eb0d80b337a6ebd57936f76834ec3c StaticDependenciesID=cbe35e8e2c06dcf0d10e7e0cd220fc1f 
Importing 'GUID: 07e683cdfed9cae409efdc29179643ed - Path: Assets/ZFramework/Libraries' with importer (DefaultImporter)
Imported 'GUID: 07e683cdfed9cae409efdc29179643ed' -> (Import Result ID: 'd0139aeb8f4b420b2b6f787ff2ea0041') in 0.001 seconds [static dependencies only]. Details - ImportResultOutputID=7d48686af8b5c062b43c164a2c98b340 DependenciesID=f5b97fca1e3cf6bc22fd239fbcb66e17 StaticDependenciesID=14576c5322cf96378c88bfd43bd029b1 
Importing 'GUID: 27ba1533df4cef64cb17abe5a37c4ac8 - Path: Assets/Launcher/Launcher' with importer (DefaultImporter)
Imported 'GUID: 27ba1533df4cef64cb17abe5a37c4ac8' -> (Import Result ID: '90e4cf3e7cb757fedbe11fb79e8b7450') in 0.000 seconds [static dependencies only]. Details - ImportResultOutputID=66a3f372a078a4f968829973b517dded DependenciesID=ae3bb326d173318814c45b16d8da7b83 StaticDependenciesID=25d538103f6edd544f5939d17cdd994b 
Importing 'GUID: 275b87293edc6634f9d72387851dbbdf - Path: Packages/com.cysharp.unitask/Editor' with importer (DefaultImporter)
Imported 'GUID: 275b87293edc6634f9d72387851dbbdf' -> (Import Result ID: 'e16d3770299880f4018e126ab592f663') in 0.000 seconds [static dependencies only]. Details - ImportResultOutputID=cce69bad0492e0da49582902df90f76c DependenciesID=e7dad24cd67fcb7d1de109817a43e107 StaticDependenciesID=76cb1e850bc7508d4bef7d2fe993f9b9 
Importing 'GUID: 973926fe920ff314aaffc4df23ae8bb8 - Path: Assets/Editor/zWorkFlow' with importer (DefaultImporter)
Imported 'GUID: 973926fe920ff314aaffc4df23ae8bb8' -> (Import Result ID: '47db4a42691c5b842623cd453eda2ec7') in 0.002 seconds [static dependencies only]. Details - ImportResultOutputID=38191763d7fb6f86256b9ec1aa88dcaa DependenciesID=38083956da425c405934a47cefab8446 StaticDependenciesID=3ce53a47dc27c40d23231e62fef8a107 
Importing 'GUID: 98b95ad6fb74c2044b588428d0407939 - Path: Packages/com.tuyoogame.yooasset/Mini Game' with importer (DefaultImporter)
Imported 'GUID: 98b95ad6fb74c2044b588428d0407939' -> (Import Result ID: 'b0258da22158e9e9970de7606597d083') in 0.001 seconds [static dependencies only]. Details - ImportResultOutputID=cfea61d5b09fdd1cd8fb49b4b5a6a7ea DependenciesID=1170255ec3baea3ebaf4fe31c7de0325 StaticDependenciesID=267fa519ba0a45ae0c8fe20cd3927e1c 
Importing 'GUID: 989b494e866d7474098e37a3a58055df - Path: Assets/ZFramework/Runtime' with importer (DefaultImporter)
Imported 'GUID: 989b494e866d7474098e37a3a58055df' -> (Import Result ID: '5dcdd6deaab62acf636bed764ed6bbf8') in 0.000 seconds [static dependencies only]. Details - ImportResultOutputID=8e92cd2e89c6178681aa6f0c439e05c2 DependenciesID=e0e753d62ae6201b5648a74ff8c6d11c StaticDependenciesID=02f9cffd75b48dd93c18a686db3532a9 
Importing 'GUID: d850db319a63d2546932ff76fe55a498 - Path: Packages/com.unity.ugui/Tests' with importer (DefaultImporter)
Imported 'GUID: d850db319a63d2546932ff76fe55a498' -> (Import Result ID: '24fbd7bf45f5cf5d9407164e20e7cc95') in 0.000 seconds [static dependencies only]. Details - ImportResultOutputID=abceecebbc57ab2f2a42971575985de8 DependenciesID=9bd6f7c16c68b8435916b31a6632f172 StaticDependenciesID=38b6693519d5119b672b7d854b395148 
Importing 'GUID: 2982073ed28ef744e96be44c7f55f5f7 - Path: Assets/Editor/ToolbarExtender' with importer (DefaultImporter)
Imported 'GUID: 2982073ed28ef744e96be44c7f55f5f7' -> (Import Result ID: '46f872e38e03fd49766cae66a58dbada') in 0.002 seconds [static dependencies only]. Details - ImportResultOutputID=798bd2eb6fcfca11e3e76e0f0ad537ab DependenciesID=6b4a18b6d9a6b89d1cbe0698f9847f25 StaticDependenciesID=90fbf83d34110518a8120bef1044a90a 
Importing 'GUID: 991a046cc57d40a418801d733258daf8 - Path: Assets/AssetRaw/Actor' with importer (DefaultImporter)
Imported 'GUID: 991a046cc57d40a418801d733258daf8' -> (Import Result ID: 'e905496dd7626a0ac79623683ad34ae4') in 0.002 seconds [static dependencies only]. Details - ImportResultOutputID=edce79e2217b9c1fd5a6e607ce78f0b6 DependenciesID=9cedec8ed352b86acce40b3f3ae35c95 StaticDependenciesID=5e679924795507fc448d79f15310aad4 
Importing 'GUID: a962d501f44484c37814dbad5ed605e9 - Path: Packages/com.unity.ext.nunit/net472' with importer (DefaultImporter)
Imported 'GUID: a962d501f44484c37814dbad5ed605e9' -> (Import Result ID: 'd5dc5afd1f4c5e48f8d8accb16248ff5') in 0.001 seconds [static dependencies only]. Details - ImportResultOutputID=0fb736c25fa959b21ff8949633da9a4e DependenciesID=942f000bbbf1a460a3e6f65b215294e9 StaticDependenciesID=f6f4e0c4980e8e31fb620e6876cf746c 
Importing 'GUID: d90bb9eec8948a94991952bcad49c572 - Path: Packages/com.unity.scriptablebuildpipeline/Editor' with importer (DefaultImporter)
Imported 'GUID: d90bb9eec8948a94991952bcad49c572' -> (Import Result ID: '55049f66d5673334868142d794908682') in 0.000 seconds [static dependencies only]. Details - ImportResultOutputID=6bceb2d5f30d8062c89dc220f782554f DependenciesID=b562a19370046d4d66556671506ceef2 StaticDependenciesID=f8324b1a63f64453d90a7eef3d2c02c0 
Importing 'GUID: e9f693669af91aa45ad615fc681ed29f - Path: Assets/TextMesh Pro/Shaders' with importer (DefaultImporter)
Imported 'GUID: e9f693669af91aa45ad615fc681ed29f' -> (Import Result ID: '46a0a5b734f6661fb098f40d0cce290b') in 0.001 seconds [static dependencies only]. Details - ImportResultOutputID=c55828ba2a08028dd91c5ff527d45c01 DependenciesID=f663823aed73d96314a7c10a1a32589f StaticDependenciesID=f6d83870e7f0e9d5ad33c4bdc366eb30 
Importing 'GUID: 4a707af59e3522d43afe34dfc4429b86 - Path: Packages/com.unity.ide.visualstudio/Editor' with importer (DefaultImporter)
Imported 'GUID: 4a707af59e3522d43afe34dfc4429b86' -> (Import Result ID: '50d3a33b575d3f92a4df8caed9acbaa5') in 0.000 seconds [static dependencies only]. Details - ImportResultOutputID=f20ac6c2f9829734435d75a6f72f7ab8 DependenciesID=a56b611e7cfe9e07b392610ca1b7ce66 StaticDependenciesID=e1e5592a96dd1b40e34340703f60b4ef 
Importing 'GUID: 6ab70aee4d56447429c680537fbf93ed - Path: Assets/TextMesh Pro/Fonts' with importer (DefaultImporter)
Imported 'GUID: 6ab70aee4d56447429c680537fbf93ed' -> (Import Result ID: 'e7f2fce3e3d594936dfbc53b0ccff335') in 0.000 seconds [static dependencies only]. Details - ImportResultOutputID=f0bff5ce80c71aee7b4896349cd22958 DependenciesID=a4cc4a259363594fe1b46a5ab40afeee StaticDependenciesID=0f442208e22d27782a86a2c7aa071559 
Importing 'GUID: 9afd4d88f7b567341823779947b83bd9 - Path: Assets/Editor/AssetBundleCollector' with importer (DefaultImporter)
Imported 'GUID: 9afd4d88f7b567341823779947b83bd9' -> (Import Result ID: '1c8f640bde5e928a14159a70f084edce') in 0.002 seconds [static dependencies only]. Details - ImportResultOutputID=8dac92f278b3f056b2ee78448edc6189 DependenciesID=8f9b9d92d3c10b00413ae75671e70f77 StaticDependenciesID=077cb5044cd0ed082ff0d97508321d6c 
Importing 'GUID: aa14b70e6a58c5b4fa6663623e3dca91 - Path: Packages/com.unity.ugui/Runtime' with importer (DefaultImporter)
Imported 'GUID: aa14b70e6a58c5b4fa6663623e3dca91' -> (Import Result ID: '8428c6c5266f7742a3f2fe55c2b4a334') in 0.000 seconds [static dependencies only]. Details - ImportResultOutputID=edf2cf7cc75f9be7b59d1670d0b363e4 DependenciesID=056fd7b55a5b78cdef62c10253bb8684 StaticDependenciesID=1f81a0b04c93f0d55246fe6de435717f 
Importing 'GUID: aa765154468d4b34eb34304100d39e64 - Path: Packages/com.cysharp.unitask/Runtime' with importer (DefaultImporter)
Imported 'GUID: aa765154468d4b34eb34304100d39e64' -> (Import Result ID: '424c34569a29ca44969b8e99fc45ab64') in 0.000 seconds [static dependencies only]. Details - ImportResultOutputID=e8a35aea12c65b7aa9839ecdef63257f DependenciesID=73d774ea488507a60768e6d0d975b83b StaticDependenciesID=aa18201638067c9622b4877814bac0e7 
Importing 'GUID: cace8d5078f400048a8afde10e2bf41d - Path: Assets/Editor/ZFrameworkSettingsProvider' with importer (DefaultImporter)
Imported 'GUID: cace8d5078f400048a8afde10e2bf41d' -> (Import Result ID: '0ef3c207c988143ab97e4ab0caab5511') in 0.001 seconds [static dependencies only]. Details - ImportResultOutputID=65a7199426eef3bf9dd5639971a64349 DependenciesID=8968a3829d08f7955064c01dabb382a6 StaticDependenciesID=df004243fb11715e5a73042a1df8d182 
Importing 'GUID: 0b87b4734c0843a4aaba4a154119650d - Path: Assets/GameScripts/FrameworkUI' with importer (DefaultImporter)
Imported 'GUID: 0b87b4734c0843a4aaba4a154119650d' -> (Import Result ID: 'acfe8b543c480e2636575c1ef378ead3') in 0.002 seconds [static dependencies only]. Details - ImportResultOutputID=a05030ff17a2af5252fef6c35b920dc8 DependenciesID=547ff8522b92df725e6af0af81a3384b StaticDependenciesID=caf16903bee26cdacf8cf58a66b2ebd9 
Importing 'GUID: 7b8f0fd44d2ee2543a0b6f77edfec088 - Path: Assets/TurnBasedPack/BuffSystem' with importer (DefaultImporter)
Imported 'GUID: 7b8f0fd44d2ee2543a0b6f77edfec088' -> (Import Result ID: '413c30f5bdb0afe0d73498a35193da17') in 0.002 seconds [static dependencies only]. Details - ImportResultOutputID=9d2751e24548931687f7953066ab38a1 DependenciesID=24c614b58efd99c32b3a78babb9cfaf7 StaticDependenciesID=39a1a006dc9ccfcca3a40a6b5a895295 
Importing 'GUID: 2cab10d0dd3644c7a685de54d371f910 - Path: Assets/TurnBasedPack/PresentationSystem' with importer (DefaultImporter)
Imported 'GUID: 2cab10d0dd3644c7a685de54d371f910' -> (Import Result ID: '691f8a1cb492de92eecf7ebf8c245422') in 0.002 seconds [static dependencies only]. Details - ImportResultOutputID=8507805a375752b8002211813d3bbb9f DependenciesID=11998aee885f57c19720b3f41d72b55c StaticDependenciesID=ea3a8ba46b13a852ce0fd45f602f961d 
Importing 'GUID: ac093515ae764b94aa07be91d4ba978b - Path: Packages/com.tuyoogame.yooasset/Editor' with importer (DefaultImporter)
Imported 'GUID: ac093515ae764b94aa07be91d4ba978b' -> (Import Result ID: 'ee7bb202bb39a61f9c2a5dfdd272f498') in 0.000 seconds [static dependencies only]. Details - ImportResultOutputID=03ae0d5ff1e420b5c9f766d7caf8d4f6 DependenciesID=d6487e4baf5695a83ec88bc9982b7533 StaticDependenciesID=730d97ca7fd56d8df3a4060898cdd8c8 
Importing 'GUID: bcb26a80e56f33046a81574f96664cfe - Path: Packages/com.unity.ai.navigation/EditorResources' with importer (DefaultImporter)
Imported 'GUID: bcb26a80e56f33046a81574f96664cfe' -> (Import Result ID: '0197dee04476aae854bd4e0bc31ca3e2') in 0.001 seconds [static dependencies only]. Details - ImportResultOutputID=eedbcbbc7ca8bc5a1124aee34bc94958 DependenciesID=e198ac5b5057a7f300ea52f5474b2446 StaticDependenciesID=ca0f02e81f9a65bbffa95d8fc8636c91 
Importing 'GUID: ccb07f560803af34ea5268f06f35371d - Path: Assets/AssetRaw/Materials' with importer (DefaultImporter)
Imported 'GUID: ccb07f560803af34ea5268f06f35371d' -> (Import Result ID: '3626b425154785e1440124fe7fc8a5b1') in 0.001 seconds [static dependencies only]. Details - ImportResultOutputID=8b37c8ac22acb3ec33ff3ab5763bfb23 DependenciesID=d00a5213b0ef32e4b2024b3123e3b212 StaticDependenciesID=f4dec28f512fdaca35aea097c3753f3e 
Importing 'GUID: 2dcd34d0e0dc10944a49c3f7901fca9c - Path: Assets/ZFramework/Settings' with importer (DefaultImporter)
Imported 'GUID: 2dcd34d0e0dc10944a49c3f7901fca9c' -> (Import Result ID: '3d31ebd655bd5aefcd835bd14b56ec54') in 0.002 seconds [static dependencies only]. Details - ImportResultOutputID=111c47cd22308e8f4801d529ef6bd022 DependenciesID=e105a5d384ee50ff35fd10b67e226f8e StaticDependenciesID=02c120fe4747a69bb4b5e05a43307587 
Importing 'GUID: 7dc7b8ea4f66b394d83fbfc683587390 - Path: Assets/AssetRaw/UIRaw' with importer (DefaultImporter)
Imported 'GUID: 7dc7b8ea4f66b394d83fbfc683587390' -> (Import Result ID: '60dc728605dcd4ca0c33461aa57077ef') in 0.001 seconds [static dependencies only]. Details - ImportResultOutputID=eb5c33a47ebbc2773bb426741806d45b DependenciesID=bb9b3688d97f73204c42c343d2674d8a StaticDependenciesID=09181072ea6d30d157be645f85f281cd 
Importing 'GUID: 0ef7894221e868f49a66a445334e43cb - Path: Packages/com.zframework.rts/Editor' with importer (DefaultImporter)
Imported 'GUID: 0ef7894221e868f49a66a445334e43cb' -> (Import Result ID: 'ce55dd721e8114d50daf861c22d43567') in 0.000 seconds [static dependencies only]. Details - ImportResultOutputID=fe7cc80cefe3029ecc451554683f885c DependenciesID=c890c9c6da05e27a4139183fd7b91e5e StaticDependenciesID=225fed23c53b385c17b02f8cae7177c4 
Importing 'GUID: 1ef171ef448f4d13a1e537bf524ff355 - Path: Assets/GameScripts/Procedure' with importer (DefaultImporter)
Imported 'GUID: 1ef171ef448f4d13a1e537bf524ff355' -> (Import Result ID: 'c134f312fbc4c97e8428187e0e78855b') in 0.002 seconds [static dependencies only]. Details - ImportResultOutputID=bef24bdd4665bb81164f7965a6196189 DependenciesID=fd32f4b25c3bf0a5a9d37f5f8b857014 StaticDependenciesID=0364e81c2f6d208f2390fa2924697b40 
Importing 'GUID: 5ec95f4d5b2d1f14e9ff8682562553f9 - Path: Packages/com.unity.ugui/Package Resources' with importer (DefaultImporter)
Imported 'GUID: 5ec95f4d5b2d1f14e9ff8682562553f9' -> (Import Result ID: '2c4f790782f0dee2152bbd8316b38539') in 0.002 seconds [static dependencies only]. Details - ImportResultOutputID=37d5f8fa3807d672ce79f5e231dfd943 DependenciesID=e26e49837d4ba5874f07a386d0030930 StaticDependenciesID=5d5ba411eb5334c77509fd23ab213a01 
Importing 'GUID: 8e78d99e058144d3bf993c02b550f087 - Path: Packages/com.leonz.scene-tools/Editor' with importer (DefaultImporter)
Imported 'GUID: 8e78d99e058144d3bf993c02b550f087' -> (Import Result ID: '6018aa369634deb6cdc9c8f9ecb7c4c0') in 0.000 seconds [static dependencies only]. Details - ImportResultOutputID=99ca92ad406b3ad8d303837e37589cab DependenciesID=6f92922b097e59dd32309d646e8885f0 StaticDependenciesID=1ad8f07ebfc6446d88b7f3258e677cd3 
Importing 'GUID: 9e212903a778be84291375dadab725b4 - Path: Assets/Launcher/Scripts' with importer (DefaultImporter)
Imported 'GUID: 9e212903a778be84291375dadab725b4' -> (Import Result ID: '24f2437a7949f1118197568a766c53a8') in 0.001 seconds [static dependencies only]. Details - ImportResultOutputID=2abd160d37126c422ff4b99e44866aab DependenciesID=97a1f56acbebb7da29a1b0d5ad2c34a8 StaticDependenciesID=850ee5d8c5311098f806252f98a21180 
Importing 'GUID: ae7a42484691fc944a8fa22364b6bcbb - Path: Packages/com.tuyoogame.yooasset/RuntimeExtension' with importer (DefaultImporter)
Imported 'GUID: ae7a42484691fc944a8fa22364b6bcbb' -> (Import Result ID: 'ba86e9251f710a03c0db5698a8b3ff0a') in 0.001 seconds [static dependencies only]. Details - ImportResultOutputID=0b8f0109f5271bb1bb975d35c1edcacd DependenciesID=5949de20d31b698b17751159cf96a3f2 StaticDependenciesID=3903c9e1ce6f8c5be7fc96cecd74476b 
Importing 'GUID: bee384ad5b4d1a843a018082e7db53cd - Path: Packages/com.unity.ugui/Editor' with importer (DefaultImporter)
Imported 'GUID: bee384ad5b4d1a843a018082e7db53cd' -> (Import Result ID: 'c60ec454c7da2e9991bf58686821666c') in 0.001 seconds [static dependencies only]. Details - ImportResultOutputID=42520d36d104454aa16867d8198eb466 DependenciesID=bae207ee02f7432fba538123cb6c2440 StaticDependenciesID=d53a19a9a2f0585bb461cd60db8116f7 
Importing 'GUID: ce67aa87f613246dda63a54a59c6399e - Path: Packages/com.unity.ai.navigation/Runtime' with importer (DefaultImporter)
Imported 'GUID: ce67aa87f613246dda63a54a59c6399e' -> (Import Result ID: '205e984c3cb1b7aaae1c0b7a88b936a7') in 0.000 seconds [static dependencies only]. Details - ImportResultOutputID=b618c315455bb8b125f71c50ebc48d4b DependenciesID=ca794694bdd06ab3054602d3b5fc93b3 StaticDependenciesID=93f7a652a882ba898523a8405be0de12 
Importing 'GUID: de1c7164adaf49d47b5de31c140713c9 - Path: Packages/com.unity.nuget.newtonsoft-json/Runtime' with importer (DefaultImporter)
Imported 'GUID: de1c7164adaf49d47b5de31c140713c9' -> (Import Result ID: 'e7a013d3370aaa03eb6e23db5f3de876') in 0.000 seconds [static dependencies only]. Details - ImportResultOutputID=7909f08ee5b247d0069e57f51313d2a8 DependenciesID=9d2177c9195ed510986d371dfc284feb StaticDependenciesID=a951538c4777e3a3d3b91cf28608e36c 
Importing 'GUID: fe01f83a5c5b6c149b022e54e7d9092a - Path: Assets/AssetRaw/DLL' with importer (DefaultImporter)
Imported 'GUID: fe01f83a5c5b6c149b022e54e7d9092a' -> (Import Result ID: 'fce109c0ef07d64e0d26742618fc022e') in 0.001 seconds [static dependencies only]. Details - ImportResultOutputID=7b373ec84b7c19b2aa8fb0d6b2ee35aa DependenciesID=79103f15c7ea8817c0aa5479ea0fb962 StaticDependenciesID=780f88aabb1e58226f0593e5fc4934e2 
Importing 'GUID: dfb7da2f85c06dc42972ec1ef57c0836 - Path: Packages/com.zframework.rts/Contracts' with importer (DefaultImporter)
Imported 'GUID: dfb7da2f85c06dc42972ec1ef57c0836' -> (Import Result ID: 'e112829d518be539a266f80c68a00d27') in 0.002 seconds [static dependencies only]. Details - ImportResultOutputID=b5a0140802a815b47dbec4261036d69d DependenciesID=01e90617984fc80edd34b6cc8b0145ac StaticDependenciesID=db367bc79d049eb6771528801eaee8c9 
Importing 'GUID: dfb88b91599701840970930f261b8843 - Path: Packages/com.unity.scriptablebuildpipeline/Runtime' with importer (DefaultImporter)
Imported 'GUID: dfb88b91599701840970930f261b8843' -> (Import Result ID: 'dea3a5c5cccfb2ac9ad15f73997fc6ef') in 0.001 seconds [static dependencies only]. Details - ImportResultOutputID=53be8db0beeb7d8a27a0fb387e5e2749 DependenciesID=f93b3b25a78c3d7039cade30dc38f84e StaticDependenciesID=76f35b0a1d70120d9a5bc8502e7ab6ba 
Importing 'GUID: fff4a63f0aa0f734bb1179516e2c9261 - Path: Assets/GameScripts/Editor' with importer (DefaultImporter)
Imported 'GUID: fff4a63f0aa0f734bb1179516e2c9261' -> (Import Result ID: '9a197922580ee1b6bbc4f5e79b109e10') in 0.000 seconds [static dependencies only]. Details - ImportResultOutputID=c3b41434ee1377075725c67842293221 DependenciesID=615aca4d49823aa14b8acea44c2d7603 StaticDependenciesID=21e7281fa52311a750540b1f963c15fd 
Importing 'GUID: 10d1425d9e87841d9a9deafe9e93a6f2 - Path: Packages/com.unity.ugui/Editor/TMP' with importer (DefaultImporter)
Imported 'GUID: 10d1425d9e87841d9a9deafe9e93a6f2' -> (Import Result ID: '8708328cbf28df61684caa55623b3885') in 0.001 seconds [static dependencies only]. Details - ImportResultOutputID=fcd24172dfd83eb509fc77e803a18eea DependenciesID=118ebc83ee37102a1f28b70c5c580676 StaticDependenciesID=cf920a545198a55e0504ecae22d62c7e 
Importing 'GUID: 109ccfb08b9fd4bf5a9d8deee2ace2ed - Path: Packages/com.leonz.z-editor-tools/Editor/vFolders' with importer (DefaultImporter)
Imported 'GUID: 109ccfb08b9fd4bf5a9d8deee2ace2ed' -> (Import Result ID: '08a3d690eed1c397a4700c99383e9be6') in 0.001 seconds [static dependencies only]. Details - ImportResultOutputID=adf1039f3bbe90813f114cba92ccdf83 DependenciesID=2c09c2d77620a51a590945ba5cc7f149 StaticDependenciesID=180d7d1888aa42a0640500e0846929a9 
Importing 'GUID: 705847894575820479f68254517ff526 - Path: Assets/AssetRaw/UIRaw/Raw' with importer (DefaultImporter)
Imported 'GUID: 705847894575820479f68254517ff526' -> (Import Result ID: 'e96cba112d069ee4dba201768142fa42') in 0.001 seconds [static dependencies only]. Details - ImportResultOutputID=89850f009966aafb16de1fa7807f2941 DependenciesID=c90664a3fd20f79b8f8dbd7052cc7cc6 StaticDependenciesID=d53d7cbccd038306b048096e91f90eb4 
Importing 'GUID: 80ad446616504117a54aa052e3859c56 - Path: Assets/GameScripts/GameLogic/IEvent' with importer (DefaultImporter)
Imported 'GUID: 80ad446616504117a54aa052e3859c56' -> (Import Result ID: '8519da90d8965cd6c3766863d6dfae83') in 0.002 seconds [static dependencies only]. Details - ImportResultOutputID=aedf3365c53decf7be594eb2614a42d9 DependenciesID=b677311745260bc4de67de39893fc0fb StaticDependenciesID=387355eef07f39ef28a631d46115e3fd 
Importing 'GUID: a010f47ecddf47d09c99742a8f02a499 - Path: Assets/ZFramework/Editor/Utility' with importer (DefaultImporter)
Imported 'GUID: a010f47ecddf47d09c99742a8f02a499' -> (Import Result ID: '4bf98429623e49c7abcd3b23a1b331a7') in 0.002 seconds [static dependencies only]. Details - ImportResultOutputID=cf92e89f26972b9a34c89d6454c442f6 DependenciesID=433ca57d6a22f5289f8dbed6bcfd4e29 StaticDependenciesID=33e4b8e864ab14c3a637b9cd797b595e 
Importing 'GUID: c0b4ccec8007a6047aade899b4b74fcf - Path: Packages/com.tuyoogame.yooasset/EditorExtension/PackageComparator' with importer (DefaultImporter)
Imported 'GUID: c0b4ccec8007a6047aade899b4b74fcf' -> (Import Result ID: '2d172750d8a3387cbd08c6b57eed2eab') in 0.001 seconds [static dependencies only]. Details - ImportResultOutputID=c850afb61d829d2ab5c5e32c7daca38f DependenciesID=9a2f0ee0b9e842fd90893b6ef65c2ba3 StaticDependenciesID=0dfa4f5b1d4f6613302b362355ec8582 
Importing 'GUID: c0c72b92f8bf3db4b9920e968e43b2df - Path: Packages/com.tuyoogame.yooasset/RuntimeExtension/OperationMonitor' with importer (DefaultImporter)
Imported 'GUID: c0c72b92f8bf3db4b9920e968e43b2df' -> (Import Result ID: 'a4a30e975557b5d05e4bf9f51b808087') in 0.001 seconds [static dependencies only]. Details - ImportResultOutputID=5b58f578a131db8f8d3ab50b8238719b DependenciesID=058bc8ffe595ecf93dc36f73d0782d66 StaticDependenciesID=1f60494d4c655698dcbda1da07116758 
Importing 'GUID: d04bad7ce4addca459a430aeb57dc514 - Path: Assets/GameScripts/Editor/HuntingInDarkness' with importer (DefaultImporter)
Imported 'GUID: d04bad7ce4addca459a430aeb57dc514' -> (Import Result ID: '973f621ff4c1763765564b607299c3fc') in 0.000 seconds [static dependencies only]. Details - ImportResultOutputID=c1e05e64be1f23d097e1f4583d2dc9de DependenciesID=7c25ddc574ade13b22d7c33eb6f2a022 StaticDependenciesID=ffb389ec4bd5d6a5e6b41cd964df2528 
Importing 'GUID: 01be9b5973f449ba803dcadac414edcd - Path: Assets/ZFramework/Editor/Inspector' with importer (DefaultImporter)
Imported 'GUID: 01be9b5973f449ba803dcadac414edcd' -> (Import Result ID: 'aad0d7c37adb619eea84954eac99e348') in 0.001 seconds [static dependencies only]. Details - ImportResultOutputID=4792dcdf3e33b165fa433bb987f8e237 DependenciesID=7604c6383afb0122e5fe6c0cf31a7132 StaticDependenciesID=f620c33620ea50f8bb199f8aa786bf9e 
Importing 'GUID: 1111f413ec79409a9e7f134df621bb34 - Path: Assets/ZFramework/Editor/DefineSymbols' with importer (DefaultImporter)
Imported 'GUID: 1111f413ec79409a9e7f134df621bb34' -> (Import Result ID: 'f23a616a9cd9c56bd94e913a63d0879d') in 0.002 seconds [static dependencies only]. Details - ImportResultOutputID=fb2902977737555241feb48d7f2ab1fc DependenciesID=57a9cd37a2495c73a4510d804c51e5c1 StaticDependenciesID=f7503d188becc9d3f1cdcf887752371f 
Importing 'GUID: 619aadd8f276341ca84d7ad5a9c6db21 - Path: Packages/com.unity.ugui/Runtime/TMP' with importer (DefaultImporter)
Imported 'GUID: 619aadd8f276341ca84d7ad5a9c6db21' -> (Import Result ID: 'afb8719eeeb003e025df5e618692349c') in 0.001 seconds [static dependencies only]. Details - ImportResultOutputID=8ba3c278c33727d9fc8cf73ab4ee1324 DependenciesID=63a75bcf16d77c4b39c71a99c1b125a8 StaticDependenciesID=849fa23fe9b8eb9d1eb8c132ba321c8f 
Importing 'GUID: 715017c3b0bb2a3429d8f021b0d9a2b2 - Path: Packages/com.tuyoogame.yooasset/Runtime/DownloadSystem' with importer (DefaultImporter)
Imported 'GUID: 715017c3b0bb2a3429d8f021b0d9a2b2' -> (Import Result ID: '290d30bb13fd0af91b553ca99e2e7599') in 0.001 seconds [static dependencies only]. Details - ImportResultOutputID=33342639f2800fcefb269db24c1a9379 DependenciesID=7479373899bb9b77a987258176b6b155 StaticDependenciesID=e4ef76f7763aeeeaa2de5b8c25e76a01 
Importing 'GUID: 911bc984bd3097b4e8abddda6993e8f6 - Path: Assets/Launcher/Resources/UIWindow' with importer (DefaultImporter)
Imported 'GUID: 911bc984bd3097b4e8abddda6993e8f6' -> (Import Result ID: 'cb58c15e3148e26b6ebb0d86aae60b93') in 0.002 seconds [static dependencies only]. Details - ImportResultOutputID=586de54c4d9865e1e6d77a203ac53a97 DependenciesID=fbfb1a4ce1ab8093c8f5e87e01dcf5ec StaticDependenciesID=f6761e19353ee05c18dc7058547502f5 
Importing 'GUID: a1dccf4683b72f24193f44755fb1cb8d - Path: Assets/Prefabs/HuntingInDarkness/Cards' with importer (DefaultImporter)
Imported 'GUID: a1dccf4683b72f24193f44755fb1cb8d' -> (Import Result ID: '163ee382c9130f96981acfff51b7d3e8') in 0.001 seconds [static dependencies only]. Details - ImportResultOutputID=15acb8916f07b06a897208e0c967310b DependenciesID=fa3ccbad454357f8410856a17ae56f6b StaticDependenciesID=d69c1b68acd44d02facf81cf377dcca1 
Importing 'GUID: a11faa761c59d12488dbb767462be005 - Path: Assets/TurnBasedPack/ActionQueue/Reactions' with importer (DefaultImporter)
Imported 'GUID: a11faa761c59d12488dbb767462be005' -> (Import Result ID: 'd513cf244293be2147a9be0777c9c262') in 0.001 seconds [static dependencies only]. Details - ImportResultOutputID=5fd4164b1da9f9ace1a848c097370bd4 DependenciesID=753d9025ac890981895ad7ec9c1bdf51 StaticDependenciesID=baba979f423ce21c188b3bfbc3672d8c 
Importing 'GUID: b127fedb48547954b9c54084b6a32a65 - Path: Packages/com.tuyoogame.yooasset/Mini Game/Runtime' with importer (DefaultImporter)
Imported 'GUID: b127fedb48547954b9c54084b6a32a65' -> (Import Result ID: 'bb62bb771ad52912231ca5fc3914a145') in 0.000 seconds [static dependencies only]. Details - ImportResultOutputID=dd59c43b0e0ae3734471d94b3f5a4849 DependenciesID=b79b35b3580a8c0d4942bfb9d191b12c StaticDependenciesID=6b64b738dbffbdd16f7a19a3ccba4129 
Importing 'GUID: b1774501eb8484d47b6c9d61585b4cd4 - Path: Packages/com.tuyoogame.yooasset/EditorExtension/ClearBuildCache' with importer (DefaultImporter)
Imported 'GUID: b1774501eb8484d47b6c9d61585b4cd4' -> (Import Result ID: 'ad43a3022d6263c75d05ed0a1fd64fc9') in 0.001 seconds [static dependencies only]. Details - ImportResultOutputID=a82ace499c5f94b1bf8966775a66db8c DependenciesID=92a1716770e9caafacad0e7f0cff20e4 StaticDependenciesID=362e9d9da51e16fe9e36bebe67f39dd7 
Importing 'GUID: b13fe34bf6612944db53fe8a17644ad7 - Path: Assets/GameScripts/GameLogic/HuntingInDarkness' with importer (DefaultImporter)
Imported 'GUID: b13fe34bf6612944db53fe8a17644ad7' -> (Import Result ID: 'f269c4ba421c7afd2530474176f76f10') in 0.000 seconds [static dependencies only]. Details - ImportResultOutputID=ef7070dfe404e6358d27f73466a192d1 DependenciesID=c0abd9f1ca04a7a3ca1897067291ce38 StaticDependenciesID=30eb982ade9e7208c8c0d12bdb9c255c 
Importing 'GUID: b19f23ac31124274d942d32bec434450 - Path: Packages/com.tuyoogame.yooasset/Editor/AssetBundleCollector' with importer (DefaultImporter)
Imported 'GUID: b19f23ac31124274d942d32bec434450' -> (Import Result ID: '0cb78c18560a01b526a004278b3fb996') in 0.000 seconds [static dependencies only]. Details - ImportResultOutputID=b8759214bd73ab954c6f535bf4a9f99b DependenciesID=8f2f035b3edeffd0e269accfb79e5c1d StaticDependenciesID=167980e93680ddcf994b9846e28829c6 
Importing 'GUID: 1230184928fd436f9c9a007e6575f3dd - Path: Assets/ZFramework/Editor/ReleaseTools' with importer (DefaultImporter)
Imported 'GUID: 1230184928fd436f9c9a007e6575f3dd' -> (Import Result ID: '89577c101d165af74a4eee6fe7362823') in 0.002 seconds [static dependencies only]. Details - ImportResultOutputID=693b60c6ef03bd964ebb0ece50c28435 DependenciesID=4dc1285199ecc8b38d32044e8701a131 StaticDependenciesID=d1afca7b596ca51def3e2168a401570d 
Importing 'GUID: a225fc80e4bc4e24caa14cb50ce08109 - Path: Assets/Editor/ToolbarExtender/UnityToolbarExtenderRight' with importer (DefaultImporter)
Imported 'GUID: a225fc80e4bc4e24caa14cb50ce08109' -> (Import Result ID: 'ff0cbc691e96495b7b3eac83fcb42938') in 0.001 seconds [static dependencies only]. Details - ImportResultOutputID=dae9c4d296a840a376dca80859830771 DependenciesID=2063276a413aad54e46622ce021f439e StaticDependenciesID=8ef545648c1fbc819abdd8f533ac5444 
Importing 'GUID: d2753eab703276041afb1d58301a291c - Path: Packages/com.unity.scriptablebuildpipeline/Editor/Shared' with importer (DefaultImporter)
Imported 'GUID: d2753eab703276041afb1d58301a291c' -> (Import Result ID: '9f62c336994177c19e940bc395752669') in 0.001 seconds [static dependencies only]. Details - ImportResultOutputID=18c68b44aaad1221cfdbdb9836a02551 DependenciesID=b0eee7a20af16662d71b3b41856b8e82 StaticDependenciesID=7be4b37abf844b258f77d1f4c19e8f0f 
Importing 'GUID: d25d346918c1247368b4cb66a787b59e - Path: Packages/com.unity.ai.navigation/Editor/ConversionSystem' with importer (DefaultImporter)
Imported 'GUID: d25d346918c1247368b4cb66a787b59e' -> (Import Result ID: '1d8b8fe7bde325dd4a9fb70e8132c225') in 0.002 seconds [static dependencies only]. Details - ImportResultOutputID=61c1799e396e01ff06258c65fe11510c DependenciesID=4467f6cb56e8fa294b6ca7ad0857e1f3 StaticDependenciesID=65a2944583a0a48d3e69bcef3cb8f940 
Importing 'GUID: 13c0685c8f990994eb8bccb06df93ca3 - Path: Packages/com.tuyoogame.yooasset/Runtime/DiagnosticSystem' with importer (DefaultImporter)
Imported 'GUID: 13c0685c8f990994eb8bccb06df93ca3' -> (Import Result ID: '3b17591f1c925bb439a803d5690d1c06') in 0.001 seconds [static dependencies only]. Details - ImportResultOutputID=ac99aadfdd822d4a31bfffff10f2bdfc DependenciesID=99590d4e6bf51924a77b27b0f2749953 StaticDependenciesID=78be6c3da5e7fe6ba62cd585e8b8aef4 
Importing 'GUID: 633f49a8aafb6fa43894cd4646c71743 - Path: Packages/com.cysharp.unitask/Runtime/Internal' with importer (DefaultImporter)
Imported 'GUID: 633f49a8aafb6fa43894cd4646c71743' -> (Import Result ID: '821c39d1accdae1c06ef0cd6cb2782f7') in 0.001 seconds [static dependencies only]. Details - ImportResultOutputID=6de43c103c64d9288491158b876bdd6b DependenciesID=bda3f4a5f8faaae4d466d48d1ed264d9 StaticDependenciesID=eaa1ca52fb5b51c447cb28d6c0f84cf4 
Importing 'GUID: 731f1baa9d144a9897cb1d341c2092b8 - Path: Assets/TextMesh Pro/Resources/Fonts & Materials' with importer (DefaultImporter)
Imported 'GUID: 731f1baa9d144a9897cb1d341c2092b8' -> (Import Result ID: '5c442172671635dfe4849258f461af56') in 0.002 seconds [static dependencies only]. Details - ImportResultOutputID=cf24996e50fb4ab70ff6e0410592c4d4 DependenciesID=c0462c7f532dd026b511b8b7e77c0e57 StaticDependenciesID=7f162724e56d705279d01cf624589b4d 
Importing 'GUID: 73ef838ec60c36249ba05eaa3c96273e - Path: Packages/com.tuyoogame.yooasset/EditorExtension/CustomCollectRules' with importer (DefaultImporter)
Imported 'GUID: 73ef838ec60c36249ba05eaa3c96273e' -> (Import Result ID: '0861912f6f78740af25b9c1409061b9d') in 0.002 seconds [static dependencies only]. Details - ImportResultOutputID=74ff99dca5a5cc7986e8a5c3f691cdbe DependenciesID=217d34ffbfb91197564b008d25ab85fa StaticDependenciesID=7a1613b50ea16a0f45bbdaa5353e3fe7 
Importing 'GUID: 83be1c14cfbe90c4288847f2b01c1884 - Path: Packages/com.unity.scriptablebuildpipeline/Editor/Injector' with importer (DefaultImporter)
Imported 'GUID: 83be1c14cfbe90c4288847f2b01c1884' -> (Import Result ID: 'fedbc588f84be71c21b4a77656e4a93a') in 0.002 seconds [static dependencies only]. Details - ImportResultOutputID=dc24d6fb7a4b57fd9979e223d4dca39a DependenciesID=4f4f5e42597227cbaf3e93414ba61c88 StaticDependenciesID=250680ade7cddca57b47190b174fb60d 
Importing 'GUID: 936bea4b2545c4a4fad2e623b0f6371f - Path: Packages/com.unity.ugui/Tests/Editor' with importer (DefaultImporter)
Imported 'GUID: 936bea4b2545c4a4fad2e623b0f6371f' -> (Import Result ID: '489a415b65543260db8816a2405f4e13') in 0.001 seconds [static dependencies only]. Details - ImportResultOutputID=6e7dd9e2a1aa209ff560d6a592335c7c DependenciesID=96876c122ea12289e5e0c1336f87f38a StaticDependenciesID=00ae24ed86af455e34712638ec067ccb 
Importing 'GUID: 936c6340f3468444ebb1785b4c311126 - Path: Packages/com.unity.test-framework/UnityEditor.TestRunner/UnityTestProtocol' with importer (DefaultImporter)
Imported 'GUID: 936c6340f3468444ebb1785b4c311126' -> (Import Result ID: '3a51d09533a264496af4711519f9e72c') in 0.001 seconds [static dependencies only]. Details - ImportResultOutputID=89127d418b93a7e53b9d2f81dc229627 DependenciesID=15ab84ac08b416cf4b9dddd2503c269d StaticDependenciesID=6bdda76c9174ed6ddc4655f058ddd71a 
Importing 'GUID: a3e874acee8398745b1dc3eddac09eaa - Path: Packages/com.cysharp.unitask/Runtime/External' with importer (DefaultImporter)
Imported 'GUID: a3e874acee8398745b1dc3eddac09eaa' -> (Import Result ID: 'c5c917bbb9cbb7949274f6fe31a467c7') in 0.001 seconds [static dependencies only]. Details - ImportResultOutputID=3b23b0049cb9e77deea7fea35512ca3f DependenciesID=fa85ade149973473ae2f2994234bdc37 StaticDependenciesID=dfc19ddf1b1907a9f5ce894dec9629c3 
Importing 'GUID: d3f1cef9a16d4a21826a13742ee5ea01 - Path: Packages/com.unity.scriptablebuildpipeline/Editor/Tasks' with importer (DefaultImporter)
Imported 'GUID: d3f1cef9a16d4a21826a13742ee5ea01' -> (Import Result ID: '82355fca625f268b74803b4571f26ccc') in 0.001 seconds [static dependencies only]. Details - ImportResultOutputID=b88f5ce2bac4b958f8ae44ef1562589a DependenciesID=c6364753d423c47381b5341349c3679f StaticDependenciesID=9d31bf8cf0963893727af5c0bb3067d6 
Importing 'GUID: f31fd7d84082456ca976a79209465adb - Path: Assets/TurnBasedPack/ActionQueue/Unity' with importer (DefaultImporter)
Imported 'GUID: f31fd7d84082456ca976a79209465adb' -> (Import Result ID: '82a5e3fb455b0f3f7b3309c3f5ec156d') in 0.002 seconds [static dependencies only]. Details - ImportResultOutputID=a190c9fe2b0ac10e9cebc910a082f917 DependenciesID=4df64a2f89cc1473401c7ba312416651 StaticDependenciesID=320fd318aff325c9bb574ceacce45a88 
Importing 'GUID: 14d09cd7f31347f591736f8bcbb5e94c - Path: Assets/GameScripts/GameLogic/SingletonSystem' with importer (DefaultImporter)
Imported 'GUID: 14d09cd7f31347f591736f8bcbb5e94c' -> (Import Result ID: 'd2f22917d7ebc60d25cf8f070452dc76') in 0.001 seconds [static dependencies only]. Details - ImportResultOutputID=05f828b6ddfdee8015c22f3830aa0d32 DependenciesID=c8d735bf015796a83b7e609aa6e2f552 StaticDependenciesID=5dcdac2196f0617185baf6634ab86846 
Importing 'GUID: 14f21d7a1e53a8c4e87b25526a7eb63c - Path: Packages/com.unity.nuget.newtonsoft-json/Runtime/AOT' with importer (DefaultImporter)
Imported 'GUID: 14f21d7a1e53a8c4e87b25526a7eb63c' -> (Import Result ID: '9d4d288f35522e48d4dfb3d92938b4d6') in 0.002 seconds [static dependencies only]. Details - ImportResultOutputID=a597531dc357219541867abb29c5f502 DependenciesID=9f8073d8af0117e0680f3053fbcdde6e StaticDependenciesID=fec5c25aa9e7ae59ef2fd0342e03784a 
Importing 'GUID: 14daf684e3fbf094fb4f3d8d05d6a695 - Path: Assets/TurnBasedPack/PreviewSystem/Runtime' with importer (DefaultImporter)
Imported 'GUID: 14daf684e3fbf094fb4f3d8d05d6a695' -> (Import Result ID: '7bf3eed104b1b5feea3ccd58ec94f7df') in 0.001 seconds [static dependencies only]. Details - ImportResultOutputID=180264755f81ef3e23e12be0209b5cc9 DependenciesID=3886a584f0d3eedd09a6b7cca6641dd1 StaticDependenciesID=cb1330d091e3bdf48130c09ece535a79 
Importing 'GUID: 24de8307d973e7541803ec7b592a5361 - Path: Packages/com.unity.scriptablebuildpipeline/Editor/Profiler' with importer (DefaultImporter)
Imported 'GUID: 24de8307d973e7541803ec7b592a5361' -> (Import Result ID: 'ede958bf8526842e3dad9542ca40df8a') in 0.001 seconds [static dependencies only]. Details - ImportResultOutputID=93a9b5f5cbf088fab27e07877d12b37b DependenciesID=37edaf4bd4e8487da4ee53db99f0c4b5 StaticDependenciesID=01d87f6de845142f7eeda4e5290151f6 
Importing 'GUID: 347170aad6514ab59f4cce3c6ad23c40 - Path: Packages/com.leonz.z-editor-tools/Editor/Settings' with importer (DefaultImporter)
Imported 'GUID: 347170aad6514ab59f4cce3c6ad23c40' -> (Import Result ID: '37f445b211f1d257385bb8bd08cabc76') in 0.001 seconds [static dependencies only]. Details - ImportResultOutputID=ea1fe737a341a652e1960fea62f562c4 DependenciesID=272256bc5c1329b7d87cb9aacdc884e0 StaticDependenciesID=e5e756917399ba65e7b542175658b98e 
Importing 'GUID: 443dd03b960c78d449f988aa5f00322a - Path: Assets/Editor/ToolbarExtender/UnityToolbarExtenderLeft' with importer (DefaultImporter)
Imported 'GUID: 443dd03b960c78d449f988aa5f00322a' -> (Import Result ID: '93bc3aedb6444b31a72d22ec73c6ae53') in 0.002 seconds [static dependencies only]. Details - ImportResultOutputID=76f677010d4b83d6f4b6a54a88610fca DependenciesID=743dc3c248e9fbe93299c4771a248d00 StaticDependenciesID=83f62a90636dd76f3ff38f50fa04580f 
Importing 'GUID: 64b064347ca7a404494a996b072e2e29 - Path: Packages/com.cysharp.unitask/Runtime/CompilerServices' with importer (DefaultImporter)
Imported 'GUID: 64b064347ca7a404494a996b072e2e29' -> (Import Result ID: 'b57f354b7c276845e8167bc13823b593') in 0.001 seconds [static dependencies only]. Details - ImportResultOutputID=1b7e5c7a6c30617773331e53b8f9275d DependenciesID=3efb0d592376c1ca1318976856f3e35b StaticDependenciesID=110c244f5457f33f447573e8acb97139 
Importing 'GUID: b477d1f29b65a674e9d5cdab4eb72b01 - Path: Packages/com.unity.test-framework/UnityEditor.TestRunner/CommandLineTest' with importer (DefaultImporter)
Imported 'GUID: b477d1f29b65a674e9d5cdab4eb72b01' -> (Import Result ID: '41a193ccd8b2d3327198421590e2f506') in 0.001 seconds [static dependencies only]. Details - ImportResultOutputID=6b09130ee2b1eae35ef5007d9a1c5219 DependenciesID=cca7ce589a7781991994749b126bfc74 StaticDependenciesID=887ce8072f47ac5a0683b1c1184573f4 
Importing 'GUID: f450f29c62aedae4390edc923f71811d - Path: Packages/com.tuyoogame.yooasset/EditorExtension/CreateBuildinCatalog' with importer (DefaultImporter)
Imported 'GUID: f450f29c62aedae4390edc923f71811d' -> (Import Result ID: '6ce54ecd974aae558806725ef1215667') in 0.002 seconds [static dependencies only]. Details - ImportResultOutputID=422d97e133d8070c83f719094997d657 DependenciesID=4a606d74482c2ff201df813561ab3698 StaticDependenciesID=6af6914ca8decfc6686205113e6e8883 
Importing 'GUID: f42d0374f4587401395165a2788ee07c - Path: Packages/com.leonz.z-editor-tools/Editor/vInspector' with importer (DefaultImporter)
Imported 'GUID: f42d0374f4587401395165a2788ee07c' -> (Import Result ID: '628b08b65cb8f5267e278d31b191c58d') in 0.001 seconds [static dependencies only]. Details - ImportResultOutputID=583c99f3300c2516d6be1030bbae3008 DependenciesID=a53619a6dd3eb224c54667da8b1811a2 StaticDependenciesID=9de16a09260c9b5da461f50acd768238 
Importing 'GUID: 458309d84f1db6a4b82a53880ab80ec4 - Path: Assets/TurnBasedPack/ActionQueue/Tests' with importer (DefaultImporter)
Imported 'GUID: 458309d84f1db6a4b82a53880ab80ec4' -> (Import Result ID: 'ad17aa138baca6cd748438dbc5dba6d7') in 0.000 seconds [static dependencies only]. Details - ImportResultOutputID=90199454d66503b4df6d0c99f511d691 DependenciesID=d423e4ad70747adcebe7a089f3984e3b StaticDependenciesID=68ee8ec16094327bedb48f391ca31cfc 
Importing 'GUID: 5585298bf0833b040b458ff94f911fd9 - Path: Packages/com.unity.scriptablebuildpipeline/Runtime/Shared' with importer (DefaultImporter)
Imported 'GUID: 5585298bf0833b040b458ff94f911fd9' -> (Import Result ID: 'd56a2719aefeef4d755c396450206008') in 0.000 seconds [static dependencies only]. Details - ImportResultOutputID=79025af600d47c3ec3e1a3bd73928bac DependenciesID=221a3b0e91a50a55ecd8d639a0b416c0 StaticDependenciesID=43e1fa34fd1e4be6f4ddee0fdc279075 
Importing 'GUID: 65d4f0a5cf4ef724d85d74621ed12108 - Path: Assets/Plugins/UniTask/UniTask' with importer (DefaultImporter)
Imported 'GUID: 65d4f0a5cf4ef724d85d74621ed12108' -> (Import Result ID: '7cb337098ebf08709b27fafccba26cc3') in 0.000 seconds [static dependencies only]. Details - ImportResultOutputID=56957ee02ca8bf31d1487603d09feb86 DependenciesID=0832c9f3d8b4d0ca4238f19b2d1f67c2 StaticDependenciesID=b6cc59a053413db70c099cb26802a4da 
Importing 'GUID: 85c0c768ced512e42b24021b3258b669 - Path: Packages/com.cysharp.unitask/Runtime/Triggers' with importer (DefaultImporter)
Imported 'GUID: 85c0c768ced512e42b24021b3258b669' -> (Import Result ID: '5dd20769c3d0599faf6e90b0d75fc6e0') in 0.001 seconds [static dependencies only]. Details - ImportResultOutputID=c1ee46cd46e33958fcf61b41eea6da6e DependenciesID=29729d778209eba549f8f2e36f7b3583 StaticDependenciesID=b51fea98ad94fb4d0bd84021f9d35bba 
Importing 'GUID: 95b719082a664ea45bb56759eed1f271 - Path: Packages/com.unity.test-framework/UnityEditor.TestRunner/TestSettings' with importer (DefaultImporter)
Imported 'GUID: 95b719082a664ea45bb56759eed1f271' -> (Import Result ID: '364e575aa6ed4532c2832f196bb09bcf') in 0.001 seconds [static dependencies only]. Details - ImportResultOutputID=26719bd1c3a48fbd939af9a8e209c7ef DependenciesID=17fd597156face5bf56546bff9f06fbe StaticDependenciesID=4d4eeded1ae51f8933b965e9a815526d 
Importing 'GUID: c545241cf2e56ec4997d7677f01ef43d - Path: Packages/com.unity.ugui/Tests/Runtime' with importer (DefaultImporter)
Imported 'GUID: c545241cf2e56ec4997d7677f01ef43d' -> (Import Result ID: '4b7a46e9e596a421617e46154b84b315') in 0.001 seconds [static dependencies only]. Details - ImportResultOutputID=23714be275632e43abe8c1d7b3185e3f DependenciesID=6f01f94e4e627b8fd790d2b830445c21 StaticDependenciesID=2330112c48250f877137c194ed6c2987 
Importing 'GUID: c52726d811a9f66459355df6b0c3977b - Path: Packages/com.unity.ugui/Editor/Analytics' with importer (DefaultImporter)
Imported 'GUID: c52726d811a9f66459355df6b0c3977b' -> (Import Result ID: '4f5f2630b61ed6fd54ce8df0429a158d') in 0.001 seconds [static dependencies only]. Details - ImportResultOutputID=a4fcbdcd7e8b14801fa5403679319dc4 DependenciesID=66691aa143e1c309cf0dfeb6b593a764 StaticDependenciesID=2cadf9ba87d96ceec4063ee823508c48 
Importing 'GUID: e501e91b337adda41bd6c22cf8cae83e - Path: Packages/com.unity.scriptablebuildpipeline/Editor/Interfaces' with importer (DefaultImporter)
Imported 'GUID: e501e91b337adda41bd6c22cf8cae83e' -> (Import Result ID: '0f3351fec3687c378af876bb65af6188') in 0.001 seconds [static dependencies only]. Details - ImportResultOutputID=8013c021cfb08dd5241af21317e9d3e5 DependenciesID=89f8fcfca0b996506409061feca6bff0 StaticDependenciesID=d0e9a3ab4ac41aa31560c6b17805a603 
Importing 'GUID: 16fac2fa602633346b6f45f4362f28f7 - Path: Assets/ZFramework/Editor/AtlasMakerEditor' with importer (DefaultImporter)
Imported 'GUID: 16fac2fa602633346b6f45f4362f28f7' -> (Import Result ID: '7a69fd298bb6bfde8640c2b9cdb35dd6') in 0.001 seconds [static dependencies only]. Details - ImportResultOutputID=e28f998d6e4a8c130108623791acd65e DependenciesID=8c57e5a1e381c268959948657f689bd5 StaticDependenciesID=8b5e0157193ce656800d2deadaa8cd66 
Importing 'GUID: 2624ff72d59541b5b99fd9bbdf32b081 - Path: Assets/ZFramework/Runtime/Extension' with importer (DefaultImporter)
Imported 'GUID: 2624ff72d59541b5b99fd9bbdf32b081' -> (Import Result ID: '05d52b86067a111b5f392a7179e13e2a') in 0.000 seconds [static dependencies only]. Details - ImportResultOutputID=ad03ddb3813e87e84e897f4f51a657c0 DependenciesID=f44ceb0488748cf0809f6cb000661b5f StaticDependenciesID=84b3108f3d5ae3d363fd6bf1778bab71 
Importing 'GUID: 2619b2d47854d124c8256cbf8c85e2e9 - Path: Assets/TurnBasedPack/ActionQueue/Core' with importer (DefaultImporter)
Imported 'GUID: 2619b2d47854d124c8256cbf8c85e2e9' -> (Import Result ID: 'f7df76dbc95cf2e9cb7464efcd41e184') in 0.001 seconds [static dependencies only]. Details - ImportResultOutputID=bfb4e9411c99ff905065eee9edef465d DependenciesID=e046087e36b5c18541ad43ca136bf8f4 StaticDependenciesID=66611702e22321f65f209210a1e5e241 
Importing 'GUID: 36422aa067e092e45b9820da2ee3e728 - Path: Packages/com.unity.ide.visualstudio/Editor/COMIntegration' with importer (DefaultImporter)
Imported 'GUID: 36422aa067e092e45b9820da2ee3e728' -> (Import Result ID: 'dcec6271a66cfcf482e417b36025c7fe') in 0.002 seconds [static dependencies only]. Details - ImportResultOutputID=f7d76acd433a5a63c3efcfef339771e7 DependenciesID=930a530d01ad2b396e8170fdf4b616fa StaticDependenciesID=0f7f611f1c251e58440bb93cefebadac 
Importing 'GUID: 36626e333f5e25c4581bc91db0189714 - Path: Packages/com.tuyoogame.yooasset/EditorExtension/PreprocessBuild' with importer (DefaultImporter)
Imported 'GUID: 36626e333f5e25c4581bc91db0189714' -> (Import Result ID: 'cc1ab1f7ad8ffbff3cd9c0f539cf1240') in 0.001 seconds [static dependencies only]. Details - ImportResultOutputID=9e77171bda6b06f3697183ea55a152a2 DependenciesID=1fb03690d1ffd83b0a8c1e513586ad96 StaticDependenciesID=2eeeebc2cdf1765a7ff359d9f8560597 
Importing 'GUID: 56c0a6f4a9654e5181e863120b2debd1 - Path: Assets/GameScripts/GameLogic/Module' with importer (DefaultImporter)
Imported 'GUID: 56c0a6f4a9654e5181e863120b2debd1' -> (Import Result ID: 'e47a36c0b7012df69a7f4f6c4a702b56') in 0.001 seconds [static dependencies only]. Details - ImportResultOutputID=0a8d46b2d0959431af681c19963cafbc DependenciesID=648008a4aa6c748beaca09328a1430b2 StaticDependenciesID=248ee8b5ac49f884b9a2f613d442804d 
Importing 'GUID: 560595c1147a03c47af5bcc7410963c0 - Path: Packages/com.unity.scriptablebuildpipeline/Editor/WriteTypes' with importer (DefaultImporter)
Imported 'GUID: 560595c1147a03c47af5bcc7410963c0' -> (Import Result ID: 'e9a96640567fcc90f22e9552ce67abe3') in 0.001 seconds [static dependencies only]. Details - ImportResultOutputID=ccebdfa5c158206b404a027c1a1a8663 DependenciesID=3ceaea84b695feac4b21ba1037ad2a48 StaticDependenciesID=3ab22d8e81d7eb2eb5a77c990cc6791e 
Importing 'GUID: 569f60ef80f74a642bac91eca0b20a2b - Path: Packages/com.tuyoogame.yooasset/Runtime/Assembly' with importer (DefaultImporter)
Imported 'GUID: 569f60ef80f74a642bac91eca0b20a2b' -> (Import Result ID: 'e65547ff1a50f8552216a2a6d86ca7df') in 0.002 seconds [static dependencies only]. Details - ImportResultOutputID=852362cfb4ae5ba30d80a4ff49196ef1 DependenciesID=fef5b1e9debc32885bf6030e0a96b1d2 StaticDependenciesID=ef98b78e9242b1257f9cf7d01498ee16 
Importing 'GUID: 7602252bdb82b8d45ae3483c3a00d3e1 - Path: Packages/com.unity.test-framework/UnityEditor.TestRunner/CommandLineParser' with importer (DefaultImporter)
Imported 'GUID: 7602252bdb82b8d45ae3483c3a00d3e1' -> (Import Result ID: '256beccd4bda978228fb5967d6a74cf2') in 0.001 seconds [static dependencies only]. Details - ImportResultOutputID=f9dfa1c1591b6cc754dc7a89ea46d3e7 DependenciesID=f6b8fa22dba2e619b26228aa34c431ed StaticDependenciesID=d5c0f448aa102827a0e038851b8ef4e0 
Importing 'GUID: a6a253263ae047fc8f4e0fc4d0f9b3a2 - Path: Assets/TurnBasedPack/ActionQueue/Debugging' with importer (DefaultImporter)
Imported 'GUID: a6a253263ae047fc8f4e0fc4d0f9b3a2' -> (Import Result ID: '6ed55e2002ebd62955ae03c3446385a4') in 0.001 seconds [static dependencies only]. Details - ImportResultOutputID=d20813d9902773dc203f9328cbb3a576 DependenciesID=9df843b87afa0d89449675ffd3331110 StaticDependenciesID=4ea34a86f9dbae2dc1b2245c39df0c78 
Importing 'GUID: b6a4a5214fe67cf46ab0e4e1770ef275 - Path: Packages/com.unity.scriptablebuildpipeline/Editor/Utilities' with importer (DefaultImporter)
Imported 'GUID: b6a4a5214fe67cf46ab0e4e1770ef275' -> (Import Result ID: '4c3de25b0ad6d5a016ab976d463bf155') in 0.001 seconds [static dependencies only]. Details - ImportResultOutputID=3eac300d60912d8f928555b598787ba9 DependenciesID=67bd37f7843c0d83a402fbe41319313b StaticDependenciesID=a77f3ae8f206d461938bfdac3d027576 
Importing 'GUID: d64d92e4f04a13e4b99ea8d48e9e8ae9 - Path: Packages/com.unity.test-framework/UnityEditor.TestRunner/TestLaunchers' with importer (DefaultImporter)
Imported 'GUID: d64d92e4f04a13e4b99ea8d48e9e8ae9' -> (Import Result ID: 'd93185a37a1f1d9b11fd42bdf1ec78a5') in 0.001 seconds [static dependencies only]. Details - ImportResultOutputID=a0cbcea9f871bede76e5589470a0b9df DependenciesID=743c5dd33ba872b72a31c3e6e3eaa2c4 StaticDependenciesID=fb7a077503d38b0c1503587a58c7d95a 
Importing 'GUID: f63bfdaa2e1fd3d48b604787fd1a8c99 - Path: Packages/com.tuyoogame.yooasset/RuntimeExtension/ExtensionOperation' with importer (DefaultImporter)
Imported 'GUID: f63bfdaa2e1fd3d48b604787fd1a8c99' -> (Import Result ID: '7ecc131f4219278892db3e705883a856') in 0.001 seconds [static dependencies only]. Details - ImportResultOutputID=557e645828bec83117ca022bc6448d10 DependenciesID=dd0743f432826b0aa716d51ad119aaa1 StaticDependenciesID=d2be8c3a15a9b4d3f7ba2f759371a7c4 
Importing 'GUID: 07e4765a28c88bb438bec1648ca3d814 - Path: Packages/com.zframework.ecs/Runtime/Systems' with importer (DefaultImporter)
Imported 'GUID: 07e4765a28c88bb438bec1648ca3d814' -> (Import Result ID: 'f2165f28cab16240175674edc2939b0e') in 0.002 seconds [static dependencies only]. Details - ImportResultOutputID=9f520c3bf7e420a343f17070f17fa055 DependenciesID=191dbab7c5c43688e4ac4f58c4627ac6 StaticDependenciesID=717d3d7d6c7fc96f434de9a3a10a8804 
Importing 'GUID: 27328db3447b143dcb24e8c854d86028 - Path: Packages/com.unity.ext.nunit/net472/unity-custom' with importer (DefaultImporter)
Imported 'GUID: 27328db3447b143dcb24e8c854d86028' -> (Import Result ID: 'fec3a99dbc3b0e19ef6ccadf5a84d089') in 0.002 seconds [static dependencies only]. Details - ImportResultOutputID=1b08fb6f528fa1c4cea1952d60bb44cb DependenciesID=2ceb2d534c96a03e3a5233d3283759d6 StaticDependenciesID=10d01fb553a212f11cb80118c6953179 
Importing 'GUID: 278b6073a5bdd4362acd72ca43ff9e0d - Path: Packages/com.unity.ugui/Editor/UGUI' with importer (DefaultImporter)
Imported 'GUID: 278b6073a5bdd4362acd72ca43ff9e0d' -> (Import Result ID: 'b65c3fbcff3f2a14e2f7fc9703277489') in 0.002 seconds [static dependencies only]. Details - ImportResultOutputID=32981cfd7c53e5ac7cdf5f6f6552ea5d DependenciesID=3158490c12981d4b8b82d60c75011fa9 StaticDependenciesID=a8ddf4853bba96bb18566ecdc9aa49c9 
Importing 'GUID: 674a01ce352a73e4782f1bb0a8647b05 - Path: Assets/TurnBasedPack/BuffSystem/Runtime' with importer (DefaultImporter)
Imported 'GUID: 674a01ce352a73e4782f1bb0a8647b05' -> (Import Result ID: 'e262de1b9e04dc9cff4ce61c998df72d') in 0.000 seconds [static dependencies only]. Details - ImportResultOutputID=3f1181812b70e02551fc50f1d279a39a DependenciesID=a200ee1d77ab40fe9a2892499e8d81a6 StaticDependenciesID=f0bdfa3de947c37d657f69d0a016cded 
Importing 'GUID: 674cae792e30dd649af3a303566a640a - Path: Assets/AssetRaw/UIRaw/Atlas' with importer (DefaultImporter)
Imported 'GUID: 674cae792e30dd649af3a303566a640a' -> (Import Result ID: 'a08a3226aed918e14e75fd389329fa10') in 0.002 seconds [static dependencies only]. Details - ImportResultOutputID=0926b87f1d6f69a28e8a48174ca3a492 DependenciesID=493d9451b8f07d521cb8d978c4335082 StaticDependenciesID=526f3d15ede1dce3e43e12eddcd840b1 
Importing 'GUID: 770292fd53451ac40b45c59a4ef241a9 - Path: Packages/com.tuyoogame.yooasset/Runtime/Utility' with importer (DefaultImporter)
Imported 'GUID: 770292fd53451ac40b45c59a4ef241a9' -> (Import Result ID: '51255f694535bf93857aa224755dbe04') in 0.000 seconds [static dependencies only]. Details - ImportResultOutputID=499b5bc70636b41b46347c1f46c61481 DependenciesID=85ad2610e34d78cc0e2870219b5712be StaticDependenciesID=599d89e29221c3a0fe99bf7f983d03f1 
Importing 'GUID: 8721cb2237d4a564a94a51f56243bdac - Path: Packages/com.unity.test-framework/UnityEditor.TestRunner/TestRun' with importer (DefaultImporter)
Imported 'GUID: 8721cb2237d4a564a94a51f56243bdac' -> (Import Result ID: '2c969dcec13399623d38ca573952575a') in 0.002 seconds [static dependencies only]. Details - ImportResultOutputID=bb3abceed2dcdbc717577da6a5516a6a DependenciesID=5c871a190d50d3ff0620c27a96f4f185 StaticDependenciesID=da0159acfbf9230c4c54d2932fa66f25 
Importing 'GUID: d759189bc3e47411985027b7cb98f986 - Path: Packages/com.unity.scriptablebuildpipeline/Tests/Editor' with importer (DefaultImporter)
Imported 'GUID: d759189bc3e47411985027b7cb98f986' -> (Import Result ID: '4da984f013f20fbe565bae895951cd46') in 0.001 seconds [static dependencies only]. Details - ImportResultOutputID=b7eb6f1a6f389cb193a3c863efec41c2 DependenciesID=eeb867d2d22292e9c0c078d330b30284 StaticDependenciesID=6f8b5f49ed9abe31f4948e7f2d33d9c4 
Importing 'GUID: d7ac605758b151748980942c6d563fed - Path: Packages/com.tuyoogame.yooasset/Runtime/FileSystem' with importer (DefaultImporter)
Imported 'GUID: d7ac605758b151748980942c6d563fed' -> (Import Result ID: 'fdb00de6d39e474927f3def0b5b65171') in 0.002 seconds [static dependencies only]. Details - ImportResultOutputID=879ad0375e3c3730659fc33d04646211 DependenciesID=1ef31c8772f3aa46fcd18d1575ae85c8 StaticDependenciesID=6b7fdde78fe87b760c00acf0f0368104 
Importing 'GUID: 1817d28a5343b4ec19b4ec7903730e2c - Path: Packages/com.unity.ugui/Runtime/UGUI' with importer (DefaultImporter)
Imported 'GUID: 1817d28a5343b4ec19b4ec7903730e2c' -> (Import Result ID: '28ebe7ffdaa10980bfe22f5670b8a4b1') in 0.000 seconds [static dependencies only]. Details - ImportResultOutputID=b06f593c5ff66d4aa68f7839745ff577 DependenciesID=6b4d9364fca287ded8f93a91c9fbcd0e StaticDependenciesID=ac0a7978296cd6fe55a7d82dd0fe4c72 
Importing 'GUID: 48a588c0f57547d2ba41aea375e1ac34 - Path: Assets/ZFramework/Editor/ArchitectureGuide' with importer (DefaultImporter)
Imported 'GUID: 48a588c0f57547d2ba41aea375e1ac34' -> (Import Result ID: '18fecb625d30e52124a4719e633b4ca7') in 0.001 seconds [static dependencies only]. Details - ImportResultOutputID=6ac33f284d2a6bee68445519e2f1dba2 DependenciesID=a3ac7224ed74a7d68f84d5d79237573b StaticDependenciesID=373950634a746a94598b06cc124efafc 
Importing 'GUID: 5866638871e04782ad74496c1d5afaf0 - Path: Assets/TurnBasedPack/PresentationSystem/Runtime' with importer (DefaultImporter)
Imported 'GUID: 5866638871e04782ad74496c1d5afaf0' -> (Import Result ID: '5e54a59896d34119317cf4ac5779a27d') in 0.001 seconds [static dependencies only]. Details - ImportResultOutputID=12bf5a2568136c651f4452a78513ad30 DependenciesID=9200aa23b6c00c1830a620d1de48367f StaticDependenciesID=c4f2969f02755086b054428ec4075ac9 
Importing 'GUID: 5818847daad9cc34cabdf168541cae21 - Path: Assets/GameScripts/FrameworkUI/UIBindComponent' with importer (DefaultImporter)
Imported 'GUID: 5818847daad9cc34cabdf168541cae21' -> (Import Result ID: 'ce0c6a6c9ab7e2149452096f94d599c4') in 0.002 seconds [static dependencies only]. Details - ImportResultOutputID=2e75fd53d7b7907bfba375485173e080 DependenciesID=54036b2a02d44058bbc96e0d58362530 StaticDependenciesID=8974846ab1d9395f68c92de851e20378 
Importing 'GUID: 7860219d6dd6782448098f9c5c5a0daf - Path: Assets/StreamingAssets/package/DefaultPackage' with importer (DefaultImporter)
Imported 'GUID: 7860219d6dd6782448098f9c5c5a0daf' -> (Import Result ID: '8fdba96cbb9c48f4ce050b6e1bd3d8c8') in 0.002 seconds [static dependencies only]. Details - ImportResultOutputID=9d853774fbeca16cc8784695cec41e30 DependenciesID=458444e6394fb291298123ce2ff5ed7e StaticDependenciesID=ef2def240d54bcf04d794aa09aa8d1a9 
Importing 'GUID: b8bbf1ba7b840684694954b3680a4b91 - Path: Packages/com.unity.scriptablebuildpipeline/Tests/Runtime' with importer (DefaultImporter)
Imported 'GUID: b8bbf1ba7b840684694954b3680a4b91' -> (Import Result ID: '17ed5797daaa6f36abb048b62003f256') in 0.001 seconds [static dependencies only]. Details - ImportResultOutputID=101f34a5e3eb08adfa9a0cf8695edbe7 DependenciesID=035bf223eda2ca2ede1040a70ad9b8d4 StaticDependenciesID=0c97e9084d4d001e39073519ca849f05 
Importing 'GUID: b84f9740fbd33d54caad5c0df6359f7b - Path: Packages/com.zframework.ecs/Runtime/Core' with importer (DefaultImporter)
Imported 'GUID: b84f9740fbd33d54caad5c0df6359f7b' -> (Import Result ID: '170ee3ac6e8da93ef79d01bc2954dfc3') in 0.001 seconds [static dependencies only]. Details - ImportResultOutputID=05d34f50c625b421cd3c127cb1dfab69 DependenciesID=6a0e1bd63984a07e7c515e25eefea781 StaticDependenciesID=ae339502d9e22fcb0dbfce372454c30c 
Importing 'GUID: e8f5ca9e913008d4988fe0f4a2f4a443 - Path: Packages/com.tuyoogame.yooasset/EditorExtension/CustomBuildPipeline' with importer (DefaultImporter)
Imported 'GUID: e8f5ca9e913008d4988fe0f4a2f4a443' -> (Import Result ID: '19ed121a20a71424298215abba54c6b2') in 0.002 seconds [static dependencies only]. Details - ImportResultOutputID=2444873ff859d606d07e3d8343d6c645 DependenciesID=3a516c053a7584cc870819574c4deb79 StaticDependenciesID=ad55c4a38ed48561b22163a93f406f8e 
Importing 'GUID: f8e6a2d47aba4c6c9b3c5a72d9f48da5 - Path: Packages/com.unity.ugui/Editor Resources/Textures' with importer (DefaultImporter)
Imported 'GUID: f8e6a2d47aba4c6c9b3c5a72d9f48da5' -> (Import Result ID: '52d9ab64b9a3f22a5ea240dfdf324a7c') in 0.001 seconds [static dependencies only]. Details - ImportResultOutputID=8cf7045d5f9dd1aae7326268b1ec842f DependenciesID=36fa6da8cf08cd3160341693e05f43c7 StaticDependenciesID=1d6448a96cd7fb81b60cff7cfdbb610f 
Importing 'GUID: 093d680f98aba4b4b9df0034a21d0076 - Path: Assets/ZFramework/Extension/InputModule' with importer (DefaultImporter)
Imported 'GUID: 093d680f98aba4b4b9df0034a21d0076' -> (Import Result ID: '416bf2070fd4c1c236e64debbd4461a5') in 0.002 seconds [static dependencies only]. Details - ImportResultOutputID=024fc1efb5005a37b4b87f99061bbc8d DependenciesID=ff41e0e01ad40b8b18e245c3f39133da StaticDependenciesID=5ee9950af81d1669a5d8f7f800fd9353 
Importing 'GUID: 19e1940646874613a076c6b01d1f3404 - Path: Packages/com.unity.test-framework/UnityEngine.TestRunner/UnityTestProtocol' with importer (DefaultImporter)
Imported 'GUID: 19e1940646874613a076c6b01d1f3404' -> (Import Result ID: 'ac9b0ff29afb5134d4c37be12bfb6e83') in 0.001 seconds [static dependencies only]. Details - ImportResultOutputID=668859c4e140aaa536de161b4ed5fd78 DependenciesID=d4a719ab62c91e1d533b2b6b630fb9a6 StaticDependenciesID=b2248281a4e2ee60ef31e8c1ba23f3b4 
Importing 'GUID: 197364393c72852419af32ef010600bf - Path: Packages/com.tuyoogame.yooasset/Editor/AssetBundleReporter' with importer (DefaultImporter)
Imported 'GUID: 197364393c72852419af32ef010600bf' -> (Import Result ID: '201141e6f2aac4eb91141f19248acbce') in 0.002 seconds [static dependencies only]. Details - ImportResultOutputID=596804ab91988c5402e861e5ff21ff3a DependenciesID=ee48a1abf53edae084f60aaa228882b6 StaticDependenciesID=38deba70cad9933ffda315a8bd3150dc 
Importing 'GUID: 49d4c2ab7ff0f4442af256bad7c9d57c - Path: Packages/com.unity.test-framework/UnityEditor.TestRunner/TestRunner' with importer (DefaultImporter)
Imported 'GUID: 49d4c2ab7ff0f4442af256bad7c9d57c' -> (Import Result ID: '89dd39d89459481cbed999f8bc1094fd') in 0.001 seconds [static dependencies only]. Details - ImportResultOutputID=9f1d2ae227448a034a575652b3ead9e7 DependenciesID=f6067adff95dd770e760d83500358906 StaticDependenciesID=090f48cf2635d34737f0098e919d5213 
Importing 'GUID: 79b59fd6310434f49a6ef94a69bfd037 - Path: Assets/AssetRaw/Fonts/HuntingInDarkness' with importer (DefaultImporter)
Imported 'GUID: 79b59fd6310434f49a6ef94a69bfd037' -> (Import Result ID: 'e189432520f110a1e1893865b550cb79') in 0.001 seconds [static dependencies only]. Details - ImportResultOutputID=66d97f5d97758d854a5998c2e7dfee7e DependenciesID=2b6a9b9051893037a133e9f4a3d6823a StaticDependenciesID=6988defa30289c348966a6d9692191a2 
Importing 'GUID: c94cb69081e4d394e80f6fca6da4366f - Path: Packages/com.tuyoogame.yooasset/Runtime/OperationSystem' with importer (DefaultImporter)
Imported 'GUID: c94cb69081e4d394e80f6fca6da4366f' -> (Import Result ID: 'cfb732d454358286bc9c8e24231b574c') in 0.002 seconds [static dependencies only]. Details - ImportResultOutputID=a95e2e64e5d7763778e73dc0a169a6a4 DependenciesID=f27f97888bf3c9b40124e3d614f6800e StaticDependenciesID=1adc385fe6cf059a89e9644aedade7dd 
Importing 'GUID: e93ec7eb6de342aabd156833e253f838 - Path: Packages/com.unity.ugui/Editor Resources/Gizmos' with importer (DefaultImporter)
Imported 'GUID: e93ec7eb6de342aabd156833e253f838' -> (Import Result ID: 'a825ea787b94e1a5aad4839e56fd9275') in 0.001 seconds [static dependencies only]. Details - ImportResultOutputID=743817b4d4f54461c188b303660a9ff3 DependenciesID=9dc64382e6298cecf715a1d520f0895f StaticDependenciesID=889636ac9c73449dd87eb57f6e0cae09 
Importing 'GUID: 1ad55f5ad04d1d045a1f287409c650dd - Path: Packages/com.unity.test-framework/UnityEngine.TestRunner/Assertions' with importer (DefaultImporter)
Imported 'GUID: 1ad55f5ad04d1d045a1f287409c650dd' -> (Import Result ID: '0490a944cfb70a9ea3806e73f5c87aee') in 0.001 seconds [static dependencies only]. Details - ImportResultOutputID=8ce0653fc2967de67bef4032bdec6568 DependenciesID=191b15f63fee2ee7d239bc055270134c StaticDependenciesID=77200430a031cae66b538f3f3d29c238 
Importing 'GUID: 3a907f758ef86a844aea0791a5e92f78 - Path: Assets/TurnBasedPack/ActionQueue/Examples' with importer (DefaultImporter)
Imported 'GUID: 3a907f758ef86a844aea0791a5e92f78' -> (Import Result ID: '4d65598899f389cb76c798fa5899ad26') in 0.001 seconds [static dependencies only]. Details - ImportResultOutputID=d94352766ace835940c6117b748748f6 DependenciesID=ab6dbc551b7f6c9525b98b396e2225d5 StaticDependenciesID=e759ac4a17e27d2ed88e8c1288a1b294 
Importing 'GUID: 4aecb92fff08436c8303b10eab8da368 - Path: Assets/TextMesh Pro/Resources/Style Sheets' with importer (DefaultImporter)
Imported 'GUID: 4aecb92fff08436c8303b10eab8da368' -> (Import Result ID: 'c1b21d3768da1d0f3fc6db877ae49ba7') in 0.001 seconds [static dependencies only]. Details - ImportResultOutputID=f378c55f2a9550ce27e4502ec7e8aa57 DependenciesID=a30a464bcc50103612244e6efaa04914 StaticDependenciesID=667e753f505c0ccedcd251e1efdc071d 
Importing 'GUID: 8aaf907486f440246afc03084641843e - Path: Packages/com.tuyoogame.yooasset/Editor/UIElements' with importer (DefaultImporter)
Imported 'GUID: 8aaf907486f440246afc03084641843e' -> (Import Result ID: '4982d56fb565b7398e936f9c839db65a') in 0.002 seconds [static dependencies only]. Details - ImportResultOutputID=e65f3d98980cd2b28dea555381e8c56e DependenciesID=301852a692013e67d87fc097e7634957 StaticDependenciesID=95ca9a00633b1626cc41e6737e91b729 
Importing 'GUID: aa309129cb54440488d6edd8358f5aec - Path: Packages/com.unity.ai.navigation/EditorResources/Overlay' with importer (DefaultImporter)
Imported 'GUID: aa309129cb54440488d6edd8358f5aec' -> (Import Result ID: '0849168624ec889c08903b2bb21b034e') in 0.001 seconds [static dependencies only]. Details - ImportResultOutputID=fae27f79aee4b728ffc88a1435c248cc DependenciesID=2cda70e0718a252daf9087fed57ba28d StaticDependenciesID=cfbf7993448e05022d5340c3cec85554 
Importing 'GUID: aaa4efef82a9346dba667d74ff3d5075 - Path: Packages/com.unity.ai.navigation/Editor/Updater' with importer (DefaultImporter)
Imported 'GUID: aaa4efef82a9346dba667d74ff3d5075' -> (Import Result ID: 'd2c1488137aafb6314b2f0ad611d8726') in 0.001 seconds [static dependencies only]. Details - ImportResultOutputID=2eb26444f0ea00e894116901de17af3c DependenciesID=7c7da4955207bb5679ca83166dec517b StaticDependenciesID=44be04871d6ad5737600a049dce67041 
Importing 'GUID: aa6fcd2c603fc8843b8603f38feba4f0 - Path: Packages/com.zframework.ecs/Runtime/Abilities' with importer (DefaultImporter)
Imported 'GUID: aa6fcd2c603fc8843b8603f38feba4f0' -> (Import Result ID: 'f4b691eae5baec724dc7f0fcc0e6f38e') in 0.002 seconds [static dependencies only]. Details - ImportResultOutputID=a25351153de4564fdae9af4da69b9507 DependenciesID=6023234223ca9ca7d43cba7fb569d961 StaticDependenciesID=4daaf14867b60f726a22e998da159b81 
Importing 'GUID: bab3a29ab4f214742a44add41efffb7d - Path: Packages/com.unity.ugui/Runtime/InternalBridge' with importer (DefaultImporter)
Imported 'GUID: bab3a29ab4f214742a44add41efffb7d' -> (Import Result ID: '7a8135d849742846d2c2fd2c9d683a5f') in 0.002 seconds [static dependencies only]. Details - ImportResultOutputID=86a5c7933efe546e3f374d55a299b47f DependenciesID=fbdd678a7e56a422ed1a029d38692264 StaticDependenciesID=c54241660f7fb8b0a39aa26a88fd783c 
Importing 'GUID: baa6e88cc47804cafb29dc337c1e639b - Path: Packages/com.leonz.z-editor-tools/Editor/vTabs' with importer (DefaultImporter)
Imported 'GUID: baa6e88cc47804cafb29dc337c1e639b' -> (Import Result ID: 'c6885c65e645d2dcfb9b5f41d3198de7') in 0.001 seconds [static dependencies only]. Details - ImportResultOutputID=430b16edd3de2177e894f805c9fa3856 DependenciesID=c48884ac4aafb6c1fcbbf10458a240c4 StaticDependenciesID=b8b6ec25ea0b11b8255dcac4bbaf3f43 
Importing 'GUID: caeffc4d6ca44936a5c2e191a6ef906e - Path: Assets/ZFramework/Editor/LubanTools' with importer (DefaultImporter)
Imported 'GUID: caeffc4d6ca44936a5c2e191a6ef906e' -> (Import Result ID: '41e5bc77ebfd8ac069ec0bd0e3572121') in 0.001 seconds [static dependencies only]. Details - ImportResultOutputID=076caaec5d80ed27811d7fe22d097b5b DependenciesID=ff3bf9e7444af5fc5b2545c32c23045c StaticDependenciesID=8fed70f326c9e6e229dd8f3d69934f07 
Importing 'GUID: fad04aaa7ec307a4e800dc073b15a8f4 - Path: Assets/TurnBasedPack/BuffSystem/Tests' with importer (DefaultImporter)
Imported 'GUID: fad04aaa7ec307a4e800dc073b15a8f4' -> (Import Result ID: 'afe09738eeb3d4eacff2e5ec3fe35529') in 0.000 seconds [static dependencies only]. Details - ImportResultOutputID=1070e238d9cd11e87cd81095734d5cb7 DependenciesID=227f23fb691e4efc2b6f7cb67e6adbd8 StaticDependenciesID=4073722a2bd005ee5863596cf45c1cfe 
Importing 'GUID: fa423365b1ce06a4dbdc6fb4a8597bfa - Path: Packages/com.unity.test-framework/UnityEditor.TestRunner/Api' with importer (DefaultImporter)
Imported 'GUID: fa423365b1ce06a4dbdc6fb4a8597bfa' -> (Import Result ID: '3d127d687f098051448dd5e06ffc71ae') in 0.001 seconds [static dependencies only]. Details - ImportResultOutputID=7189e16f72f459ee756f6a8bae8b9ba6 DependenciesID=5e943829b90e7287d91676d16c429365 StaticDependenciesID=7a8e0e8d4b3945a2919d08cd08e9cb60 
Importing 'GUID: fab3cd742c11be2479b07f5d447a78c9 - Path: Packages/com.tuyoogame.yooasset/Editor/Assembly' with importer (DefaultImporter)
Imported 'GUID: fab3cd742c11be2479b07f5d447a78c9' -> (Import Result ID: '14afc6dc798eb9244380b9ee62bdfd37') in 0.001 seconds [static dependencies only]. Details - ImportResultOutputID=8a374bf699f65eefa7e2893c97d38ee4 DependenciesID=33f4db268bd39a19db70b83f7815b5a3 StaticDependenciesID=50d2c21bbb453027384701a2d02ae1ce 
Importing 'GUID: fa6624433c5d8e445b1426dcdf0763ba - Path: Packages/com.tuyoogame.yooasset/EditorExtension/PackageImporter' with importer (DefaultImporter)
Imported 'GUID: fa6624433c5d8e445b1426dcdf0763ba' -> (Import Result ID: '584c2680d1c0abc0f54abf00416744c7') in 0.002 seconds [static dependencies only]. Details - ImportResultOutputID=c2bae47c134cb1aa7ebb39ccad5bc756 DependenciesID=8f56513d72aba79cc17d6d67db52d738 StaticDependenciesID=ca503241986c1ae61e0e5ccb229b96be 
Importing 'GUID: 1b393f6b29a9ee84c803af1ab4944b71 - Path: Packages/com.unity.ide.rider/Rider/Editor' with importer (DefaultImporter)
Imported 'GUID: 1b393f6b29a9ee84c803af1ab4944b71' -> (Import Result ID: '61a1b239b38a5aa4cfb66a3cf4bab42d') in 0.001 seconds [static dependencies only]. Details - ImportResultOutputID=019e104e8afa3e1299034a5525591bc6 DependenciesID=116d999b64c59b56dcd36d58ff01cdc7 StaticDependenciesID=97ef6c037eb21bc88ec874c65a67f8b5 
Importing 'GUID: 5b503bf79c4303d4794d7c9414a4c201 - Path: Packages/com.tuyoogame.yooasset/Editor/AssetBundleDebugger' with importer (DefaultImporter)
Imported 'GUID: 5b503bf79c4303d4794d7c9414a4c201' -> (Import Result ID: 'd83514440e986715554d61245edd1522') in 0.001 seconds [static dependencies only]. Details - ImportResultOutputID=8412bcc5377f9584c32692c5326b5af7 DependenciesID=a795fc9b266cc0f2ee127350942cd570 StaticDependenciesID=d33541f6b28eafe157ec6ce367e966cb 
Importing 'GUID: 5b17896803f77494da73d73448fb6cb4 - Path: Packages/com.unity.ide.visualstudio/Editor/VSWhere' with importer (DefaultImporter)
Imported 'GUID: 5b17896803f77494da73d73448fb6cb4' -> (Import Result ID: 'ec94575f22f75bf212aea4671f88a9fa') in 0.002 seconds [static dependencies only]. Details - ImportResultOutputID=b61435158ff6ebf2936c613ac433ac51 DependenciesID=15f52088e4d5e9a1bc15037b5ac933f2 StaticDependenciesID=dbf5aba9db74dd3a499af6d0e9fd3711 
Importing 'GUID: 8b58fe33674ab2d48b2e41ffaf69650e - Path: Assets/ZFramework/Settings/Resources' with importer (DefaultImporter)
Imported 'GUID: 8b58fe33674ab2d48b2e41ffaf69650e' -> (Import Result ID: 'da5a4eb9e930f374b140b3c8e1ef08b0') in 0.001 seconds [static dependencies only]. Details - ImportResultOutputID=f82923a5274348111efba4d81f5aaf77 DependenciesID=ab86c47a7514506da2f5f9df2e504957 StaticDependenciesID=4c5a0a79f95f66347e5fcb59b74ca70a 
Importing 'GUID: 8beeeeebc0857854d8b4e2c2895dd7a9 - Path: Packages/com.unity.ide.visualstudio/Editor/ProjectGeneration' with importer (DefaultImporter)
Imported 'GUID: 8beeeeebc0857854d8b4e2c2895dd7a9' -> (Import Result ID: '95cc3ad234fb139720b1a4349e5d4269') in 0.002 seconds [static dependencies only]. Details - ImportResultOutputID=96f7cd4458c51673139c96909ba275d6 DependenciesID=49a49ed149ee6451c343c6e601690d51 StaticDependenciesID=1cd2d880a4a15e8b137f6fd234e32e60 
Importing 'GUID: 9bc1ecc3b72dfc34782fb6926d679f92 - Path: Packages/com.tuyoogame.yooasset/Editor/AssetArtScanner' with importer (DefaultImporter)
Imported 'GUID: 9bc1ecc3b72dfc34782fb6926d679f92' -> (Import Result ID: '2a48061101f2ebe1c97337141005e11b') in 0.002 seconds [static dependencies only]. Details - ImportResultOutputID=624ceb23da91d3e7f3ca192d6b4a8810 DependenciesID=65f056c4589993dfbdfbb4e78880ab70 StaticDependenciesID=8d8df7fa8b5a46d2f3014877402ce7f8 
Importing 'GUID: bb32bccaf32a6db448d1c0cc99c78688 - Path: Packages/com.unity.test-framework/UnityEngine.TestRunner/Utils' with importer (DefaultImporter)
Imported 'GUID: bb32bccaf32a6db448d1c0cc99c78688' -> (Import Result ID: '583b09a8ae4f1235b6781d172d717118') in 0.002 seconds [static dependencies only]. Details - ImportResultOutputID=29bf431b6214fbb1cbfbf63a8a2ad86d DependenciesID=aa5f297285aef8e5b80c6801a189e658 StaticDependenciesID=70ac3ee61d64f285bc1785955c1f82ac 
Importing 'GUID: bb489de5d3b39f549a2c575b6e887971 - Path: Assets/AssetRaw/Configs/HuntingInDarkness' with importer (DefaultImporter)
Imported 'GUID: bb489de5d3b39f549a2c575b6e887971' -> (Import Result ID: '9dbfe4f57306b52f16011ddfa3ff7886') in 0.001 seconds [static dependencies only]. Details - ImportResultOutputID=70b0152c85de9d67c6d000481bc87a72 DependenciesID=4dce26bbcb75cf61ace43c87082d0c14 StaticDependenciesID=452b51d299fb34160f2d403ef3e5f064 
Importing 'GUID: cb6d47c71d1c4598a603df39d0de8db7 - Path: Assets/ZFramework/Runtime/Core' with importer (DefaultImporter)
Imported 'GUID: cb6d47c71d1c4598a603df39d0de8db7' -> (Import Result ID: 'aa700875904603772c6d5ff2d23bf3b7') in 0.001 seconds [static dependencies only]. Details - ImportResultOutputID=90d870b64c8d8c197fb737611c28c58f DependenciesID=e74b832a9f2d0c8becda0216499a3f14 StaticDependenciesID=fce35c3b792709b2344cd8725670f2ae 
Importing 'GUID: 0c4881e782cbf0d4aa6f8309efd22865 - Path: Packages/com.tuyoogame.yooasset/Runtime/PackageInvokeBuilder' with importer (DefaultImporter)
Imported 'GUID: 0c4881e782cbf0d4aa6f8309efd22865' -> (Import Result ID: '9a08026b984a87b0e871fb2ecd671864') in 0.001 seconds [static dependencies only]. Details - ImportResultOutputID=9f04607a200769da427dd2bab47a93d2 DependenciesID=a4d186b24493d24a4fb0a3947be5936d StaticDependenciesID=e10a77e3a4827b92236ebe00a0b39444 
Importing 'GUID: 1c3acf8f991472c418681f663799c282 - Path: Assets/TurnBasedPack/ActionQueue/Editor' with importer (DefaultImporter)
Imported 'GUID: 1c3acf8f991472c418681f663799c282' -> (Import Result ID: 'b8df0648ae2d234483aa9b6992464964') in 0.001 seconds [static dependencies only]. Details - ImportResultOutputID=977752266e30e54877d6044792f47505 DependenciesID=d6868ff336a27ad321147fb330fa0ce3 StaticDependenciesID=9e579ecf05c1106e452d200e9dbddad4 
Importing 'GUID: 3c83bffa225f66a499ddba9816b07439 - Path: Packages/com.zframework.ecs/Runtime/Integration' with importer (DefaultImporter)
Imported 'GUID: 3c83bffa225f66a499ddba9816b07439' -> (Import Result ID: 'dcc9e8a487612830f08ba490e97cd057') in 0.002 seconds [static dependencies only]. Details - ImportResultOutputID=63924faf0529bc0eeb5e8546cc50960f DependenciesID=960a98715d4fbae77097021aca983537 StaticDependenciesID=ddb8fb616007e8a4c70b8974dbe298d9 
Importing 'GUID: 4cb0b75b2f649c64bb1d8203f2fbfeea - Path: Packages/com.tuyoogame.yooasset/Editor/Common' with importer (DefaultImporter)
Imported 'GUID: 4cb0b75b2f649c64bb1d8203f2fbfeea' -> (Import Result ID: 'd37ab892a444a1ad3a275429ef8fab9b') in 0.002 seconds [static dependencies only]. Details - ImportResultOutputID=ee19923730f8f64bd1e728adc4398cd1 DependenciesID=90da68959ee20fc1cf7c736aec90aba4 StaticDependenciesID=bc509f0f2e50747da0ee5d69ebcde9f2 
Importing 'GUID: 4c379da75056dc6468816f1a58566cd0 - Path: Assets/Plugins/UniTask/Runtime' with importer (DefaultImporter)
Imported 'GUID: 4c379da75056dc6468816f1a58566cd0' -> (Import Result ID: '6614382f75714888694d63434443565e') in 0.001 seconds [static dependencies only]. Details - ImportResultOutputID=c3f42420651f51b11da1d0433ce7f112 DependenciesID=410615a679c5a5d0962421b1d3ce978e StaticDependenciesID=e29ed3347114f2f5aaebb531e15cc56c 
Importing 'GUID: 4cc94a232b1c1154b8084bdda29c3484 - Path: Packages/com.cysharp.unitask/Runtime/Linq' with importer (DefaultImporter)
Imported 'GUID: 4cc94a232b1c1154b8084bdda29c3484' -> (Import Result ID: '253fd78a0457bb7c256d2116b58b4eb0') in 0.002 seconds [static dependencies only]. Details - ImportResultOutputID=de5c69fe0a63aa7355ef18ab0795c99c DependenciesID=370a7dc01a51f5ed527a44e3a2b03a9c StaticDependenciesID=bf779290fa1d442ad5b12ee69a3bbda9 
Importing 'GUID: dcb9955c15609744a9666bd76f6af3d9 - Path: Packages/com.tuyoogame.yooasset/EditorExtension/ShaderVariantCollector' with importer (DefaultImporter)
Imported 'GUID: dcb9955c15609744a9666bd76f6af3d9' -> (Import Result ID: '77ceebdb58a6faef841f7718800878c8') in 0.001 seconds [static dependencies only]. Details - ImportResultOutputID=87b55aae1c46701319b659aa68b0e42f DependenciesID=63a07543ef2a2352b2edca2951c9c4dc StaticDependenciesID=5d19a348abfdf90b9decb30bad32a2b0 
Importing 'GUID: 1ddb9e1c877ea80479d1eab4ddaa5d0d - Path: Packages/com.unity.test-framework/UnityEngine.TestRunner/TestRunner' with importer (DefaultImporter)
Imported 'GUID: 1ddb9e1c877ea80479d1eab4ddaa5d0d' -> (Import Result ID: '11813212a571b5f5bab69389efed0ec4') in 0.001 seconds [static dependencies only]. Details - ImportResultOutputID=476b73413e4dc6289edc92140a783be7 DependenciesID=cf7b349be0487435079c6d7059d66759 StaticDependenciesID=ecccab0c948a303ccd6d5a41d5a847a5 
Importing 'GUID: 2da27f5fe80a3a549ac7331d9f52f5f0 - Path: Packages/com.unity.ugui/Editor Resources/Shaders' with importer (DefaultImporter)
Imported 'GUID: 2da27f5fe80a3a549ac7331d9f52f5f0' -> (Import Result ID: 'f3ae55d11bc2bf7631c36ed2dfeab4ac') in 0.001 seconds [static dependencies only]. Details - ImportResultOutputID=c5ee6abea7cc760dbb172bf171dd2a5a DependenciesID=eb224ceb427fcbbd494162630dbd7db6 StaticDependenciesID=fc4539bc273b607a15ebd20d93ae802c 
Importing 'GUID: 3d1fb14a4aee4ffda9df6aa49d4311ad - Path: Assets/ZFramework/Runtime/Module' with importer (DefaultImporter)
Imported 'GUID: 3d1fb14a4aee4ffda9df6aa49d4311ad' -> (Import Result ID: '27229428a8770c94ad4fc13099a73bc5') in 0.000 seconds [static dependencies only]. Details - ImportResultOutputID=d11ae4c8e319dacc41ef633556617af5 DependenciesID=173e0c152c55252bd175812725f235a6 StaticDependenciesID=a957e4158c542a17e87d3181b13a3c73 
Importing 'GUID: 5d7171aa14ba0e649900533bfeed0edb - Path: Packages/com.tuyoogame.yooasset/RuntimeExtension/ExtensionClass' with importer (DefaultImporter)
Imported 'GUID: 5d7171aa14ba0e649900533bfeed0edb' -> (Import Result ID: 'd3e0f1155fe73215667e651fcfccece3') in 0.002 seconds [static dependencies only]. Details - ImportResultOutputID=9b5e015444ed3ce6710c693e399bef7d DependenciesID=289193077f7440165936dd48285c5452 StaticDependenciesID=29b704f186340bbb80eb705c33bec874 
Importing 'GUID: 6dfb273687c8d0d4fb7c9eb08381f76e - Path: Packages/com.leonz.z-editor-tools/Editor/vFav' with importer (DefaultImporter)
Imported 'GUID: 6dfb273687c8d0d4fb7c9eb08381f76e' -> (Import Result ID: 'dbff87dc653e7ce5ee3e6f6cda3fffef') in 0.001 seconds [static dependencies only]. Details - ImportResultOutputID=eed241d4e2efc406ae1e925bd9e88c5b DependenciesID=0b14c142eade72b0f3363093428cc287 StaticDependenciesID=b1cc583f23f330e4707c3f2dbe30f967 
Importing 'GUID: 8dddaceb4daff5b46be11c2f54c0fc67 - Path: Assets/GameScripts/Procedure/Procedure' with importer (DefaultImporter)
Imported 'GUID: 8dddaceb4daff5b46be11c2f54c0fc67' -> (Import Result ID: 'b78013d85ae0ab04cb42a42c4ab6db18') in 0.001 seconds [static dependencies only]. Details - ImportResultOutputID=10e2c62d8e2b65aab2b3cdc6283ef2d8 DependenciesID=37e73ea537d5f6bd8f95982d1fc579b1 StaticDependenciesID=bff4db17b6f528adbcdf3c411bf2afaf 
Importing 'GUID: bdbb4647038dcc842802f546c2fedc83 - Path: Packages/com.tuyoogame.yooasset/Editor/AssetArtReporter' with importer (DefaultImporter)
Imported 'GUID: bdbb4647038dcc842802f546c2fedc83' -> (Import Result ID: 'a0f91fe4d67be1951be6164c42645e2b') in 0.002 seconds [static dependencies only]. Details - ImportResultOutputID=fc19a3762ded06cc571a4c8692184fe9 DependenciesID=971466622af2cf64d16639bf04f44b25 StaticDependenciesID=43dd12c38658a8a595b63290d7a3bd7d 
Importing 'GUID: bd5e3de09bc24f5099d4f6807ce936bc - Path: Assets/TurnBasedPack/ActionQueue/Benchmarks' with importer (DefaultImporter)
Imported 'GUID: bd5e3de09bc24f5099d4f6807ce936bc' -> (Import Result ID: '00d21f326a05bf57351249bbc95d2021') in 0.002 seconds [static dependencies only]. Details - ImportResultOutputID=90be8b160875b115392103ff083d0a59 DependenciesID=dacd20c439558e62f921a3f624b97cf8 StaticDependenciesID=7afb35fdc1d7584efa73639b62863f59 
Importing 'GUID: dd2b9e231b0ec4a9f97e258072ae2b33 - Path: Packages/com.leonz.z-editor-tools/Editor/vHierarchy' with importer (DefaultImporter)
Imported 'GUID: dd2b9e231b0ec4a9f97e258072ae2b33' -> (Import Result ID: '01749badd4410d8856ac96b06a54e237') in 0.001 seconds [static dependencies only]. Details - ImportResultOutputID=063314561adcfb155f0cad33d7b37167 DependenciesID=7c9a3e209e411d328810bbe394e79b8c StaticDependenciesID=5f2f9c1188303c3f8cea1407d34ed08e 
Importing 'GUID: ed8d83044eaf57c458abdf68bcb2b61c - Path: Assets/Editor/ToolbarExtender/Unity6000_OR_New' with importer (DefaultImporter)
Imported 'GUID: ed8d83044eaf57c458abdf68bcb2b61c' -> (Import Result ID: 'bf103a56aacea499a6ded743c4303c00') in 0.001 seconds [static dependencies only]. Details - ImportResultOutputID=9382316fff2914aa15039320e2cf4655 DependenciesID=f0e4cf204eeaca4b8c2da833d22ee6d8 StaticDependenciesID=ecd212184da69e24a4114fbb1f020d89 
Importing 'GUID: 3e8d6af343b383544ba5743d119f4062 - Path: Packages/com.unity.test-framework/UnityEngine.TestRunner/NUnitExtensions' with importer (DefaultImporter)
Imported 'GUID: 3e8d6af343b383544ba5743d119f4062' -> (Import Result ID: '1e6e13d19761ffd429a656afef89e426') in 0.001 seconds [static dependencies only]. Details - ImportResultOutputID=462049dbb39f8e0b7747a3244c184c9c DependenciesID=2ea15f71362b19527bb78f2a20fd7d0e StaticDependenciesID=a3a9076fee2d712292c8b218cde3cf69 
Importing 'GUID: 5ecf79384c5577a49a9908067c7ca646 - Path: Packages/com.tuyoogame.yooasset/Runtime/ResourcePackage' with importer (DefaultImporter)
Imported 'GUID: 5ecf79384c5577a49a9908067c7ca646' -> (Import Result ID: 'f5cb0eab948c0c7045caab1f4e7f9288') in 0.002 seconds [static dependencies only]. Details - ImportResultOutputID=0407199c1d317b6387cf321c341ba9d5 DependenciesID=2090a29b3ae1fef076fdbbc1e1421a6b StaticDependenciesID=e39020030b68a229b0740899b6ac8ae2 
Importing 'GUID: 6ee8ea9dd84672e44b546b736d80ef64 - Path: Assets/TurnBasedPack/BuffSystem/ActionQueueAdapter' with importer (DefaultImporter)
Imported 'GUID: 6ee8ea9dd84672e44b546b736d80ef64' -> (Import Result ID: 'aa1cedb45a719f1d497482420d7b2e35') in 0.001 seconds [static dependencies only]. Details - ImportResultOutputID=2ad86eb60c14581d2c41aaf9586236d4 DependenciesID=1ec3745429dfd8155c276000deccf752 StaticDependenciesID=f7789dafc304125bb534d31c858e91d2 
Importing 'GUID: 7e609b27ad2caa14c83dd9951b6c13c6 - Path: Packages/com.unity.test-framework/UnityEditor.TestRunner/GUI' with importer (DefaultImporter)
Imported 'GUID: 7e609b27ad2caa14c83dd9951b6c13c6' -> (Import Result ID: '065a07a7b6a9522a8c0f295bc3d770f7') in 0.001 seconds [static dependencies only]. Details - ImportResultOutputID=8e04bc4cdcf4c5848f172b3a78ec28f9 DependenciesID=8a4c8dabc4f7a1804bf0276f8b37d827 StaticDependenciesID=5193a01a9b23aeefab8f65ca75ee7e62 
Importing 'GUID: 8e6b180f448258247a506a5d0ea4922e - Path: Packages/com.tuyoogame.yooasset/Runtime/ResourceManager' with importer (DefaultImporter)
Imported 'GUID: 8e6b180f448258247a506a5d0ea4922e' -> (Import Result ID: '0fd8d5e32172d22d386f7047116a3310') in 0.001 seconds [static dependencies only]. Details - ImportResultOutputID=cf1e9b7cbc21a4e23b8ca56e0e5cfce1 DependenciesID=397aada8477215372dd5b964070b477f StaticDependenciesID=d88c5e0429195f30cef8b66d8348eedc 
Importing 'GUID: eee776b99f3e76a4c968d6943979829b - Path: Assets/ZFramework/Editor/Localization' with importer (DefaultImporter)
Imported 'GUID: eee776b99f3e76a4c968d6943979829b' -> (Import Result ID: '1f714be393e062fd09cb29f7912dc2c9') in 0.002 seconds [static dependencies only]. Details - ImportResultOutputID=a85c2091c47c6e40e7b600b3dda43dd8 DependenciesID=cf0e72ee8dd6f9db5f5786d8a9f2c91e StaticDependenciesID=423eeaecf786f5e5f9d81e98aa06b687 
Importing 'GUID: fe417fe35d45a814691ed50083c8f71b - Path: Assets/ZFramework/Settings/Prefab' with importer (DefaultImporter)
Imported 'GUID: fe417fe35d45a814691ed50083c8f71b' -> (Import Result ID: '84c2cfc9262b72f1e6e387fc8e5894bb') in 0.001 seconds [static dependencies only]. Details - ImportResultOutputID=2c54a2dc150fe4b489184780160a3dee DependenciesID=1c3038fc96da909eb5641f5e8312abec StaticDependenciesID=d160723968d5411f15cd614ac69137c7 
Importing 'GUID: 1fdecc5500229d44887425ce619352fc - Path: Packages/com.tuyoogame.yooasset/Editor/AssetBundleBuilder' with importer (DefaultImporter)
Imported 'GUID: 1fdecc5500229d44887425ce619352fc' -> (Import Result ID: '62a6fcfd85b6185f4f7e43f8d006c994') in 0.001 seconds [static dependencies only]. Details - ImportResultOutputID=acccc7a001c0bc52d3f603b99848c473 DependenciesID=56e39cac56b9832f6ac33be55f17e97e StaticDependenciesID=a2fcf4d3c5de4c5abd36f8825820f647 
Importing 'GUID: 2f820130c86c28547a0f1a2f4c73155b - Path: Packages/com.unity.ide.visualstudio/Editor/Messaging' with importer (DefaultImporter)
Imported 'GUID: 2f820130c86c28547a0f1a2f4c73155b' -> (Import Result ID: 'c6681eb967fc565fbd807134f746856a') in 0.001 seconds [static dependencies only]. Details - ImportResultOutputID=46c3f8088279fe3e993c0393c2ea9075 DependenciesID=914e610352ab932ea787b70e8fe3240d StaticDependenciesID=24bc1c39009a8685913d747faf97c410 
Importing 'GUID: 2f53787947bae4543aef1eec95460641 - Path: Assets/TurnBasedPack/PreviewSystem/Tests' with importer (DefaultImporter)
Imported 'GUID: 2f53787947bae4543aef1eec95460641' -> (Import Result ID: '7a19186c18f0da05b8c814fcee5582ef') in 0.001 seconds [static dependencies only]. Details - ImportResultOutputID=e19ce7b1cf7d4252b2b3f2b3cd6db117 DependenciesID=fcbe47dc730b07e62e81bd275cda958f StaticDependenciesID=df9760d1a7f8b46f7cff37b4f64e045a 
Importing 'GUID: 3f9202a39620f51418046c7754f215f0 - Path: Packages/com.unity.test-framework/UnityEditor.TestRunner/NUnitExtension' with importer (DefaultImporter)
Imported 'GUID: 3f9202a39620f51418046c7754f215f0' -> (Import Result ID: 'bf4f44a8b12ce8440d630c6d6ff27fc0') in 0.002 seconds [static dependencies only]. Details - ImportResultOutputID=14286287927ac0b12097cfe4193e70b2 DependenciesID=e4e8d10327a43c2374631da4b42b7acb StaticDependenciesID=0d38d7256b212b9f87d8c2ba0fa98d32 
Importing 'GUID: 7f9f1d015d7a8ba46b7d71acfcda3ae7 - Path: Packages/com.unity.ide.visualstudio/Editor/Testing' with importer (DefaultImporter)
Imported 'GUID: 7f9f1d015d7a8ba46b7d71acfcda3ae7' -> (Import Result ID: '4e57ea8341c9889374f52f66685d2b81') in 0.001 seconds [static dependencies only]. Details - ImportResultOutputID=6a3c5f5daa2ba0bcaa58213150131115 DependenciesID=94b4aa57400f489c7ab18e20e23bbdd1 StaticDependenciesID=32973c3f5f147af2e714e126e590bf3f 
Importing 'GUID: bf6b81dffd4995e42a500ffc0025ec18 - Path: Packages/com.tuyoogame.yooasset/EditorExtension/MacroSupport' with importer (DefaultImporter)
Imported 'GUID: bf6b81dffd4995e42a500ffc0025ec18' -> (Import Result ID: '7a9e8ac61b4882c732d1c805f80248fb') in 0.001 seconds [static dependencies only]. Details - ImportResultOutputID=6a854e731deeb1c8138f6e671e215b93 DependenciesID=f2927d732d5febf66a934654cdede3bf StaticDependenciesID=dc3b38568a639b3d5622febe282a68a6 
Importing 'GUID: bf4cc5f446778bc428a69fdcd183e447 - Path: Packages/com.tuyoogame.yooasset/Runtime/Services' with importer (DefaultImporter)
Imported 'GUID: bf4cc5f446778bc428a69fdcd183e447' -> (Import Result ID: '36709a21448af90c4d526a5c8f06bf76') in 0.001 seconds [static dependencies only]. Details - ImportResultOutputID=df8c8ad81b137793f0faf0ad65b0c03b DependenciesID=1d52e4f3034affcee26d1923085770d4 StaticDependenciesID=bd9569a9e8cf306e10485bbadd9cd724 
Importing 'GUID: df698de4bdfd42f5957e14bd0bf18bb2 - Path: Assets/GameScripts/GameLogic/UI' with importer (DefaultImporter)
Imported 'GUID: df698de4bdfd42f5957e14bd0bf18bb2' -> (Import Result ID: '01997f006be15312a0b60aafa1230d06') in 0.000 seconds [static dependencies only]. Details - ImportResultOutputID=2161a46d39ea9f3241beedd44f39d71f DependenciesID=0aeacf50b678e25b9a109de895bdae94 StaticDependenciesID=5b16f39b80ea355b533766ccdd92e20d 
Importing 'GUID: ff07a5253f139bf40856fa1ed6a6bb5b - Path: Packages/com.tuyoogame.yooasset/Runtime/Settings' with importer (DefaultImporter)
Imported 'GUID: ff07a5253f139bf40856fa1ed6a6bb5b' -> (Import Result ID: 'f198031e72c73995a612aada44a1dc18') in 0.000 seconds [static dependencies only]. Details - ImportResultOutputID=9a95205745e2568c33966670e3009416 DependenciesID=77d43e952a1b7196922ddedd57c265f8 StaticDependenciesID=891c2e19c4a82a22759a0d37ad3018cb 
Importing 'GUID: 609721be14014f11a918a998219c6784 - Path: Assets/ZFramework/Runtime/Module/AudioModule' with importer (DefaultImporter)
Imported 'GUID: 609721be14014f11a918a998219c6784' -> (Import Result ID: '7d9e3550ba66c73ebf79c622af114f48') in 0.002 seconds [static dependencies only]. Details - ImportResultOutputID=d8052cd3d47fd8a870f7e0b007d24af9 DependenciesID=5ab7c81194943805dd823dba7da1d73b StaticDependenciesID=10fceffcd6157277d38ea8952795357b 
Importing 'GUID: a034acd0035503742bc8d24b3c4068c2 - Path: Packages/com.tuyoogame.yooasset/Editor/AssetBundleDebugger/VisualViewers' with importer (DefaultImporter)
Imported 'GUID: a034acd0035503742bc8d24b3c4068c2' -> (Import Result ID: 'd8f20248ba1fc81e166d218b0e19b984') in 0.001 seconds [static dependencies only]. Details - ImportResultOutputID=aedef7f9b053e29c56e8363c7dea950f DependenciesID=def50699d99844943cf3b1d855bc6e2e StaticDependenciesID=c5b0747a7582036412f5eb77292d8bae 
Importing 'GUID: b03f54c14ce3f6041870eaa9317d2e64 - Path: Packages/com.tuyoogame.yooasset/Runtime/FileSystem/DefaultCacheFileSystem' with importer (DefaultImporter)
Imported 'GUID: b03f54c14ce3f6041870eaa9317d2e64' -> (Import Result ID: '06f5805d953640b22812a856adea42c9') in 0.001 seconds [static dependencies only]. Details - ImportResultOutputID=17538018aa4a62944e3f157bb631a90d DependenciesID=452b0046012ad50659a786174a1f37a0 StaticDependenciesID=339f107b9b11ff2ff20216aac20c9124 
Importing 'GUID: f0165bf1a62988a439ce3a00db043620 - Path: Packages/com.tuyoogame.yooasset/Mini Game/Runtime/WechatFileSystem' with importer (DefaultImporter)
Imported 'GUID: f0165bf1a62988a439ce3a00db043620' -> (Import Result ID: 'ff53aa8d066b2c800fcad78826abefd1') in 0.001 seconds [static dependencies only]. Details - ImportResultOutputID=e0c2e7ff1f20c00638040333930d95c6 DependenciesID=5434718a7d9c1c23d2d56055c56ef173 StaticDependenciesID=c60706b541174bee66cfb2a9bb60d5ff 
Importing 'GUID: 310704d07f8742b1aae763039d9fe434 - Path: Assets/ZFramework/Runtime/Module/ProcedureModule' with importer (DefaultImporter)
Imported 'GUID: 310704d07f8742b1aae763039d9fe434' -> (Import Result ID: '4ccca8ff699b25f0e081f4fd16df8e48') in 0.002 seconds [static dependencies only]. Details - ImportResultOutputID=2587ca74fde6abec4568d173da77bfd5 DependenciesID=59019a7a2f0891fbdb429d7df48e7156 StaticDependenciesID=7fa2f7fea267b5167cc3e77c72284037 
Importing 'GUID: 313cbe17019f1934397f91069831062c - Path: Packages/com.unity.ide.rider/Rider/Editor/ProjectGeneration' with importer (DefaultImporter)
Imported 'GUID: 313cbe17019f1934397f91069831062c' -> (Import Result ID: '2395faa639e29267ef00383c18ff39e2') in 0.001 seconds [static dependencies only]. Details - ImportResultOutputID=9811d93ee15ca599e4a7276eb120ef1d DependenciesID=9fa5cb4190645a98467284db78a9fff9 StaticDependenciesID=87c3279eb01beea75a0952ed020b0a07 
Importing 'GUID: 41b2d972bdac29e4a89ef08b3b52c248 - Path: Packages/com.unity.ide.visualstudio/Editor/COMIntegration/Release' with importer (DefaultImporter)
Imported 'GUID: 41b2d972bdac29e4a89ef08b3b52c248' -> (Import Result ID: 'c0abbe775d70d93ad35ec94448673196') in 0.001 seconds [static dependencies only]. Details - ImportResultOutputID=de54e2b0c4628bcf049a338321a41272 DependenciesID=0dd43805e6f5a0caa569682aac72094d StaticDependenciesID=4f94b692739fe18498f1a049c99c6c4c 
Importing 'GUID: 51557afa652635743b264a309f0a5c60 - Path: Packages/com.unity.test-framework/UnityEngine.TestRunner/Utils/AssemblyProvider' with importer (DefaultImporter)
Imported 'GUID: 51557afa652635743b264a309f0a5c60' -> (Import Result ID: 'e57f7b71ada6e76664579eb79b6311d0') in 0.001 seconds [static dependencies only]. Details - ImportResultOutputID=acf3660c1b355dac3ccd80d479dec241 DependenciesID=1f43f179f73ec84f83a69a0c26664286 StaticDependenciesID=5fd5b814d874f73244e9fef9f178d565 
Importing 'GUID: 517ba95c43192994b9cfaaae1ae1dde2 - Path: Assets/TurnBasedPack/BuffSystem/Tests/Editor' with importer (DefaultImporter)
Imported 'GUID: 517ba95c43192994b9cfaaae1ae1dde2' -> (Import Result ID: '0453571f1a26c3954c1f4dab8180eaa0') in 0.000 seconds [static dependencies only]. Details - ImportResultOutputID=7fa9aa8d7a59875a0c09453b344d8abe DependenciesID=e729507b84aabe07064712742a9d634f StaticDependenciesID=ff15e1d5f9c8960284c1e3eb1069ae9f 
Importing 'GUID: 61e236e8570a95e4eb754fb291e102e0 - Path: Packages/com.unity.test-framework/UnityEngine.TestRunner/TestRunner/Callbacks' with importer (DefaultImporter)
Imported 'GUID: 61e236e8570a95e4eb754fb291e102e0' -> (Import Result ID: '2156dea5834b614166e5fedb0ec99c9b') in 0.001 seconds [static dependencies only]. Details - ImportResultOutputID=004fafbe98d6f5ae456a77d60de21fdd DependenciesID=0e7d44d0cacef9a8cb638e20de9dd186 StaticDependenciesID=8e5501bea449f50bd73b1655ee34b3a6 
Importing 'GUID: 91c20d2c22b8b3a4cb6c816bd225591a - Path: Packages/com.unity.test-framework/UnityEngine.TestRunner/TestRunner/RemoteHelpers' with importer (DefaultImporter)
Imported 'GUID: 91c20d2c22b8b3a4cb6c816bd225591a' -> (Import Result ID: 'c17dc74cb878218141be3d7f3e9dfdbf') in 0.002 seconds [static dependencies only]. Details - ImportResultOutputID=b73acfeb4a57111025db59efd1f6bef2 DependenciesID=177cd5415f5c7bd7bbab9b6edaaf1517 StaticDependenciesID=da919814a2e1ff5dc92d518964795710 
Importing 'GUID: 914613548ded44a43a59eb9852503f18 - Path: Packages/com.unity.ugui/Tests/Runtime/TMP' with importer (DefaultImporter)
Imported 'GUID: 914613548ded44a43a59eb9852503f18' -> (Import Result ID: 'ab4eb136a67929844ae678c0056a7e0d') in 0.000 seconds [static dependencies only]. Details - ImportResultOutputID=b500f95098bd8afbc140ba73b7eb0a49 DependenciesID=ceb46fe92538201783cbe7f7ec6c26b8 StaticDependenciesID=ef8f54fc47ae79c233e1da19053fc0ff 
Importing 'GUID: 91585a126dfe4cc49a94cf2219506de8 - Path: Assets/ZFramework/Runtime/Module/LocalizationModule' with importer (DefaultImporter)
Imported 'GUID: 91585a126dfe4cc49a94cf2219506de8' -> (Import Result ID: '9438f55af058863e6da089baca4c11fe') in 0.001 seconds [static dependencies only]. Details - ImportResultOutputID=d814376532fc934af188fccc55a56622 DependenciesID=54443f3b1ad297e3d547f6f470045fe0 StaticDependenciesID=622184f7650a5e8c10f476aa688b6958 
Importing 'GUID: b1d8465ba1376b148bdab58965101f47 - Path: Packages/com.unity.test-framework/UnityEngine.TestRunner/Assertions/LogScope' with importer (DefaultImporter)
Imported 'GUID: b1d8465ba1376b148bdab58965101f47' -> (Import Result ID: '131f2f386732327e151f37eec88b421e') in 0.001 seconds [static dependencies only]. Details - ImportResultOutputID=2a422291532004791b26d5408f9ef73c DependenciesID=b51b46df4670598665993ab3537580da StaticDependenciesID=8943d9d61e570f1a0dce7f052b484c94 
Importing 'GUID: c149654a18bb490baa9826a86a444e48 - Path: Assets/ZFramework/Runtime/Core/GameTime' with importer (DefaultImporter)
Imported 'GUID: c149654a18bb490baa9826a86a444e48' -> (Import Result ID: '42dfbc949886a7412ea8ef9bde6929da') in 0.001 seconds [static dependencies only]. Details - ImportResultOutputID=0cff638069b4a13a2bceffd37946803e DependenciesID=c5373a630efc585c85e3709718db1447 StaticDependenciesID=3555c4ac82183f553d3c0bcf0f9fbe41 
Importing 'GUID: 32e2186f4598cff489784aae586f2215 - Path: Packages/com.unity.ugui/Runtime/UGUI/Properties' with importer (DefaultImporter)
Imported 'GUID: 32e2186f4598cff489784aae586f2215' -> (Import Result ID: 'a4fa8a202089e4e38ffd35b2aceba9f2') in 0.002 seconds [static dependencies only]. Details - ImportResultOutputID=a60620db748042d095a7e923ff9e81ec DependenciesID=29abe4d5c70a3cab55780be7afc28651 StaticDependenciesID=37e028ebbafd218ea2f48481c017692c 
Importing 'GUID: 520d3b223d79888469e8b0d76940f44e - Path: Assets/GameScripts/GameLogic/HuntingInDarkness/UnitTests' with importer (DefaultImporter)
Imported 'GUID: 520d3b223d79888469e8b0d76940f44e' -> (Import Result ID: '4c642a12ed9f545230d7b32c0ee7d5e6') in 0.001 seconds [static dependencies only]. Details - ImportResultOutputID=596b8bebfb277e407379f0bc35d91063 DependenciesID=5f66eb5ac12837078bcb719b2779eb51 StaticDependenciesID=b4461a71e9d2b473ecd0133ec4dc8039 
Importing 'GUID: 7233877279b88d4458828a8a57bd2ed3 - Path: Assets/GameScripts/GameLogic/HuntingInDarkness/Bootstrap' with importer (DefaultImporter)
Imported 'GUID: 7233877279b88d4458828a8a57bd2ed3' -> (Import Result ID: '4616f6c2bcea7a5799e7e773697f06c2') in 0.001 seconds [static dependencies only]. Details - ImportResultOutputID=4670df4d7c7dcfb6b375e13f3f67cdee DependenciesID=6a7b8be443a12fe64fb40d45fa86f298 StaticDependenciesID=af7a6d1b22a794642d1280e25bc1c132 
Importing 'GUID: 92e3104769da143888a712cdea27d950 - Path: Packages/com.unity.test-framework/UnityEditor.TestRunner/GUI/TestAssets' with importer (DefaultImporter)
Imported 'GUID: 92e3104769da143888a712cdea27d950' -> (Import Result ID: 'a1be401c4d379ed0bd650409e7222acb') in 0.001 seconds [static dependencies only]. Details - ImportResultOutputID=8fb5be2fe0137d5d8cb257e98fdab403 DependenciesID=a8aa64188ed5491cbb686ff5f8435418 StaticDependenciesID=7592cc8c5da26bf158999303e5f08fe4 
Importing 'GUID: d27136885efd6ab4fae1a1fea23b0010 - Path: Packages/com.tuyoogame.yooasset/Mini Game/Runtime/GooglePlayFileSystem' with importer (DefaultImporter)
Imported 'GUID: d27136885efd6ab4fae1a1fea23b0010' -> (Import Result ID: 'e8ca2743b112a579a5e6fba5f272a440') in 0.002 seconds [static dependencies only]. Details - ImportResultOutputID=05d11be9e8cfdda486379f465309542d DependenciesID=e57836e5ee09fdee8e0a1dc95aa7597a StaticDependenciesID=847ca6a7a49e861afada85e26ab6691f 
Importing 'GUID: 23c030b05543a204083c4b5f4ae8e013 - Path: Assets/GameScripts/GameLogic/HuntingInDarkness/3DCardTest' with importer (DefaultImporter)
Imported 'GUID: 23c030b05543a204083c4b5f4ae8e013' -> (Import Result ID: 'd7a1cdb66de58ac2629e24bd0dbfa088') in 0.001 seconds [static dependencies only]. Details - ImportResultOutputID=4af6f468fb0af7fed01ec34d6af59b27 DependenciesID=9fbb376e9192c595cdab89884c28180e StaticDependenciesID=3fa619170038f9cebc1c8cd4bfca45cc 
Importing 'GUID: 2314229eefcf468aacb4c56adbde3230 - Path: Assets/ZFramework/Runtime/Module/ObjectPoolModule' with importer (DefaultImporter)
Imported 'GUID: 2314229eefcf468aacb4c56adbde3230' -> (Import Result ID: '42a11603a917259b911bee971f49df58') in 0.001 seconds [static dependencies only]. Details - ImportResultOutputID=ebd0a0714c398333ff2ade2f3261bfd7 DependenciesID=28bea577d2806f2013da2bc5d8d17b0e StaticDependenciesID=e582a5b395c7f48661819820af15192e 
Importing 'GUID: 431722e1bca52d448825f603789d7e4b - Path: Packages/com.tuyoogame.yooasset/Editor/AssetBundleBuilder/BuildPipeline' with importer (DefaultImporter)
Imported 'GUID: 431722e1bca52d448825f603789d7e4b' -> (Import Result ID: '02ad39fcae201934dba07aac079778a7') in 0.001 seconds [static dependencies only]. Details - ImportResultOutputID=42ae9fda5f70c57588173d5fa2e6e4fa DependenciesID=428cb07d47cab6d86c81b2630046c070 StaticDependenciesID=72efe203601e940c76aba3a16c9f74ac 
Importing 'GUID: 43ed56232a7649647a25c24e3047a8dd - Path: Packages/com.unity.scriptablebuildpipeline/Tests/Runtime/TestAssets' with importer (DefaultImporter)
Imported 'GUID: 43ed56232a7649647a25c24e3047a8dd' -> (Import Result ID: '2ddcc820fb927ed99e44fa46c03027e6') in 0.001 seconds [static dependencies only]. Details - ImportResultOutputID=ae4d26be895261bce22ab4bd0ad12c5b DependenciesID=78b45dbd5f45f30514554dcffcb46ab4 StaticDependenciesID=f9fc278d72244153f8715534a3512b06 
Importing 'GUID: 53caebc5909234b4ebe1fcaf3dc913a5 - Path: Packages/com.unity.ugui/Tests/Runtime/UGUI' with importer (DefaultImporter)
Imported 'GUID: 53caebc5909234b4ebe1fcaf3dc913a5' -> (Import Result ID: 'c5a38f6efe47a9180c9ed0b3265e6686') in 0.000 seconds [static dependencies only]. Details - ImportResultOutputID=95ad371b8cdb9a294da03dc87e76abaf DependenciesID=355a254e9fdaad40d70546ab11032fd5 StaticDependenciesID=58aee7bc5c02ad394f86c10b00d0e208 
Importing 'GUID: 736c37b44570af14e8f8e8e26f0ed941 - Path: Packages/com.unity.scriptablebuildpipeline/Editor/Utilities/USerializeTools' with importer (DefaultImporter)
Imported 'GUID: 736c37b44570af14e8f8e8e26f0ed941' -> (Import Result ID: '137bfa38c051329d3fa358dfab059133') in 0.001 seconds [static dependencies only]. Details - ImportResultOutputID=28a102bf2878ce3409ce16a3d49cb710 DependenciesID=0823488fbeb77d18b6fc5eee66bd53da StaticDependenciesID=50939d246a4be5406413330ee06d4a88 
Importing 'GUID: 937392854b37d5043808598f2d0e07ec - Path: Packages/com.tuyoogame.yooasset/Runtime/ResourceManager/Handle' with importer (DefaultImporter)
Imported 'GUID: 937392854b37d5043808598f2d0e07ec' -> (Import Result ID: 'afd93946837457e2e36b90bcca7f5b29') in 0.001 seconds [static dependencies only]. Details - ImportResultOutputID=69bfd0fc1975cb31d24163d2282c704c DependenciesID=37e882c172dc97ef94026a8941c5064a StaticDependenciesID=3c3c49c517175514424cf28d53a2f447 
Importing 'GUID: a3cb89150b8a4060b89a32725a8e267e - Path: Packages/com.unity.test-framework/UnityEditor.TestRunner/TestLaunchers/Helpers' with importer (DefaultImporter)
Imported 'GUID: a3cb89150b8a4060b89a32725a8e267e' -> (Import Result ID: '483f60271e508629ef1481bd1d11ec7b') in 0.001 seconds [static dependencies only]. Details - ImportResultOutputID=b5ad4962dac51d897a72bca63a9db6c4 DependenciesID=c6822b5e1ae1ff77edaa336432bf51e2 StaticDependenciesID=cf2eae5fef4ba77228bd406a15a86cad 
Importing 'GUID: c3de99f9efc582a48995bc8e8c2df418 - Path: Packages/com.unity.test-framework/UnityEngine.TestRunner/NUnitExtensions/Filters' with importer (DefaultImporter)
Imported 'GUID: c3de99f9efc582a48995bc8e8c2df418' -> (Import Result ID: 'c039720e271e3e279f2c623d53617663') in 0.001 seconds [static dependencies only]. Details - ImportResultOutputID=4a5d860b32c7852b0af14c49fbad53d9 DependenciesID=d2dbf3f915195c9fd3ec62579f8b92e2 StaticDependenciesID=3f91ff09211cb92ba7b65aad95681a01 
Importing 'GUID: 04525d9c767b4cd3a73d857691a6f058 - Path: Assets/ZFramework/Editor/Inspector/Core' with importer (DefaultImporter)
Imported 'GUID: 04525d9c767b4cd3a73d857691a6f058' -> (Import Result ID: 'c82253ff349e245e4a4e0b4b77946990') in 0.000 seconds [static dependencies only]. Details - ImportResultOutputID=ed6015e2c0d0398113e0fbe98ac07d14 DependenciesID=691a6f54be0d09eec454d1ecc28dd47c StaticDependenciesID=7f49fe4e87b5cf7842fe6296a8e5cb5a 
Importing 'GUID: 44a2860ea71437a479c63d7755f57713 - Path: Assets/GameScripts/GameLogic/HuntingInDarkness/Resources' with importer (DefaultImporter)
Imported 'GUID: 44a2860ea71437a479c63d7755f57713' -> (Import Result ID: '26ee9428b025d17aec7deef509736aa7') in 0.000 seconds [static dependencies only]. Details - ImportResultOutputID=a4a8d479803b1eced27587c4db5c711a DependenciesID=5b93fb27811c25e5236d50e807b1a304 StaticDependenciesID=0039d0f34930c4d218ac2626560c9912 
Importing 'GUID: 54432698b4aa401c887a0e67d6d00cec - Path: Assets/ZFramework/Runtime/Core/Constant' with importer (DefaultImporter)
Imported 'GUID: 54432698b4aa401c887a0e67d6d00cec' -> (Import Result ID: 'f8f55d87ac24c6059866f8d3ec48c906') in 0.001 seconds [static dependencies only]. Details - ImportResultOutputID=7591ba30ddf75f9b80e1fe4d74dd29e2 DependenciesID=03db822fcb761026ac176c86944db300 StaticDependenciesID=e75628dea135ae7e223a7a311c99ff79 
Importing 'GUID: 742654cad2425334696ba6ed4495cfef - Path: Packages/com.unity.ugui/Runtime/UGUI/UI' with importer (DefaultImporter)
Imported 'GUID: 742654cad2425334696ba6ed4495cfef' -> (Import Result ID: '214963f89d2c98a4d47a96da00523865') in 0.000 seconds [static dependencies only]. Details - ImportResultOutputID=8f485f614be7a5de5c0d226177544e64 DependenciesID=b92a948bb9194529100be37b103ec974 StaticDependenciesID=cd1ff474f988f20490826137cffb5f24 
Importing 'GUID: a44aabee880cce943b52fe806464be0d - Path: Packages/com.tuyoogame.yooasset/Editor/AssetBundleCollector/DefaultRules' with importer (DefaultImporter)
Imported 'GUID: a44aabee880cce943b52fe806464be0d' -> (Import Result ID: '112846209fb873f7271312fc4570ba06') in 0.001 seconds [static dependencies only]. Details - ImportResultOutputID=53e86f96935957897a431829eb371de4 DependenciesID=f6e1544fc05e1ac9e733dde715e8f3ba StaticDependenciesID=e8fb8293eeceac7e16883e96eda87017 
Importing 'GUID: d43d429f8a1e4c17b0127696bdd53c39 - Path: Assets/ZFramework/Runtime/Core/GameEvent' with importer (DefaultImporter)
Imported 'GUID: d43d429f8a1e4c17b0127696bdd53c39' -> (Import Result ID: '3a7efe930ee88c10c968bfff429c1cd8') in 0.001 seconds [static dependencies only]. Details - ImportResultOutputID=de7257fbd59023a0db0ee433cc0d51dd DependenciesID=9d0bb79473a2c2f130689708b4ea62cf StaticDependenciesID=953bb268c18cdc8d19b212a4032ce310 
Importing 'GUID: e46ac51e44daa414db3e6df5cba7bd28 - Path: Assets/AssetRaw/Configs/HuntingInDarkness/Tables' with importer (DefaultImporter)
Imported 'GUID: e46ac51e44daa414db3e6df5cba7bd28' -> (Import Result ID: '00dd552dbf801606e67ec2ccd9e6165f') in 0.002 seconds [static dependencies only]. Details - ImportResultOutputID=32df8445fdfb30d2f53f3ac2330c4af8 DependenciesID=cb1f3d588acf6cb3ef4cfd1318fb1319 StaticDependenciesID=d277a2ec998461da304e1a19116d696e 
Importing 'GUID: f48a0d6eb1f1478694dae38f70726842 - Path: Assets/ZFramework/Runtime/Module/ResourceModule' with importer (DefaultImporter)
Imported 'GUID: f48a0d6eb1f1478694dae38f70726842' -> (Import Result ID: 'd03b99caa9d45bc4c1bfc29f0ae6eab8') in 0.001 seconds [static dependencies only]. Details - ImportResultOutputID=b4025bb9c61469c8dcc49a2cebdf9e5e DependenciesID=9dc5e3ba0ef6934b21aa901cdcbbf648 StaticDependenciesID=8bbdeaf4e1c114881a736dcd8c4d972a 
Importing 'GUID: 256a0ca37fa972840bce7fca446e75e7 - Path: Packages/com.unity.test-framework/UnityEngine.TestRunner/TestRunner/Messages' with importer (DefaultImporter)
Imported 'GUID: 256a0ca37fa972840bce7fca446e75e7' -> (Import Result ID: 'dc20fb768cf483c0743563c38b2e1f3a') in 0.001 seconds [static dependencies only]. Details - ImportResultOutputID=dd2f7e6ccd35b365062de9cf191e6382 DependenciesID=613f1dd363cce6e87d8abd4136d8c6f0 StaticDependenciesID=79bc37b37953b0b4e64ce0ce2c3b7931 
Importing 'GUID: 25cb2f742bfeb1d48a4e65d3140b955d - Path: Packages/com.cysharp.unitask/Runtime/External/DOTween' with importer (DefaultImporter)
Imported 'GUID: 25cb2f742bfeb1d48a4e65d3140b955d' -> (Import Result ID: 'c3b81eeef9a3d68f9b6730aa53441820') in 0.002 seconds [static dependencies only]. Details - ImportResultOutputID=7a47e277e270c4020ff9e69b24e92d73 DependenciesID=ead005d2c3357f5734f9393c991a0cd6 StaticDependenciesID=43f16a89c88d0f4dce16412a2141d929 
Importing 'GUID: 354fde95fe0643b09509e5fcee350b33 - Path: Packages/com.unity.ide.rider/Rider/Editor/Properties' with importer (DefaultImporter)
Imported 'GUID: 354fde95fe0643b09509e5fcee350b33' -> (Import Result ID: 'e2102a15a2d776f901339b1061e7fc1c') in 0.001 seconds [static dependencies only]. Details - ImportResultOutputID=556b7c65f8ba8a70444e0081b0d90e22 DependenciesID=4c9f4dc32672901dbae0fd45f4b2d41d StaticDependenciesID=53fac7bec57bcbffc9d6c590e4fd5399 
Importing 'GUID: 757413612c6b420b8da76dcaf86e50f9 - Path: Assets/GameScripts/GameLogic/UI/LoginUI' with importer (DefaultImporter)
Imported 'GUID: 757413612c6b420b8da76dcaf86e50f9' -> (Import Result ID: '980cc190c933ffc771583c3c2dde9486') in 0.002 seconds [static dependencies only]. Details - ImportResultOutputID=ef1927c729af39b169895116c0f3f454 DependenciesID=7619206d20b24d6d54a64d360303d8a7 StaticDependenciesID=0c42b256bafef06eb4af40093906025b 
Importing 'GUID: 853edc343b78a7c4c81cbb3851d48c0a - Path: Packages/com.unity.ugui/Editor/UGUI/UI' with importer (DefaultImporter)
Imported 'GUID: 853edc343b78a7c4c81cbb3851d48c0a' -> (Import Result ID: 'ec9e20b1ea9a49f658d9fa6c6962d32e') in 0.001 seconds [static dependencies only]. Details - ImportResultOutputID=817852a677c79b120ebfea9b2a6e2b87 DependenciesID=79f97859125414c29c6ba9a4e653b8ce StaticDependenciesID=4aaf54f230fccba85ce7d11d2062e4c6 
Importing 'GUID: a500716e59f61824ba1fa6b418ce31a7 - Path: Assets/ZFramework/Editor/Localization/Inspectors' with importer (DefaultImporter)
Imported 'GUID: a500716e59f61824ba1fa6b418ce31a7' -> (Import Result ID: '2b1befc9ec50abce571450b58cd1c800') in 0.001 seconds [static dependencies only]. Details - ImportResultOutputID=56ab1616af661ade3bbba41f7f784f2d DependenciesID=de0b11f35864034d0093dbc319e2635a StaticDependenciesID=edf1249557acbad410530d473f5754e0 
Importing 'GUID: a52391bc44c477f40a547ed4ef3b9560 - Path: Packages/com.unity.ide.rider/Rider/Editor/UnitTesting' with importer (DefaultImporter)
Imported 'GUID: a52391bc44c477f40a547ed4ef3b9560' -> (Import Result ID: '8e78acdbd4651130d555059e6f891b04') in 0.002 seconds [static dependencies only]. Details - ImportResultOutputID=387779a303c7c1d99bc01358299dddde DependenciesID=beadb8a6130b5eea2214f85de28f77be StaticDependenciesID=1883a1f2f5dfebaa44d9fbef64b590aa 
Importing 'GUID: a5b9231662e24c942b544bd85d4b39cb - Path: Packages/com.cysharp.unitask/Runtime/External/Addressables' with importer (DefaultImporter)
Imported 'GUID: a5b9231662e24c942b544bd85d4b39cb' -> (Import Result ID: '27b747f53806dd530e9d293439ef2789') in 0.001 seconds [static dependencies only]. Details - ImportResultOutputID=d83797b458a426ca81e24bd163afde2d DependenciesID=7d0f312fa162c2d2708c5a62cc2f36b6 StaticDependenciesID=4b20eb465aadbcb8346298537d74cd82 
Importing 'GUID: c5535d742ea2e4941850b421f9c70a1f - Path: Packages/com.unity.test-framework/UnityEditor.TestRunner/GUI/Views' with importer (DefaultImporter)
Imported 'GUID: c5535d742ea2e4941850b421f9c70a1f' -> (Import Result ID: 'fb7b6a67b291c38cde54482d5c677d62') in 0.002 seconds [static dependencies only]. Details - ImportResultOutputID=e52be04538276df6292bb2a117e60a31 DependenciesID=a42349b30c21e0d2ab515e42c69e582c StaticDependenciesID=ee67ad51916887fb1ff2ced2759d86eb 
Importing 'GUID: e5f8691a7e0c67d4ab790b703925cd75 - Path: Packages/com.tuyoogame.yooasset/Editor/UIElements/TableViewer' with importer (DefaultImporter)
Imported 'GUID: e5f8691a7e0c67d4ab790b703925cd75' -> (Import Result ID: 'e3bc1fb96017a5075a0c2f216f311b48') in 0.001 seconds [static dependencies only]. Details - ImportResultOutputID=af6661b12e0554254f5e010389bb2c0d DependenciesID=2a7e1b46ad5461eb6218596516099e0f StaticDependenciesID=10a4c023350c620a365463a1b9d49bca 
Importing 'GUID: f56061f3f5804f96a0bf0f82d411d686 - Path: Assets/ZFramework/Runtime/Module/SceneModule' with importer (DefaultImporter)
Imported 'GUID: f56061f3f5804f96a0bf0f82d411d686' -> (Import Result ID: '6b2ce83bb297fc69a4a2b7934e352d00') in 0.001 seconds [static dependencies only]. Details - ImportResultOutputID=4d6b9ad3e874ddf3c5233c3da280dc10 DependenciesID=955527b2ceb79bcf5869ced4bd3d9289 StaticDependenciesID=0a65b1b278a18c77f001b11b0dd6c2fd 
Importing 'GUID: f525580684527b147b70cf94aaa70dbc - Path: Packages/com.unity.ugui/Editor/UGUI/EventSystem' with importer (DefaultImporter)
Imported 'GUID: f525580684527b147b70cf94aaa70dbc' -> (Import Result ID: '503dae1663cf62a77e97545d7d89784f') in 0.001 seconds [static dependencies only]. Details - ImportResultOutputID=edff13cc3063d13a3ad3adc5db6eeaf3 DependenciesID=bb59f4f82082c110cf9ccd41ed4faff6 StaticDependenciesID=aa14fb5c00f4da727b0cdd162f3814d5 
Importing 'GUID: 26249d17861cae844807907578aca632 - Path: Assets/TurnBasedPack/ActionQueue/Tests/Editor' with importer (DefaultImporter)
Imported 'GUID: 26249d17861cae844807907578aca632' -> (Import Result ID: 'd466f55215d0f6355923fa962fd1353e') in 0.000 seconds [static dependencies only]. Details - ImportResultOutputID=90309cd7d91e46a12a6ff32683bfbe2f DependenciesID=36e06886e722e24d47eb8f65b7caa8e0 StaticDependenciesID=77e9cdba8ce65196a9be8da3a4d0ab1b 
Importing 'GUID: 3610673068254436ac90019f46e09f01 - Path: Packages/com.unity.test-framework/UnityEditor.TestRunner/UnityTestProtocol/Data' with importer (DefaultImporter)
Imported 'GUID: 3610673068254436ac90019f46e09f01' -> (Import Result ID: 'eb84d62778cdd77182d3488e212759a6') in 0.002 seconds [static dependencies only]. Details - ImportResultOutputID=0a68b70aa286e44a82eb2e9bb80dc50d DependenciesID=e3f91aec0cd5018b72f083aad0f54414 StaticDependenciesID=1c684062cf98509978789ade24d9a266 
Importing 'GUID: 5690d587171bf544f99575e7c3bf7666 - Path: Assets/GameScripts/GameLogic/HuntingInDarkness/InteractionSystem' with importer (DefaultImporter)
Imported 'GUID: 5690d587171bf544f99575e7c3bf7666' -> (Import Result ID: '05564e8cd84d376e4f027d7d3f74ec34') in 0.001 seconds [static dependencies only]. Details - ImportResultOutputID=4541c5be9b05baa6e72d1f5294f55f2c DependenciesID=02d68667d6ded21ff150eae7672dc229 StaticDependenciesID=1312a328b0024db882669b805dc1dc5b 
Importing 'GUID: 669f5459819f7284ca1b35f4d55fe226 - Path: Packages/com.cysharp.unitask/Runtime/Linq/UnityExtensions' with importer (DefaultImporter)
Imported 'GUID: 669f5459819f7284ca1b35f4d55fe226' -> (Import Result ID: '0bea901e926def9fc091a4bb7724ba44') in 0.001 seconds [static dependencies only]. Details - ImportResultOutputID=61428d448d7453f0e2a6e05cfc6a97c5 DependenciesID=2cc50190f5c45f34040108ab61c9eab9 StaticDependenciesID=2b0ed055915365694c98a0b10fa2330b 
Importing 'GUID: 96c503bf059df984c86eecf572370347 - Path: Packages/com.unity.test-framework/UnityEditor.TestRunner/NUnitExtension/Attributes' with importer (DefaultImporter)
Imported 'GUID: 96c503bf059df984c86eecf572370347' -> (Import Result ID: '9eaa9abcf1a95475e96ee4ef24e64ed4') in 0.001 seconds [static dependencies only]. Details - ImportResultOutputID=34bf7055b752077488abdfed96d914d5 DependenciesID=205878b9ce758c52345cc1db59a155ae StaticDependenciesID=8de600e34270e62bc7ce4a61ab9c2724 
Importing 'GUID: b6b971daee5e4bd41be6b4e92f994103 - Path: Assets/GameScripts/GameLogic/HuntingInDarkness/GameplayBase' with importer (DefaultImporter)
Imported 'GUID: b6b971daee5e4bd41be6b4e92f994103' -> (Import Result ID: 'cc61b3cba16276ba46f5626e42040409') in 0.002 seconds [static dependencies only]. Details - ImportResultOutputID=cb7a92e63eb97e94bc776be990c5f36f DependenciesID=b180a3cf577cb3e3dbfd395aff389b29 StaticDependenciesID=10942d76446a53ad0c35e526310b0b94 
Importing 'GUID: c64025c73372d9d4cab02c9cf9436e55 - Path: Packages/com.tuyoogame.yooasset/Runtime/ResourceManager/Provider' with importer (DefaultImporter)
Imported 'GUID: c64025c73372d9d4cab02c9cf9436e55' -> (Import Result ID: '670b049d604f99125f930fa4c2d4c9b9') in 0.001 seconds [static dependencies only]. Details - ImportResultOutputID=b1d3e392ac4cad9e9a1b70529cd791b6 DependenciesID=d122a0072c9cfbe0df1d9196ee97a0ad StaticDependenciesID=4bef5622862eb43a212003991486fc9e 
Importing 'GUID: d6835d091fc4e4e438770512ec53c05c - Path: Packages/com.tuyoogame.yooasset/Mini Game/Runtime/TaptapFileSystem' with importer (DefaultImporter)
Imported 'GUID: d6835d091fc4e4e438770512ec53c05c' -> (Import Result ID: 'e947be904eb67638caa0d80c1cf65468') in 0.002 seconds [static dependencies only]. Details - ImportResultOutputID=059e8bd110b7e70c6fce2832f7e3a717 DependenciesID=a01c518b935a272d9357db8c4436011e StaticDependenciesID=8717795404470a26c7ad96eb349f28d9 
Importing 'GUID: e6fa8d511288f784cba98df270851486 - Path: Assets/GameScripts/GameLogic/HuntingInDarkness/Content' with importer (DefaultImporter)
Imported 'GUID: e6fa8d511288f784cba98df270851486' -> (Import Result ID: '90b5f89d6cd3ff11c4abafbe4ac5cba3') in 0.001 seconds [static dependencies only]. Details - ImportResultOutputID=17d19b8b9a64a4ad441dc350195c28bd DependenciesID=631d6c341dfc085673b976ff554e459b StaticDependenciesID=7dfbf2d6942e2e4b028b782ee023df89 
Importing 'GUID: 071586709ef545a4bd77c1b85aeac019 - Path: Assets/ZFramework/Runtime/Module/UpdataDriverModule' with importer (DefaultImporter)
Imported 'GUID: 071586709ef545a4bd77c1b85aeac019' -> (Import Result ID: '06c6276495d84b0e5ab25920445d5fb9') in 0.001 seconds [static dependencies only]. Details - ImportResultOutputID=93faaf47bd464d167ab25e09c98f747b DependenciesID=601ab897b96eb4134cc6860a46361fae StaticDependenciesID=ebac1ccc23023910080b2328646a6d20 
Importing 'GUID: 07e60a75ff092314cb4d9ba6d5b14296 - Path: Packages/com.tuyoogame.yooasset/Runtime/FileSystem/DefaultUnpackFileSystem' with importer (DefaultImporter)
Imported 'GUID: 07e60a75ff092314cb4d9ba6d5b14296' -> (Import Result ID: '635523de501f725063ffb85236cd9b24') in 0.002 seconds [static dependencies only]. Details - ImportResultOutputID=29516f2da3e537548ee964d26501383d DependenciesID=1c9f38f29607aae33849b14c61435a0b StaticDependenciesID=144d23ebcf6d590d4f69f9351583ae42 
Importing 'GUID: 07ea0326ed848fb4489187cb58f96113 - Path: Packages/com.unity.test-framework/UnityEditor.TestRunner/GUI/TestListBuilder' with importer (DefaultImporter)
Imported 'GUID: 07ea0326ed848fb4489187cb58f96113' -> (Import Result ID: '246f288a9de5b501cf0baeaa184511c4') in 0.001 seconds [static dependencies only]. Details - ImportResultOutputID=cd126e740f095a0f5fe7dcafb9e5dad6 DependenciesID=248005e8e5f93eed9dfc27b32ffc9ab8 StaticDependenciesID=05866955e0adbfdc757884886ea28cc3 
Importing 'GUID: 17d469f0c029a034bafe8d17a3db9ee5 - Path: Packages/com.tuyoogame.yooasset/Runtime/FileSystem/DefaultWebServerFileSystem' with importer (DefaultImporter)
Imported 'GUID: 17d469f0c029a034bafe8d17a3db9ee5' -> (Import Result ID: 'c41d185d2ff1cc1cfc6bc204091387e4') in 0.001 seconds [static dependencies only]. Details - ImportResultOutputID=fd09ac1c9e2745008fcc61142fd9e44d DependenciesID=8d85df534fbc43f7fc74f754dc0c89f1 StaticDependenciesID=c7ae67d3e74972c66ec487df5d7f6422 
Importing 'GUID: 1797f960cdbd5aa41a96bb02d16c4998 - Path: Packages/com.tuyoogame.yooasset/Editor/UIElements/TreeViewer' with importer (DefaultImporter)
Imported 'GUID: 1797f960cdbd5aa41a96bb02d16c4998' -> (Import Result ID: '31a4b2cfba2c0da34df248605206091e') in 0.001 seconds [static dependencies only]. Details - ImportResultOutputID=cfa95e49eb1254ef1d4bd004e665ad8b DependenciesID=cf394c91445ea447a6ba75fc5cfa5649 StaticDependenciesID=a178d24862627bd9fe2bce779638a0b8 
Importing 'GUID: 37380ecafc4f4454b3425bb587096491 - Path: Assets/ZFramework/Runtime/Module/Settings' with importer (DefaultImporter)
Imported 'GUID: 37380ecafc4f4454b3425bb587096491' -> (Import Result ID: '515944d5761b35a6dfcaf32938b21487') in 0.000 seconds [static dependencies only]. Details - ImportResultOutputID=0b89e1337270762a9c82575a81e79601 DependenciesID=9eca6a5b93a0ee69fe922d7a50913b54 StaticDependenciesID=dfef021276991d8576ebbc5409857cb0 
Importing 'GUID: 37888acc09d9ee848bf9559f06645c45 - Path: Packages/com.unity.test-framework/UnityEngine.TestRunner/NUnitExtensions/Runner' with importer (DefaultImporter)
Imported 'GUID: 37888acc09d9ee848bf9559f06645c45' -> (Import Result ID: 'd7acb80960704921905dab0ce2fdcb2d') in 0.001 seconds [static dependencies only]. Details - ImportResultOutputID=fb9da6600226952d8e3dfe55b845ca83 DependenciesID=b2f2c747ee18778fad23c28946361891 StaticDependenciesID=f7b0116ddab9904cd8eab2f6ea59200f 
Importing 'GUID: 77417b0f4cf6d334f916c64448d24133 - Path: Packages/com.unity.ugui/Editor/Analytics/IAnalytic' with importer (DefaultImporter)
Imported 'GUID: 77417b0f4cf6d334f916c64448d24133' -> (Import Result ID: '8577b055294de718e077383bddee17e1') in 0.001 seconds [static dependencies only]. Details - ImportResultOutputID=ece3f7a2bcd50b0789c1d53c4fb48926 DependenciesID=48f07f911ef7b8c497ceb42169e65e23 StaticDependenciesID=34e127aa7aad971e092343ad35b3295a 
Importing 'GUID: c794db7fca323164cb328b4b9e3c2d36 - Path: Assets/TurnBasedPack/BuffSystem/Runtime/Formula' with importer (DefaultImporter)
Imported 'GUID: c794db7fca323164cb328b4b9e3c2d36' -> (Import Result ID: 'f76fcbb5761ad32d7ae5dae49ecf1307') in 0.001 seconds [static dependencies only]. Details - ImportResultOutputID=431b24458a49b1132056599e0509db63 DependenciesID=1616d7a45c52dc1cc618b802ec9bc942 StaticDependenciesID=b0f59ac5dfe707f927452799bbc33167 
Importing 'GUID: e7f5776546411834d9ed949d54a6f241 - Path: Packages/com.tuyoogame.yooasset/Runtime/ResourcePackage/Interface' with importer (DefaultImporter)
Imported 'GUID: e7f5776546411834d9ed949d54a6f241' -> (Import Result ID: '9213b09bce786bfddce7d9059bdedce8') in 0.001 seconds [static dependencies only]. Details - ImportResultOutputID=97890c1944fdb26b8de1b2f0e4a455cc DependenciesID=4bfa71532a95067cee1bda927414bb52 StaticDependenciesID=5af1278c273a6b83de839252f91eb3f5 
Importing 'GUID: 2875232ad7f87c148b752d432f3a54f2 - Path: Packages/com.tuyoogame.yooasset/Editor/AssetBundleBuilder/BuildSystem' with importer (DefaultImporter)
Imported 'GUID: 2875232ad7f87c148b752d432f3a54f2' -> (Import Result ID: '27a1bbb52472071c863a4f2c86351104') in 0.001 seconds [static dependencies only]. Details - ImportResultOutputID=a30fc36095a42c92f7b3069508e18b92 DependenciesID=ee5d9a5a90011a774434ec8135313e12 StaticDependenciesID=91159cfb5b2f8e6da756a146519a83a2 
Importing 'GUID: 28c5def11c9035443b6251933ffa6a30 - Path: Packages/com.tuyoogame.yooasset/Editor/AssetBundleCollector/CollectRules' with importer (DefaultImporter)
Imported 'GUID: 28c5def11c9035443b6251933ffa6a30' -> (Import Result ID: '6c3e3c79d6efe45e43b81851261ad717') in 0.001 seconds [static dependencies only]. Details - ImportResultOutputID=2e9b345830c9fbf7bf533588ecc2a3a2 DependenciesID=7e258d8b56001a0905d7cde2631dcbce StaticDependenciesID=393ad6a7481b1928f7a7f534467236e6 
Importing 'GUID: 4812fd895ef2d7e4a97956be2c6f8170 - Path: Packages/com.tuyoogame.yooasset/Runtime/ResourcePackage/Operation' with importer (DefaultImporter)
Imported 'GUID: 4812fd895ef2d7e4a97956be2c6f8170' -> (Import Result ID: 'bdcc11d382f2fff2089edc12fbc5ca62') in 0.001 seconds [static dependencies only]. Details - ImportResultOutputID=47d8c0efdeed704630415ee2a33e788e DependenciesID=bb2a8316e5ecdb6786988e277bcfd63c StaticDependenciesID=4b7ecd4636c52998fed6c514b94cb6c4 
Importing 'GUID: 48e957ae073f4d0e9134eafed9448619 - Path: Assets/ZFramework/Runtime/Core/DataStruct' with importer (DefaultImporter)
Imported 'GUID: 48e957ae073f4d0e9134eafed9448619' -> (Import Result ID: '02488c9b3aa1f4187e5e3641042ab382') in 0.001 seconds [static dependencies only]. Details - ImportResultOutputID=c7010bcde8e1b606c3aa92d00a58bb81 DependenciesID=e0bc84b289af7f186274b1c38f15338f StaticDependenciesID=94f08047bb88b4c2cbe5f74145f4c913 
Importing 'GUID: 58ca4d9506924d53b898454316d1f61d - Path: Assets/ZFramework/Runtime/Module/DebugerModule' with importer (DefaultImporter)
Imported 'GUID: 58ca4d9506924d53b898454316d1f61d' -> (Import Result ID: '5a15d318b4c8e39f99e0ce7a68539ce3') in 0.001 seconds [static dependencies only]. Details - ImportResultOutputID=f486e8393168d76ae7da2cc3a7e8591d DependenciesID=cbcb06cdb84b26d5ec3854a046b39e9b StaticDependenciesID=3bab2496266c6cee509fa23c035f1827 
Importing 'GUID: 68cb547af0187634aad591a09c01cd5b - Path: Packages/com.unity.test-framework/UnityEditor.TestRunner/GUI/TestListTreeView' with importer (DefaultImporter)
Imported 'GUID: 68cb547af0187634aad591a09c01cd5b' -> (Import Result ID: '71f73f7f84d2cdbf30d838ce772fad43') in 0.001 seconds [static dependencies only]. Details - ImportResultOutputID=a1494cceafaca8313fc90b0ec9872ac1 DependenciesID=4ff5ae42dadce18c3e8d462f91e16de3 StaticDependenciesID=d1a1ee4135791d7dd4d75a278a616eea 
Importing 'GUID: a8f060786f8775b4a82cc3f55d9135e2 - Path: Packages/com.tuyoogame.yooasset/Runtime/DownloadSystem/Operation' with importer (DefaultImporter)
Imported 'GUID: a8f060786f8775b4a82cc3f55d9135e2' -> (Import Result ID: '86e80ca00aaa51c3aefaf5f33f97759a') in 0.000 seconds [static dependencies only]. Details - ImportResultOutputID=2c527723b3e06b2cedecd577cee82822 DependenciesID=95ece38d4758fe14b227eec58fa5b295 StaticDependenciesID=c06be0a47ddd168dc9b076a10a4b4088 
Importing 'GUID: a81ba0727251458f9b4b29171e9a1c57 - Path: Packages/com.unity.scriptablebuildpipeline/Tests/Editor/OptionalPackages' with importer (DefaultImporter)
Imported 'GUID: a81ba0727251458f9b4b29171e9a1c57' -> (Import Result ID: '3d0c584ad049072fea4ba6a9fb6cc631') in 0.001 seconds [static dependencies only]. Details - ImportResultOutputID=e8b3e49a90d2eb1c617f66c6a7aa1365 DependenciesID=c938c390ca102702a4d45a73b1c23bde StaticDependenciesID=f08fa52c2437ae1d1b171c360683fb5f 
Importing 'GUID: e88eef57957d4440c8a7ff2ef9dd3d97 - Path: Packages/com.unity.test-framework/UnityEditor.TestRunner/GUI/Controls' with importer (DefaultImporter)
Imported 'GUID: e88eef57957d4440c8a7ff2ef9dd3d97' -> (Import Result ID: '048a931f73f3f61470619c15f658c538') in 0.001 seconds [static dependencies only]. Details - ImportResultOutputID=24f44f8dd8ec32005e9b774cacd6f22a DependenciesID=6aa3052af47e4ad7b9a7369111ea7357 StaticDependenciesID=a8182bed8183a02b247d1fce49fb38bf 
Importing 'GUID: f89da606bde9a4e4e94ae1189a029887 - Path: Packages/com.cysharp.unitask/Runtime/External/TextMeshPro' with importer (DefaultImporter)
Imported 'GUID: f89da606bde9a4e4e94ae1189a029887' -> (Import Result ID: 'af4c3dc6be3d739f1e12e01347f23d64') in 0.001 seconds [static dependencies only]. Details - ImportResultOutputID=a9367a8fae3dfb806a745f442abc69f1 DependenciesID=8815b8ef2f3591135de9c24d2805de74 StaticDependenciesID=0b4e4e215c62da815c065c19c4ac444f 
Importing 'GUID: 29a0efa113aa42ac87aa648b9f90d950 - Path: Assets/ZFramework/Runtime/Extension/Material' with importer (DefaultImporter)
Imported 'GUID: 29a0efa113aa42ac87aa648b9f90d950' -> (Import Result ID: '028230de938825d51603d6bf5b88baad') in 0.001 seconds [static dependencies only]. Details - ImportResultOutputID=0c7cb57ddfc100e51a713266693f5f35 DependenciesID=99634d2b7f0f43cea3452f5bf4504303 StaticDependenciesID=e7af2ff298f916ed88f06ea5be691b63 
Importing 'GUID: 4926c06156894939ba0a2680f1b0aa7a - Path: Packages/com.unity.test-framework/UnityEditor.TestRunner/TestRun/Data' with importer (DefaultImporter)
Imported 'GUID: 4926c06156894939ba0a2680f1b0aa7a' -> (Import Result ID: 'ae69f37916fcd8356243e13751711f7d') in 0.001 seconds [static dependencies only]. Details - ImportResultOutputID=85130efa8ecc385ecf3855a48af99888 DependenciesID=dc1748b7d084e762b15a015023e75d23 StaticDependenciesID=31d007bcfde851fe14d149298b477ef3 
Importing 'GUID: 59fc14abedfd443c8ee692dcdc397f9a - Path: Assets/ZFramework/Runtime/Module/TimerModule' with importer (DefaultImporter)
Imported 'GUID: 59fc14abedfd443c8ee692dcdc397f9a' -> (Import Result ID: '11f1f5b4b7aa81a430242aaee216bf6c') in 0.001 seconds [static dependencies only]. Details - ImportResultOutputID=bf5f54847e9c31f4aa8ae249f3f5e415 DependenciesID=ac263efe2e91f37c1dcffa00a87de07a StaticDependenciesID=39c223132fc1025795ae0d855fc4e7fd 
Importing 'GUID: 891bb6b9f5094c36b59c3788e21c8213 - Path: Packages/com.unity.test-framework/UnityEditor.TestRunner/Api/Analytics' with importer (DefaultImporter)
Imported 'GUID: 891bb6b9f5094c36b59c3788e21c8213' -> (Import Result ID: 'c5948e92ff83c834ca749728c079a770') in 0.001 seconds [static dependencies only]. Details - ImportResultOutputID=440cb48c2d5c8ddcf9ce28a7a5c926ec DependenciesID=669b092c8c5e33bc84c9dd266490ff80 StaticDependenciesID=fdf8e73efbce9b71b419aeefc154641d 
Importing 'GUID: a9ca0d0d29eb5294b9c6926c6a09e76b - Path: Packages/com.tuyoogame.yooasset/Runtime/FileSystem/BundleResult' with importer (DefaultImporter)
Imported 'GUID: a9ca0d0d29eb5294b9c6926c6a09e76b' -> (Import Result ID: '13a106e7b502ebcff74dbd4da29e025b') in 0.001 seconds [static dependencies only]. Details - ImportResultOutputID=33bef3fb942f8d2c6664d1a2172f5931 DependenciesID=329f4a9281905fbae2b991ac27baa943 StaticDependenciesID=f3d1805aa02c4fdaf760baa8c658fdd1 
Importing 'GUID: d9276efd8270b104ea614946e5787aa1 - Path: Assets/ZFramework/Editor/Localization/Unity XCode' with importer (DefaultImporter)
Imported 'GUID: d9276efd8270b104ea614946e5787aa1' -> (Import Result ID: 'e75fdb7f499e1de5c776855efd951b86') in 0.001 seconds [static dependencies only]. Details - ImportResultOutputID=5a1713b1956aab4d855e60801db8aaef DependenciesID=66dc05f372d7a53dd2fcc930caae4cd1 StaticDependenciesID=a8e24b1da8bcc90888d66ffd95c59034 
Importing 'GUID: d9682e749d3efc642af54d789d9090a6 - Path: Packages/com.unity.test-framework/UnityEditor.TestRunner/TestRunner/Messages' with importer (DefaultImporter)
Imported 'GUID: d9682e749d3efc642af54d789d9090a6' -> (Import Result ID: '0f3b05c3f065214a86a9af0c91f7f020') in 0.001 seconds [static dependencies only]. Details - ImportResultOutputID=465d0a4984e8a0e06dec2ed231fada61 DependenciesID=313ea68b99441b334ecb581ec48c150d StaticDependenciesID=31e9566f14b7607a756afee74f98b984 
Importing 'GUID: e94656a08861c174c9f786affcfd15a7 - Path: Packages/com.unity.scriptablebuildpipeline/Editor/Utilities/USerialize' with importer (DefaultImporter)
Imported 'GUID: e94656a08861c174c9f786affcfd15a7' -> (Import Result ID: 'ccdfcb7e8316b528783d11292173cffe') in 0.001 seconds [static dependencies only]. Details - ImportResultOutputID=a30033c14d26d7b38ab3847550e04fa7 DependenciesID=69bff74af3e349085185ac0334b9ae8b StaticDependenciesID=63884482f15120ceae8be2090bf93f77 
Importing 'GUID: e9d6cb1ce5d510645866ad7c122abfab - Path: Packages/com.tuyoogame.yooasset/Runtime/ResourcePackage/PlayMode' with importer (DefaultImporter)
Imported 'GUID: e9d6cb1ce5d510645866ad7c122abfab' -> (Import Result ID: 'b66dc770e4311f4ac366f525480075b7') in 0.001 seconds [static dependencies only]. Details - ImportResultOutputID=f6863ee686b5ef49891046b606a8c410 DependenciesID=319238ed854b2ac20c1337498cfe9dda StaticDependenciesID=bfc7543ebc2c88fd04b6597ebde15a09 
Importing 'GUID: 0a8559748a5223a4a945940cd90048e0 - Path: Packages/com.unity.scriptablebuildpipeline/Tests/Editor/Build' with importer (DefaultImporter)
Imported 'GUID: 0a8559748a5223a4a945940cd90048e0' -> (Import Result ID: 'e382c538ceacd1c54c6a9374118812ab') in 0.002 seconds [static dependencies only]. Details - ImportResultOutputID=4ea1e8482ed40a63cef0034b8439f127 DependenciesID=8db13446a7849a5e35e8824f12fa0ddb StaticDependenciesID=0cfc756eb569a2411d30b28f1247bf9c 
Importing 'GUID: 2a6cbf813dc64ddbbbe1fce7d664fe00 - Path: Assets/ZFramework/Runtime/Extension/Json' with importer (DefaultImporter)
Imported 'GUID: 2a6cbf813dc64ddbbbe1fce7d664fe00' -> (Import Result ID: '00f690de6f7f185e939f56d2e4348427') in 0.001 seconds [static dependencies only]. Details - ImportResultOutputID=ec3e3d2eff5dbb112f5d09c476d28528 DependenciesID=73995fe4ecdad6dcf329384e69073de3 StaticDependenciesID=4b7a55528871bb41b4661c4f9454f8f7 
Importing 'GUID: 7a14c0de202607140000000000000001 - Path: Assets/GameScripts/GameLogic/HuntingInDarkness/GameCore' with importer (DefaultImporter)
Imported 'GUID: 7a14c0de202607140000000000000001' -> (Import Result ID: '71db1e8af454f35178c2f1d404f73928') in 0.001 seconds [static dependencies only]. Details - ImportResultOutputID=d7018e3c93c79ad7dd9c7384987602c5 DependenciesID=33af98bf0d2cc7e24204f03e08a39506 StaticDependenciesID=f514a9f5c5b17d43c4d003cedf086c6a 
Importing 'GUID: 7a14c0de202607140000000000000006 - Path: Assets/GameScripts/GameLogic/HuntingInDarkness/Adapters' with importer (DefaultImporter)
Imported 'GUID: 7a14c0de202607140000000000000006' -> (Import Result ID: '2bf0396327d5b992cfd7d974e0407e7a') in 0.002 seconds [static dependencies only]. Details - ImportResultOutputID=c27d6f9b256cee58f34703439bc85e80 DependenciesID=971f9babf91490ff4d4c133e05b2a699 StaticDependenciesID=f6482819220acf26e8821997acd49b9e 
Importing 'GUID: 7a14c0de20260714000000000000000a - Path: Assets/GameScripts/GameLogic/HuntingInDarkness/ViewLayer' with importer (DefaultImporter)
Imported 'GUID: 7a14c0de20260714000000000000000a' -> (Import Result ID: '6216610369c4bf6e5189f4b8ff925632') in 0.002 seconds [static dependencies only]. Details - ImportResultOutputID=6801281fce36c7d2e50b049de8512452 DependenciesID=a485ef4bf5887b947a04fb9f88219a98 StaticDependenciesID=376baf8bf0859235adea69681cb999de 
Importing 'GUID: 8ad136296e8e6e14eaa2726ac1992b6c - Path: Assets/ZFramework/Editor/Localization/Localization' with importer (DefaultImporter)
Imported 'GUID: 8ad136296e8e6e14eaa2726ac1992b6c' -> (Import Result ID: '43fe6d5c34316d7b12636e0b38907fbb') in 0.001 seconds [static dependencies only]. Details - ImportResultOutputID=74d88e78d92ea318287319535888d7c0 DependenciesID=d571351e659789bb165ed467e9d40b8b StaticDependenciesID=dd1bba867a707c0fead197c69bc7381d 
Importing 'GUID: 8a55ef7d1bba14cc982b478d482c4461 - Path: Packages/com.cysharp.unitask/Runtime/External/YooAsset' with importer (DefaultImporter)
Imported 'GUID: 8a55ef7d1bba14cc982b478d482c4461' -> (Import Result ID: '33dc5b2c60732ff11775610d0b67c164') in 0.002 seconds [static dependencies only]. Details - ImportResultOutputID=5618f33f83d1e823eac4bf1ba034b323 DependenciesID=269dce6662675f4735a50739ccfd9de8 StaticDependenciesID=2028b6c1f1abcd44d156e647b2a9efae 
Importing 'GUID: aa290bd9a165a0543a4bf85ac73914bc - Path: Packages/com.unity.ide.rider/Rider/Editor/PostProcessors' with importer (DefaultImporter)
Imported 'GUID: aa290bd9a165a0543a4bf85ac73914bc' -> (Import Result ID: '898a063a0c6533bcfa1c2b239c82792c') in 0.002 seconds [static dependencies only]. Details - ImportResultOutputID=20e35bd5bc4d6721a814a8aca23ba51e DependenciesID=88b789e6661739766e672c543587a74b StaticDependenciesID=220266f2e6de647ffcaabbf4e0efe21d 
Importing 'GUID: ba5b77f3d008c154fa2eb39a4e2088cd - Path: Assets/GameScripts/GameLogic/HuntingInDarkness/Compatibility' with importer (DefaultImporter)
Imported 'GUID: ba5b77f3d008c154fa2eb39a4e2088cd' -> (Import Result ID: '3e9568639d46141c9357280b71246eff') in 0.002 seconds [static dependencies only]. Details - ImportResultOutputID=230481aca4dd31ed6293d3af35ebf428 DependenciesID=b239170287628c1b21f89211e1d1b9a2 StaticDependenciesID=cc89a5852d467e7400f01b8ba335af5b 
Importing 'GUID: ca2dc2186da7a2847b300c398600e472 - Path: Packages/com.tuyoogame.yooasset/Runtime/FileSystem/DefaultEditorFileSystem' with importer (DefaultImporter)
Imported 'GUID: ca2dc2186da7a2847b300c398600e472' -> (Import Result ID: '669f74d83e1823677b83d84b8a4d4743') in 0.002 seconds [static dependencies only]. Details - ImportResultOutputID=beeea2152562f2f83da1dbf93d6ce863 DependenciesID=ffc5fd849a30cb37f775917d6e18bf44 StaticDependenciesID=df65e4db79468a492d5895f197e03b5e 
Importing 'GUID: da7747e41e110874e8bb636b3406b32a - Path: Assets/TurnBasedPack/BuffSystem/Runtime/Core' with importer (DefaultImporter)
Imported 'GUID: da7747e41e110874e8bb636b3406b32a' -> (Import Result ID: '3798cb5c635cd8a418f97a59800c5fd1') in 0.001 seconds [static dependencies only]. Details - ImportResultOutputID=56acbbe1309f164b3fa527926a866080 DependenciesID=d8c3db24979cef988c55beeb6f401e67 StaticDependenciesID=3bdc5a6a39aae5a8e7ecdb153185e194 
Importing 'GUID: eaebb3019597fbb4d83c912fd699f7ff - Path: Assets/GameScripts/GameLogic/HuntingInDarkness/SO' with importer (DefaultImporter)
Imported 'GUID: eaebb3019597fbb4d83c912fd699f7ff' -> (Import Result ID: 'c25998527d2d353bac0dce6538bb5241') in 0.002 seconds [static dependencies only]. Details - ImportResultOutputID=589d92f578f1120eb1524af79ef55d68 DependenciesID=55e708f6f5b92290eaa3de849569f344 StaticDependenciesID=e56aa9468024193c6f60b79c3b28afb6 
Importing 'GUID: ea7c31b5b377c314db28ad3fabbbd38d - Path: Packages/com.unity.ugui/Editor/TMP/PropertyDrawers' with importer (DefaultImporter)
Imported 'GUID: ea7c31b5b377c314db28ad3fabbbd38d' -> (Import Result ID: '1253449bde90abcb05a4b2b14a2f40f0') in 0.001 seconds [static dependencies only]. Details - ImportResultOutputID=95a87702fc86b39cbacf451c7f177369 DependenciesID=82670ba9e873d0176b45fff0c6a3db52 StaticDependenciesID=73c20b06169bd391f900a2de2b544a5f 
Importing 'GUID: fae3ac1997e164d1eba5fa5c417cbefd - Path: Packages/com.unity.ugui/Tests/Editor/UGUI' with importer (DefaultImporter)
Imported 'GUID: fae3ac1997e164d1eba5fa5c417cbefd' -> (Import Result ID: 'cd79e88f7b82f6782b41ecdcf235bc06') in 0.001 seconds [static dependencies only]. Details - ImportResultOutputID=f15c9f61e52059636fa1bfea359a8585 DependenciesID=d0a13936bbe379d43d45a784db7f2343 StaticDependenciesID=03872b4617e4955335d3f209f3f4ef90 
Importing 'GUID: 0b81b60c4748e3447967805ca3884d07 - Path: Packages/com.tuyoogame.yooasset/Runtime/FileSystem/Interface' with importer (DefaultImporter)
Imported 'GUID: 0b81b60c4748e3447967805ca3884d07' -> (Import Result ID: 'fe680ef45f1ee200a586360c024a665b') in 0.000 seconds [static dependencies only]. Details - ImportResultOutputID=ad230e5deb2e8f5c77fe3b3f904ebc60 DependenciesID=c99b01b03430b1b448b901336015be0b StaticDependenciesID=88c23805a69b49d1d5bfcca36e84fdd1 
Importing 'GUID: 2bf1355f3cbe3d543b53bd9553bba02c - Path: Packages/com.tuyoogame.yooasset/Runtime/FileSystem/DefaultWebRemoteFileSystem' with importer (DefaultImporter)
Imported 'GUID: 2bf1355f3cbe3d543b53bd9553bba02c' -> (Import Result ID: '67620280c911360b1e1832acaf6bb422') in 0.002 seconds [static dependencies only]. Details - ImportResultOutputID=92f0495664336af8ccbfb3e803a1ac97 DependenciesID=b709e63b59515991eb14e9796b4e9d80 StaticDependenciesID=16a084d2f80e5e472d4a55b245cbd7c6 
Importing 'GUID: 6b72875690e0f7343911e06af3145bd5 - Path: Packages/com.unity.test-framework/UnityEngine.TestRunner/NUnitExtensions/Commands' with importer (DefaultImporter)
Imported 'GUID: 6b72875690e0f7343911e06af3145bd5' -> (Import Result ID: '45144fff2e91e51c978fed1ea331a42f') in 0.002 seconds [static dependencies only]. Details - ImportResultOutputID=231582668b6edf079641b29b90dbdebc DependenciesID=32ccf432d3fecd673bfbec6d176ae4cc StaticDependenciesID=62c3156bc442db11ae6675780e2a2cda 
Importing 'GUID: 8b5e5690626745b793e7973902559970 - Path: Assets/ZFramework/Runtime/Core/Log' with importer (DefaultImporter)
Imported 'GUID: 8b5e5690626745b793e7973902559970' -> (Import Result ID: '5dd99a56ee6fb71c1980196fae923f30') in 0.002 seconds [static dependencies only]. Details - ImportResultOutputID=eb89d2698c367354621dffab5a1a04da DependenciesID=7e532eae1c08aa7958749d3e683a0c4f StaticDependenciesID=27788404e9086605b6a395e126302945 
Importing 'GUID: bb2d9b3e774b413184288674ec716964 - Path: Assets/ZFramework/Editor/Inspector/Asset' with importer (DefaultImporter)
Imported 'GUID: bb2d9b3e774b413184288674ec716964' -> (Import Result ID: '7ddf4e18b9a5b3dba3e5b933799e029c') in 0.002 seconds [static dependencies only]. Details - ImportResultOutputID=31dfef293d8e89611a25d92be38c659e DependenciesID=298a2ab9543b1fbc4d504dfc9544a186 StaticDependenciesID=63b0e4020ddc76542270970aeb8886c7 
Importing 'GUID: ebc4d20cc106cea49b1df1153f0b3b5e - Path: Packages/com.unity.test-framework/UnityEditor.TestRunner/TestLaunchers/PlatformSetup' with importer (DefaultImporter)
Imported 'GUID: ebc4d20cc106cea49b1df1153f0b3b5e' -> (Import Result ID: 'e06eed341b27ae3b74bdf21dda0d60d5') in 0.002 seconds [static dependencies only]. Details - ImportResultOutputID=5f504dad7e75c1f8e7539949bb89aae3 DependenciesID=8d5dda64acf6392feab08f8943767d6a StaticDependenciesID=945c221621d1d71b9a6d26d491b377f1 
Importing 'GUID: 0cb14878543cf3d4f8472b15f7ecf0e3 - Path: Packages/com.unity.test-framework/UnityEngine.TestRunner/NUnitExtensions/Attributes' with importer (DefaultImporter)
Imported 'GUID: 0cb14878543cf3d4f8472b15f7ecf0e3' -> (Import Result ID: 'd40597ea5012b9b52422107be30d86a4') in 0.001 seconds [static dependencies only]. Details - ImportResultOutputID=9ff45d15f17f423add095cec02c95d2d DependenciesID=4e1075daa635c4f56def240b3ebf605d StaticDependenciesID=ff39b472ba33f17a6dcf86aaca61fb53 
Importing 'GUID: 1ca8ffceab2965e4c8892f62efa86e90 - Path: Packages/com.tuyoogame.yooasset/Runtime/FileSystem/WebGame' with importer (DefaultImporter)
Imported 'GUID: 1ca8ffceab2965e4c8892f62efa86e90' -> (Import Result ID: 'abd9a1f0abd5cdbe189873b432c6c738') in 0.002 seconds [static dependencies only]. Details - ImportResultOutputID=e2bd57236522dd1324e3afdd5e207170 DependenciesID=e32e399a258b4ddc547edcfefbc8c551 StaticDependenciesID=d0109bdcac320417104337cccfda9e04 
Importing 'GUID: 1c2c045781eb1824e897633e0984ce8d - Path: Assets/GameScripts/GameLogic/Module/UIModule' with importer (DefaultImporter)
Imported 'GUID: 1c2c045781eb1824e897633e0984ce8d' -> (Import Result ID: '6d9a3a8147acdcae0abf1a055bcb8dab') in 0.002 seconds [static dependencies only]. Details - ImportResultOutputID=8fcfaf02d1e134788a1c829c78d233e5 DependenciesID=2062a44ee366d868dc862af1f2381124 StaticDependenciesID=a3ee3bb6a82bf76071195d704aa806a3 
Importing 'GUID: 7c39b7c7b58d79a4a9ee9970e9d0470e - Path: Packages/com.tuyoogame.yooasset/Editor/AssetBundleBuilder/VisualViewers' with importer (DefaultImporter)
Imported 'GUID: 7c39b7c7b58d79a4a9ee9970e9d0470e' -> (Import Result ID: '516f998f108730cefc93a956355a792d') in 0.000 seconds [static dependencies only]. Details - ImportResultOutputID=133aeba5ded09b328de580539aa992df DependenciesID=9d6b315c91172aebac15e7a744c0d17a StaticDependenciesID=36b47cca9008f75df61973668cdd8454 
Importing 'GUID: bcc739bb54706c347b7ee54cbe51b69c - Path: Packages/com.tuyoogame.yooasset/Mini Game/Runtime/MiniGameTest' with importer (DefaultImporter)
Imported 'GUID: bcc739bb54706c347b7ee54cbe51b69c' -> (Import Result ID: 'bc5f987d897075052646403d30bf96de') in 0.002 seconds [static dependencies only]. Details - ImportResultOutputID=5ccb75dda83b6710926e929bede24535 DependenciesID=50e2a963dc3dce20ee84a710c22b169c StaticDependenciesID=df1b048b203eab97e53a925935611a4a 
Importing 'GUID: ccb22c5c90bfe2f43a0f83f873dd6646 - Path: Packages/com.tuyoogame.yooasset/Mini Game/Runtime/TiktokFileSystem' with importer (DefaultImporter)
Imported 'GUID: ccb22c5c90bfe2f43a0f83f873dd6646' -> (Import Result ID: 'eb25c9499307df217efe73b0130f502d') in 0.001 seconds [static dependencies only]. Details - ImportResultOutputID=29cadcd0c2f027d3f8df6f1824432c8e DependenciesID=5bf4acc107111a127040aedd3a38d4ec StaticDependenciesID=5dcc92f70e8f79a7e8432a1b19b82485 
Importing 'GUID: fcfac83df022948478c32bf11b8e0987 - Path: Packages/com.tuyoogame.yooasset/Runtime/ResourceManager/Operation' with importer (DefaultImporter)
Imported 'GUID: fcfac83df022948478c32bf11b8e0987' -> (Import Result ID: 'ab006774a895e2de8c3d00db03cedbe3') in 0.000 seconds [static dependencies only]. Details - ImportResultOutputID=3022e6288a35493176d94e87762ec767 DependenciesID=e3944229da41be6b04625cb583b19dc3 StaticDependenciesID=fd7e2f299de9b130c620cfcac5f32bc4 
Importing 'GUID: 2dfde84e843cc34468dd1071608926bc - Path: Packages/com.tuyoogame.yooasset/Editor/AssetBundleReporter/VisualViewers' with importer (DefaultImporter)
Imported 'GUID: 2dfde84e843cc34468dd1071608926bc' -> (Import Result ID: 'f56a04f60243e41684532612bc18b0fd') in 0.000 seconds [static dependencies only]. Details - ImportResultOutputID=2d28dffc8995cb9bef20f83bdfea802f DependenciesID=80189edc1eaf445f837967f9bf738fcb StaticDependenciesID=ff8b1620eb9a0269dccd3fe0d5df2d28 
Importing 'GUID: 3ddaad49a7bcb4087b403f2225d54840 - Path: Packages/com.unity.ugui/Tests/Editor/TMP' with importer (DefaultImporter)
Imported 'GUID: 3ddaad49a7bcb4087b403f2225d54840' -> (Import Result ID: 'c14c32389c7eee264ed1a9b95d861196') in 0.000 seconds [static dependencies only]. Details - ImportResultOutputID=e22ab0a25656273b62edba6142a39ddb DependenciesID=042d83283db6157290b78b72214f3988 StaticDependenciesID=4a01e5b8c512b1ad6c754c37cbb8f64f 
Importing 'GUID: 3d9e023b2a50023449892561c4dddd32 - Path: Assets/GameScripts/GameLogic/HuntingInDarkness/UI' with importer (DefaultImporter)
Imported 'GUID: 3d9e023b2a50023449892561c4dddd32' -> (Import Result ID: 'd41589645a43d45f5b1d9706aacda791') in 0.000 seconds [static dependencies only]. Details - ImportResultOutputID=45f25b6169c0bae96b32189cee16784b DependenciesID=2c0b54d212a83610a79a69b921804829 StaticDependenciesID=d622efe3fe5bc9bb40cab45f898ce5dc 
Importing 'GUID: 5d7f0d6acfced954682a89e7002c04d9 - Path: Packages/com.unity.test-framework/UnityEditor.TestRunner/TestRunner/Callbacks' with importer (DefaultImporter)
Imported 'GUID: 5d7f0d6acfced954682a89e7002c04d9' -> (Import Result ID: '93d9af26946908e347c32a497ee45f29') in 0.000 seconds [static dependencies only]. Details - ImportResultOutputID=aea11c108616aeb69cfee10560d65cc5 DependenciesID=20a59c761fffc10b8ca66f2b102cd572 StaticDependenciesID=5eedaf22821ab4877c63435bc916dd13 
Importing 'GUID: 6dba53789da15814387fa5b1445e81e0 - Path: Packages/com.unity.test-framework/UnityEditor.TestRunner/TestRun/Tasks' with importer (DefaultImporter)
Imported 'GUID: 6dba53789da15814387fa5b1445e81e0' -> (Import Result ID: 'dfc5eb27ab3367aae2cda72400d2e81f') in 0.000 seconds [static dependencies only]. Details - ImportResultOutputID=32661feed95a27494d7e2ca6f499e9e8 DependenciesID=fa0d9fc8428284442f48d339de325e99 StaticDependenciesID=0916bcd2f0f231d9391db07a4ab63362 
Importing 'GUID: 7d2280a83472bd14bb033f506647284d - Path: Packages/com.tuyoogame.yooasset/Mini Game/Runtime/AlipayFileSystem' with importer (DefaultImporter)
Imported 'GUID: 7d2280a83472bd14bb033f506647284d' -> (Import Result ID: '9a6d6f836f7a9ce4dfb72382e817ef7e') in 0.001 seconds [static dependencies only]. Details - ImportResultOutputID=2cf247ccb729206816584e71bc358c7c DependenciesID=281f228f682fcd3c7c4e1dfc9aac199c StaticDependenciesID=62ba64ced9b09c0791828f74c7f034aa 
Importing 'GUID: cd9c8fc1c8d64d54ab1e22aae9678d84 - Path: Packages/com.unity.ugui/Tests/Editor/Common' with importer (DefaultImporter)
Imported 'GUID: cd9c8fc1c8d64d54ab1e22aae9678d84' -> (Import Result ID: 'd92b8171eb135618ba7f86520cfb2c4a') in 0.000 seconds [static dependencies only]. Details - ImportResultOutputID=ee82f341fd2cc14f6f5c118dd6183bd9 DependenciesID=27f132da0c8d316c7a69577343d20dbd StaticDependenciesID=6d44b6f5ff007c3e17f5e1ac087b28ad 
Importing 'GUID: dd6fbf2ada29df1439f42d8a770087a7 - Path: Assets/GameScripts/GameLogic/HuntingInDarkness/Cards3D' with importer (DefaultImporter)
Imported 'GUID: dd6fbf2ada29df1439f42d8a770087a7' -> (Import Result ID: '04b9a90a07afc03832912568e4e25896') in 0.002 seconds [static dependencies only]. Details - ImportResultOutputID=60520ca5a8955cbb902f2c704009354b DependenciesID=43351f44063032d6a668078f1fcd2395 StaticDependenciesID=b845874e28d12ad4c3034f1facf4f709 
Importing 'GUID: ed8918aca1284f64e95515e11773df1b - Path: Assets/AssetRaw/Configs/HuntingInDarkness/SettlementExtensions' with importer (DefaultImporter)
Imported 'GUID: ed8918aca1284f64e95515e11773df1b' -> (Import Result ID: 'e81bd0b8946b739367345ae00c9a1839') in 0.001 seconds [static dependencies only]. Details - ImportResultOutputID=c37d31da96a0318318bcfa9e6385a101 DependenciesID=f491755701400a39f83026aae3f04267 StaticDependenciesID=337634a77fbc2955e19795ca288d2387 
Importing 'GUID: 2ed9c43c2ab5a6940b6c6351ddf78814 - Path: Assets/GameScripts/GameLogic/HuntingInDarkness/Core' with importer (DefaultImporter)
Imported 'GUID: 2ed9c43c2ab5a6940b6c6351ddf78814' -> (Import Result ID: 'f4cc9b8a81296274717474ea751111df') in 0.000 seconds [static dependencies only]. Details - ImportResultOutputID=63b0e3fe968b4a101f63e6eaee673349 DependenciesID=9e2705fd722ae11c7fa0deb953e132cb StaticDependenciesID=f88c6f12aa012b8d77dbada4ce949a7c 
Importing 'GUID: 5e726086cd652f82087d59d67d2c24cd - Path: Packages/com.unity.ide.rider/Rider/Editor/Util' with importer (DefaultImporter)
Imported 'GUID: 5e726086cd652f82087d59d67d2c24cd' -> (Import Result ID: '341405af8a42a7141b0916a57625dc9f') in 0.001 seconds [static dependencies only]. Details - ImportResultOutputID=5490dfd2073c729fce39d0f4ebcd7828 DependenciesID=bf063affe16ffbc2f9408f5c0fde06ec StaticDependenciesID=a2c0805a2b40442e1948a12e42c97662 
Importing 'GUID: 5ec8662b26ea75b42ad433773173ed9b - Path: Assets/TurnBasedPack/PreviewSystem/Tests/Editor' with importer (DefaultImporter)
Imported 'GUID: 5ec8662b26ea75b42ad433773173ed9b' -> (Import Result ID: 'e9f9a18edea5dc110174843386700893') in 0.000 seconds [static dependencies only]. Details - ImportResultOutputID=cf850ae12125ff8608a6fb4ce366ccba DependenciesID=1e32446ef01bfea18750b2689afdc1c0 StaticDependenciesID=1ffbd9b97327e5d2899559d9f3908cd7 
Importing 'GUID: 7ea2c2e5d4ba0f142a8ecd5d5f79c360 - Path: Packages/com.tuyoogame.yooasset/Runtime/FileSystem/Operation' with importer (DefaultImporter)
Imported 'GUID: 7ea2c2e5d4ba0f142a8ecd5d5f79c360' -> (Import Result ID: 'bbb43117d072dd4886d706cb627d8598') in 0.000 seconds [static dependencies only]. Details - ImportResultOutputID=2a5bbae6053993fd7a2bbe8fd3c35b6f DependenciesID=308952a3e629f8da537ebf22917c85ce StaticDependenciesID=12a85ccb7a981a606fb280145c2348bf 
Importing 'GUID: 7ee5efc8728046e2bb518705b68e16c4 - Path: Assets/ZFramework/Runtime/Extension/Tween' with importer (DefaultImporter)
Imported 'GUID: 7ee5efc8728046e2bb518705b68e16c4' -> (Import Result ID: 'f3bef81d810dbd89c13e719181cd469a') in 0.001 seconds [static dependencies only]. Details - ImportResultOutputID=eed333123550da62a60612045f4fe475 DependenciesID=be3c68fda1496bb30b66378ad594825b StaticDependenciesID=b3c38803d371976918b4418cdbd7455d 
Importing 'GUID: 9ea154c33fd8466f973f004e5c962df7 - Path: Packages/com.unity.test-framework/UnityEditor.TestRunner/UnityTestProtocol/Messages' with importer (DefaultImporter)
Imported 'GUID: 9ea154c33fd8466f973f004e5c962df7' -> (Import Result ID: 'ea4d6c3996b65c7cf36a48b572b8dcd6') in 0.001 seconds [static dependencies only]. Details - ImportResultOutputID=6c2fe23161b1f6bd1c435457cdd3441a DependenciesID=827c909277a3b3e872e150d2b98aed87 StaticDependenciesID=b7acf1380ad359dc8ea1938ebfe58d98 
Importing 'GUID: ae5887a7364446b2a1cda3871541fb1f - Path: Assets/ZFramework/Runtime/Core/MemoryPool' with importer (DefaultImporter)
Imported 'GUID: ae5887a7364446b2a1cda3871541fb1f' -> (Import Result ID: '7933a1b1e1c510b4434fd454e4403a8e') in 0.002 seconds [static dependencies only]. Details - ImportResultOutputID=18b20c874705df7f3f2f5fac40785a6c DependenciesID=a207e7a8abf9c929311a942bd046b212 StaticDependenciesID=f686d980fdc5b331afefb266d433201a 
Importing 'GUID: be5d8a79a985ec14b8862120e5bd2ce0 - Path: Packages/com.leonz.z-editor-tools/Editor/vTabs/StyleSheets' with importer (DefaultImporter)
Imported 'GUID: be5d8a79a985ec14b8862120e5bd2ce0' -> (Import Result ID: '6aadd713f44492695e699a854fa07231') in 0.001 seconds [static dependencies only]. Details - ImportResultOutputID=17425abbddaa1346c2202663643e63be DependenciesID=88839148fda58efd006f29a4e202f159 StaticDependenciesID=3960376aaae3c369c9194b45210c6778 
Importing 'GUID: ce8da628f68c7594b8b9a597fa52db7b - Path: Packages/com.unity.test-framework/UnityEngine.TestRunner/Utils/MonoBehaviourTest' with importer (DefaultImporter)
Imported 'GUID: ce8da628f68c7594b8b9a597fa52db7b' -> (Import Result ID: '1bbdfc66a95f9b2b9aa0dcb82eaa9a9d') in 0.001 seconds [static dependencies only]. Details - ImportResultOutputID=53f9bcb08c164cc89cf232d518f37815 DependenciesID=8c5ee93b7f5d7b5c73c9ac88d259468c StaticDependenciesID=d7bc5a87faa0628256cc1f99ada3f679 
Importing 'GUID: eecc124dc0b994047aac97ccf8c8ed0a - Path: Packages/com.unity.ugui/Editor/TMP/HDRP' with importer (DefaultImporter)
Imported 'GUID: eecc124dc0b994047aac97ccf8c8ed0a' -> (Import Result ID: '68fe675c6c7da0c40da5c8706557562c') in 0.002 seconds [static dependencies only]. Details - ImportResultOutputID=1fe5e75746ef34eb01ea21b850a03ce1 DependenciesID=5e117309c233aeb39a66001d65bf9818 StaticDependenciesID=e1242befd0cb0c1458957540299bc7d8 
Importing 'GUID: 1f5bbb88ca730434483440cbc0278ef6 - Path: Packages/com.unity.test-framework/UnityEditor.TestRunner/TestRunner/Utils' with importer (DefaultImporter)
Imported 'GUID: 1f5bbb88ca730434483440cbc0278ef6' -> (Import Result ID: 'db6721a1637cff73d48ffe631b1d1797') in 0.001 seconds [static dependencies only]. Details - ImportResultOutputID=ea583d80a0444207a679bf49778d8120 DependenciesID=6de1f609f17d6d4642781f2dd3bc32eb StaticDependenciesID=594524e05c3f383739810dc039a9ee63 
Importing 'GUID: 5f915322e2be56345a9d145800f7a0e0 - Path: Packages/com.tuyoogame.yooasset/Editor/UIElements/ElementsDefine' with importer (DefaultImporter)
Imported 'GUID: 5f915322e2be56345a9d145800f7a0e0' -> (Import Result ID: '76162fa7688d34a898ac7d7d6a39998f') in 0.001 seconds [static dependencies only]. Details - ImportResultOutputID=4cc31408a874bcf0cb25986b1fc37fac DependenciesID=81b459ac146ca88098bfb22233f90ea9 StaticDependenciesID=08efd092770c9f4474c6fc8169c8d31b 
Importing 'GUID: 6f2f046660639e54cb2c40610189a91c - Path: Packages/com.tuyoogame.yooasset/Runtime/FileSystem/DefaultBuildinFileSystem' with importer (DefaultImporter)
Imported 'GUID: 6f2f046660639e54cb2c40610189a91c' -> (Import Result ID: 'c0d1897d6a60b7413448fdff076ec2bb') in 0.001 seconds [static dependencies only]. Details - ImportResultOutputID=58be94145ded7154e217b32503e68d28 DependenciesID=4700b6b99069f1a6ffaee52d19ba1540 StaticDependenciesID=b892bf7701eae1de00b21c1bc9082720 
Importing 'GUID: 7f27709c942d91541be1fd6aa5cb3d78 - Path: Packages/com.unity.ugui/Runtime/UGUI/EventSystem' with importer (DefaultImporter)
Imported 'GUID: 7f27709c942d91541be1fd6aa5cb3d78' -> (Import Result ID: 'e3e5447bc814225c9ffb86fec055295e') in 0.000 seconds [static dependencies only]. Details - ImportResultOutputID=43bd66607a2454aa18f8b68ac3e488a7 DependenciesID=38f074c914d00cf0e16df398572c98ad StaticDependenciesID=76f7efdd162f1762cf9a2584070abad1 
Importing 'GUID: 8fae4e4618f145068da37386892436f0 - Path: Assets/ZFramework/Runtime/Core/Utility' with importer (DefaultImporter)
Imported 'GUID: 8fae4e4618f145068da37386892436f0' -> (Import Result ID: '69e3445b4cc3680c4f347d2ef3b3d80e') in 0.000 seconds [static dependencies only]. Details - ImportResultOutputID=498e17cc66777e1d0dc54fe1d931082a DependenciesID=9a06023a7c22d88e2c71cf12e6d4ae3e StaticDependenciesID=e997be32fd6117883bb9ba365f8ffc60 
Importing 'GUID: af15c0584d014438aaf6ba6279502c3a - Path: Assets/ZFramework/Runtime/Module/FsmModule' with importer (DefaultImporter)
Imported 'GUID: af15c0584d014438aaf6ba6279502c3a' -> (Import Result ID: '7ccf521ea23749389c7e5beef4587dd6') in 0.001 seconds [static dependencies only]. Details - ImportResultOutputID=dd0bc9844136277e1e40b471372dabad DependenciesID=e722b167604931d727127c2e272ac743 StaticDependenciesID=634b43c9687e021fa39c0acd4132e313 
Importing 'GUID: cf97e54bcd5479a46bdbade48da047cc - Path: Packages/com.unity.ugui/Editor/UGUI/Properties' with importer (DefaultImporter)
Imported 'GUID: cf97e54bcd5479a46bdbade48da047cc' -> (Import Result ID: 'd1aaaaae6281709961ec0689d01960ac') in 0.001 seconds [static dependencies only]. Details - ImportResultOutputID=4d90aedc7e855070ad84cb498caa8788 DependenciesID=1cc5983ced7537ebf9cc500ee6e7c8a4 StaticDependenciesID=b242d281c1355d98c02cd733912256d3 
Importing 'GUID: ef88305cf33b40c4abb95b6f6c0b632a - Path: Assets/GameScripts/GameLogic/UI/BattleMainUI' with importer (DefaultImporter)
Imported 'GUID: ef88305cf33b40c4abb95b6f6c0b632a' -> (Import Result ID: '7df9f3844e6a1c93e4176aa45126ad10') in 0.002 seconds [static dependencies only]. Details - ImportResultOutputID=92c34b166e41f2e087d84180fe0ef926 DependenciesID=523ade7f9777c9fb9569c021c91b8918 StaticDependenciesID=67c44fa3fa49f4340a94ef300cc40ea3 
Importing 'GUID: 1091bc2ad06e3234aac2b2fa2841c09d - Path: Packages/com.unity.ugui/Tests/Runtime/UGUI/Image' with importer (DefaultImporter)
Imported 'GUID: 1091bc2ad06e3234aac2b2fa2841c09d' -> (Import Result ID: '08bae953346677639932e5edcd6f89a3') in 0.001 seconds [static dependencies only]. Details - ImportResultOutputID=ab87c4a4643da9977eacf38a9ec170a3 DependenciesID=2ce2755a3f148f8c7c7432128364a189 StaticDependenciesID=2c7054851c1f7157b40ecf9b6366e3be 
Importing 'GUID: 10a171d1f549765498fc478ac208cfe5 - Path: Packages/com.tuyoogame.yooasset/Runtime/FileSystem/WebGame/Operation' with importer (DefaultImporter)
Imported 'GUID: 10a171d1f549765498fc478ac208cfe5' -> (Import Result ID: 'c11c4590f52e3b30ce27cc64a9e83601') in 0.001 seconds [static dependencies only]. Details - ImportResultOutputID=738425b6755527432a1ce4815cdb381c DependenciesID=546d14d3654549fb1c8140945049a66a StaticDependenciesID=8e26855eb616545182f846f2410787b1 
Importing 'GUID: 1086ea45b8b84fe43ba1ef69b4f813dc - Path: Packages/com.tuyoogame.yooasset/Runtime/FileSystem/DefaultWebRemoteFileSystem/Operation' with importer (DefaultImporter)
Imported 'GUID: 1086ea45b8b84fe43ba1ef69b4f813dc' -> (Import Result ID: '9595c2ba0656e4c3b20c97745ce2fd29') in 0.000 seconds [static dependencies only]. Details - ImportResultOutputID=80a88699d52026efccf5e88050f2d4f1 DependenciesID=321195c5fca718b3ae845c9bf6975c09 StaticDependenciesID=131f42c6e214b6e1c0a26970dfa23e35 
Importing 'GUID: 305ca32be1aa5504aa182f583895dfe4 - Path: Packages/com.unity.ugui/Tests/Editor/UGUI/RectMask2D' with importer (DefaultImporter)
Imported 'GUID: 305ca32be1aa5504aa182f583895dfe4' -> (Import Result ID: '1faf2ac7c544da2665f6121f6a818630') in 0.001 seconds [static dependencies only]. Details - ImportResultOutputID=178aea4244a57395a1fc2ea9c0b74bc4 DependenciesID=294119334e8305f2caccfdfa6ffabdc2 StaticDependenciesID=f88826a7684d07fcb973a2eebabca0e5 
Importing 'GUID: 211ee819fabdd6d4399b79e6fcf45e5c - Path: Packages/com.tuyoogame.yooasset/Editor/UIElements/TableViewer/SearchSystem' with importer (DefaultImporter)
Imported 'GUID: 211ee819fabdd6d4399b79e6fcf45e5c' -> (Import Result ID: '2cc2873ee7e7bba9f0fb64fd1af618b2') in 0.001 seconds [static dependencies only]. Details - ImportResultOutputID=7e9f4bacc876c35b8c1e98abeb1b016d DependenciesID=b7e994b614b98d3928f8fd3082516c1e StaticDependenciesID=81d33eaa81b820410da076651c82ed39 
Importing 'GUID: c16c54fe03afb5740bcc0a2a295cb79d - Path: Packages/com.unity.ugui/Tests/Editor/UGUI/InputField' with importer (DefaultImporter)
Imported 'GUID: c16c54fe03afb5740bcc0a2a295cb79d' -> (Import Result ID: '61db95d6e4e34915eff04d23718eaa5c') in 0.002 seconds [static dependencies only]. Details - ImportResultOutputID=8074335b50bd51817a71966b5917dc8c DependenciesID=79346dbb378c87b2ca1465b98daf3337 StaticDependenciesID=53e17552ee37e28642c2d7be97350073 
Importing 'GUID: 12c42068351bb084abde965d725b9887 - Path: Packages/com.unity.ugui/Runtime/UGUI/UI/Core' with importer (DefaultImporter)
Imported 'GUID: 12c42068351bb084abde965d725b9887' -> (Import Result ID: '43fd6240606946e2492936009901c803') in 0.000 seconds [static dependencies only]. Details - ImportResultOutputID=317bf4c76346e7a88f5e1b45cd3b91f9 DependenciesID=db02f20422bff5d8649b71d222a5ae0d StaticDependenciesID=3d9382640805ecc8a05d7ec47b298d54 
Importing 'GUID: 12f78ad22f0513c44b6037469dbd6363 - Path: Packages/com.tuyoogame.yooasset/Editor/AssetBundleBuilder/BuildPipeline/EditorSimulateBuildPipeline' with importer (DefaultImporter)
Imported 'GUID: 12f78ad22f0513c44b6037469dbd6363' -> (Import Result ID: '214be8969be6cc9df3e0e9c37e44c0b4') in 0.002 seconds [static dependencies only]. Details - ImportResultOutputID=5250182731a33836d8a416b0a1398b09 DependenciesID=629bbd6de6a0b899e41bc6fcbc49f4ed StaticDependenciesID=eb55d97f63d3c3b121717498e2fdaf27 
Importing 'GUID: e210c8bf2e9c6514d90a1bd77586af1f - Path: Packages/com.unity.ugui/Tests/Runtime/UGUI/Toggle' with importer (DefaultImporter)
Imported 'GUID: e210c8bf2e9c6514d90a1bd77586af1f' -> (Import Result ID: '675298a1b8e682c3a13f64b6939c702a') in 0.001 seconds [static dependencies only]. Details - ImportResultOutputID=9448b0e9da76256a2e2f124cd7e1a042 DependenciesID=79461917e26fcbc4c789a986cd9ff868 StaticDependenciesID=8076765f1f0d28d855a083e34378b65c 
Importing 'GUID: e2e1fae9b05cc554e9ebfee01f2b9333 - Path: Packages/com.tuyoogame.yooasset/Editor/AssetBundleBuilder/VisualViewers/BuiltinBuildPipeline' with importer (DefaultImporter)
Imported 'GUID: e2e1fae9b05cc554e9ebfee01f2b9333' -> (Import Result ID: '2ada9dce0e55db6fed86e637fc8a61b2') in 0.001 seconds [static dependencies only]. Details - ImportResultOutputID=fd9a4b9b999c568892fa306277fec136 DependenciesID=2a86ff7412d18333072ffd1b570a59b8 StaticDependenciesID=59b6564b499f76fba7bdbe1af79610fb 
Importing 'GUID: e225b21fef2d4dab89200225c5f72ca1 - Path: Assets/GameScripts/GameLogic/HuntingInDarkness/GameCore/Hunters' with importer (DefaultImporter)
Imported 'GUID: e225b21fef2d4dab89200225c5f72ca1' -> (Import Result ID: 'ea3f211530d97223d37971a327bb441f') in 0.002 seconds [static dependencies only]. Details - ImportResultOutputID=bafef2e00007e1e27783a8e33ddd67a3 DependenciesID=ead184c92e0b9dbe97b9270e12935631 StaticDependenciesID=91411393affe396d47051762de833f01 
Importing 'GUID: f231c2b4b1342444eb070e89162bb844 - Path: Assets/GameScripts/GameLogic/HuntingInDarkness/GameCore/Content' with importer (DefaultImporter)
Imported 'GUID: f231c2b4b1342444eb070e89162bb844' -> (Import Result ID: 'b6064019edb157ae22576b742d3fcddd') in 0.000 seconds [static dependencies only]. Details - ImportResultOutputID=732b917a4f72e0a6dd33781c39fa27a2 DependenciesID=81baf5a255af976fabf2ebfb499791e5 StaticDependenciesID=9052486b8f7f95cfcd8d20e770d48274 
Importing 'GUID: 239dd6edc8e5cd14585c03e09e86a747 - Path: Packages/com.unity.ugui/Tests/Runtime/UGUI/Button' with importer (DefaultImporter)
Imported 'GUID: 239dd6edc8e5cd14585c03e09e86a747' -> (Import Result ID: 'c9b62f11bcf5172573bdab521ce1ee68') in 0.001 seconds [static dependencies only]. Details - ImportResultOutputID=2fbb41bc5748889d5aef3498cb1ad9a7 DependenciesID=c1ca0a7f9ba05923527590160924d34f StaticDependenciesID=d7ce1c881959f169cd7be71947f9a185 
Importing 'GUID: 33b6cb215b1d7bb4888cb3455b500399 - Path: Packages/com.tuyoogame.yooasset/Editor/AssetBundleBuilder/VisualViewers/EditorSimulateBuildpipeline' with importer (DefaultImporter)
Imported 'GUID: 33b6cb215b1d7bb4888cb3455b500399' -> (Import Result ID: 'a68d74f06d24822a6fa29582a2cf8c51') in 0.002 seconds [static dependencies only]. Details - ImportResultOutputID=3712e6b03de5629325698b7731dba1a1 DependenciesID=5e400a11fe1f718b6195f32fdc97556f StaticDependenciesID=33919966161cf108f225b0228768993d 
Importing 'GUID: 331f338daceb43e6a637df7dd20d38ad - Path: Assets/ZFramework/Runtime/Core/Utility/DefaultHelper' with importer (DefaultImporter)
Imported 'GUID: 331f338daceb43e6a637df7dd20d38ad' -> (Import Result ID: 'a8336f196429c07c8ba6a746e2aca992') in 0.005 seconds [static dependencies only]. Details - ImportResultOutputID=dc9f853c3aa258db53fa06386eabd586 DependenciesID=4dbbfd675356e3935cd1544cfb6d883b StaticDependenciesID=d7370f257219017d210ea87a4a712a11 
Importing 'GUID: 43b1467da3d29ae4597a733828cdd84a - Path: Packages/com.unity.ugui/Tests/Runtime/UGUI/ScrollBar' with importer (DefaultImporter)
Imported 'GUID: 43b1467da3d29ae4597a733828cdd84a' -> (Import Result ID: '337384a9a998cbe7bd0542d7918be2e1') in 0.002 seconds [static dependencies only]. Details - ImportResultOutputID=3580236fa0b2481d906e782a804543f1 DependenciesID=c30f6648331af198fe93c9e35206bb75 StaticDependenciesID=32bde9278f74c4b403812747d80963c4 
Importing 'GUID: 8313ea704470a264295ec9e09aec6ebc - Path: Packages/com.unity.ugui/Tests/Runtime/UGUI/Graphic' with importer (DefaultImporter)
Imported 'GUID: 8313ea704470a264295ec9e09aec6ebc' -> (Import Result ID: 'b9a78443ea67e40e8ba97c0b64dbe8df') in 0.001 seconds [static dependencies only]. Details - ImportResultOutputID=1d33c468ea3c9340793582932e6840f7 DependenciesID=fc31929495d0af9caa6456e143bb4b4c StaticDependenciesID=df0595160196d1f9935f8148aa44cbc2 
Importing 'GUID: b3cdabf2f1e76854d8aab5930305d70d - Path: Packages/com.unity.ugui/Runtime/UGUI/EventSystem/EventData' with importer (DefaultImporter)
Imported 'GUID: b3cdabf2f1e76854d8aab5930305d70d' -> (Import Result ID: '2769feb38e095a7e8741f930116edadd') in 0.002 seconds [static dependencies only]. Details - ImportResultOutputID=c9d722ac87bb07ad64c80480bc0c3487 DependenciesID=c2c94e50f2eef08ed7216716ae5da0d5 StaticDependenciesID=a3ddf1f5a18f02bb8a5d178d57319c19 
Importing 'GUID: e3fe9f1f232445443bb3a05918c700af - Path: Assets/GameScripts/GameLogic/Module/UIModule/Resources' with importer (DefaultImporter)
Imported 'GUID: e3fe9f1f232445443bb3a05918c700af' -> (Import Result ID: '21544877bb2cb43b5615b803b8335395') in 0.001 seconds [static dependencies only]. Details - ImportResultOutputID=d0922454f6fa2816dd612ddbce9d3564 DependenciesID=6b62ff4ae4777fe9c9d85a6187864494 StaticDependenciesID=8d25fc13fb5be6721fd78b359454fb47 
Importing 'GUID: f347ad29484952842a01a1489fbbef5d - Path: Packages/com.tuyoogame.yooasset/Editor/UIElements/TableViewer/DefaultTableData' with importer (DefaultImporter)
Imported 'GUID: f347ad29484952842a01a1489fbbef5d' -> (Import Result ID: '8235c9a37134fd80e469afcf9acb8816') in 0.002 seconds [static dependencies only]. Details - ImportResultOutputID=914216f1e86e889f3cc61e9a02fe0377 DependenciesID=59a0a06c74d5b4f0d8b59c9ef4de27ae StaticDependenciesID=a40db851fbe00bfffc264975064cb130 
Importing 'GUID: 44b9746ed3270394eb54d85b27a2ef04 - Path: Packages/com.tuyoogame.yooasset/Mini Game/Runtime/AlipayFileSystem/BundleResult' with importer (DefaultImporter)
Imported 'GUID: 44b9746ed3270394eb54d85b27a2ef04' -> (Import Result ID: '4ffddba261a7523eb41c1373d2e535ea') in 0.001 seconds [static dependencies only]. Details - ImportResultOutputID=11ebc368ac49b8275e9d014b7e6684d3 DependenciesID=dbbacd7a536c2a4503661cd62b3127f9 StaticDependenciesID=948534f52ec3cb4c43698c37fe6bfad9 
Importing 'GUID: 5472815444de2ce45bf2053a4af04b9d - Path: Packages/com.unity.ugui/Runtime/UGUI/UI/Animation' with importer (DefaultImporter)
Imported 'GUID: 5472815444de2ce45bf2053a4af04b9d' -> (Import Result ID: 'b00c9ce455c1feded3dc09b5a6648967') in 0.001 seconds [static dependencies only]. Details - ImportResultOutputID=02387668f373194356ec29799a11d5d0 DependenciesID=3e78464c4375c97f6c00defadac231b1 StaticDependenciesID=b08420d2c64702a8652bdf526e342560 
Importing 'GUID: 64a654fc0d761c24e9676a185ea4df8e - Path: Assets/ZFramework/Runtime/Module/AudioModule/Resources' with importer (DefaultImporter)
Imported 'GUID: 64a654fc0d761c24e9676a185ea4df8e' -> (Import Result ID: '91ad4038b21e58bba462a7c641c03e93') in 0.000 seconds [static dependencies only]. Details - ImportResultOutputID=f89c2564ea50517badf7fcf234da1d3f DependenciesID=4756a11a429647240666c556174fbd77 StaticDependenciesID=3ee6e136e6b8fce8e1b985840a4f08f1 
Importing 'GUID: 94a6220ee1a442249702c9df66e0fe1b - Path: Packages/com.unity.test-framework/UnityEditor.TestRunner/TestRun/Tasks/Player' with importer (DefaultImporter)
Imported 'GUID: 94a6220ee1a442249702c9df66e0fe1b' -> (Import Result ID: 'cbb440ff91ad8c8379e6cd32ec257a38') in 0.002 seconds [static dependencies only]. Details - ImportResultOutputID=49f870edb1fb26f7ce96fb7e3e71cfc1 DependenciesID=4ebf35f4ff9da435b89a96b9758862c0 StaticDependenciesID=7a927b69010ba6cfc5a51e9fd41bdf23 
Importing 'GUID: 945743f89abf9fe4fa61c6a02eda7210 - Path: Assets/GameScripts/GameLogic/HuntingInDarkness/GameplayBase/Config' with importer (DefaultImporter)
Imported 'GUID: 945743f89abf9fe4fa61c6a02eda7210' -> (Import Result ID: 'ecc17574011f4f11a5a3afaa1f556f2e') in 0.001 seconds [static dependencies only]. Details - ImportResultOutputID=c7cc03113e2ecb12247aaab5c8b82a92 DependenciesID=c5b650d710671dc7f12098f596af9b86 StaticDependenciesID=16e198aca1abcd5662299258da6a3c85 
Importing 'GUID: b4c0dec5e8fae814eb7ac0299187e8f4 - Path: Packages/com.tuyoogame.yooasset/Mini Game/Runtime/WechatFileSystem/BundleResult' with importer (DefaultImporter)
Imported 'GUID: b4c0dec5e8fae814eb7ac0299187e8f4' -> (Import Result ID: '0ed8f4ac66c24b59a6f87de41e165fa5') in 0.000 seconds [static dependencies only]. Details - ImportResultOutputID=1d6530b446424e37fe5e12a68472659f DependenciesID=d1435957df70e86759d5fd616ab6321d StaticDependenciesID=c43291e28419a308d89e502d95b1af93 
Importing 'GUID: d43adefe45091f341831b801324f9c54 - Path: Assets/GameScripts/GameLogic/Module/UIModule/UIBindComponent' with importer (DefaultImporter)
Imported 'GUID: d43adefe45091f341831b801324f9c54' -> (Import Result ID: '81f49f678ae645fe85789ebd5d19af4b') in 0.000 seconds [static dependencies only]. Details - ImportResultOutputID=c30a5ba71d4da42241797a2c31e8743f DependenciesID=596f90c7393fbcd78cc250cdf6144dfd StaticDependenciesID=e47a69898e13bdc99eced040f2269170 
Importing 'GUID: d4fa04a0473d7a94d92a6163f03d0add - Path: Assets/GameScripts/GameLogic/HuntingInDarkness/SO/Boss' with importer (DefaultImporter)
Imported 'GUID: d4fa04a0473d7a94d92a6163f03d0add' -> (Import Result ID: '75db020252cc53c9e7359dafd46366f7') in 0.002 seconds [static dependencies only]. Details - ImportResultOutputID=73abab254a3f0abf2798417ca193379b DependenciesID=7b5c73d75870bd90d2bd5e0c45b7c908 StaticDependenciesID=ab90ed117e51293a855a8546c8415712 
Importing 'GUID: 055e7cf3bb9567f43bf15964d43c632f - Path: Packages/com.tuyoogame.yooasset/Mini Game/Runtime/GooglePlayFileSystem/Operation' with importer (DefaultImporter)
Imported 'GUID: 055e7cf3bb9567f43bf15964d43c632f' -> (Import Result ID: '0d742d97b25660a7b41b2e7ace10f195') in 0.000 seconds [static dependencies only]. Details - ImportResultOutputID=2502b6049425be22ff55a5a52c381665 DependenciesID=a61c607bbb636adfd21d4d5dca99fbc9 StaticDependenciesID=22f641d02302472230f891733313e0bf 
Importing 'GUID: 254f430e0264bd84387878f8d7280e44 - Path: Packages/com.tuyoogame.yooasset/Editor/AssetBundleBuilder/BuildPipeline/BaseTasks' with importer (DefaultImporter)
Imported 'GUID: 254f430e0264bd84387878f8d7280e44' -> (Import Result ID: '0c0f0bc8198a72a3d39dda42f4011ca4') in 0.001 seconds [static dependencies only]. Details - ImportResultOutputID=17e859ee4a30843ac36041b8c389f7aa DependenciesID=0d3b52af69d2ea5ea233151bebc3819e StaticDependenciesID=5335bbe89f09803fe7ef2c2cd98bc3fc 
Importing 'GUID: 850af9f3bf6d14143baf2ecfbf25db52 - Path: Packages/com.unity.ugui/Tests/Runtime/UGUI/Slider' with importer (DefaultImporter)
Imported 'GUID: 850af9f3bf6d14143baf2ecfbf25db52' -> (Import Result ID: 'a5f277b7eb8f27833a23f35ec5b5f7bb') in 0.001 seconds [static dependencies only]. Details - ImportResultOutputID=417451072301af04851224ed30accd20 DependenciesID=5d558863492f30232b16ccd86e7e607d StaticDependenciesID=782b43253d3cfd1e77ef43318354b8a0 
Importing 'GUID: 85ec3f4c43303f74a9b9fa14288f9201 - Path: Packages/com.tuyoogame.yooasset/Mini Game/Runtime/WechatFileSystem/Operation' with importer (DefaultImporter)
Imported 'GUID: 85ec3f4c43303f74a9b9fa14288f9201' -> (Import Result ID: '4907fb2ad16c0ca05d6e79df62902553') in 0.000 seconds [static dependencies only]. Details - ImportResultOutputID=16b1441c5ed1d7ae599bdc455deccdf7 DependenciesID=661e4a40395a9e672469ee72ffc87e4a StaticDependenciesID=93f6ed606c594f754eff805b03be5959 
Importing 'GUID: c593d66e0920d6a43a58e3cdc76e64f6 - Path: Assets/ZFramework/Runtime/Module/LocalizationModule/Core' with importer (DefaultImporter)
Imported 'GUID: c593d66e0920d6a43a58e3cdc76e64f6' -> (Import Result ID: '0e46452d651429804c95460bfa3ae548') in 0.000 seconds [static dependencies only]. Details - ImportResultOutputID=41ba59f831f6ebc08774859e03f48cb8 DependenciesID=19066b2c50438928e45cfe42ff95b4c8 StaticDependenciesID=5b3d4640d84a3e11fc9154da1ae57a55 
Importing 'GUID: d510b37f179f45f4786da13b6425dd94 - Path: Assets/GameScripts/GameLogic/HuntingInDarkness/UI/Showdown' with importer (DefaultImporter)
Imported 'GUID: d510b37f179f45f4786da13b6425dd94' -> (Import Result ID: '341b1b089ed365f08925a2ab3db72971') in 0.001 seconds [static dependencies only]. Details - ImportResultOutputID=d58abc045fb806b9719a70042a26564c DependenciesID=f05bc5ad7252fbe4b5dfb14256f18fdf StaticDependenciesID=6a53efeebc5e0f0c498863319b6c4f4e 
Importing 'GUID: 06f6a75331ed07a4a9e5e8f46dcf157e - Path: Packages/com.tuyoogame.yooasset/Runtime/FileSystem/DefaultBuildinFileSystem/Operation' with importer (DefaultImporter)
Imported 'GUID: 06f6a75331ed07a4a9e5e8f46dcf157e' -> (Import Result ID: '475a942ee8e025ad5a984d6603ef43d9') in 0.000 seconds [static dependencies only]. Details - ImportResultOutputID=3de3da586c33ccd9ec2a4b499928a474 DependenciesID=7cb4de7006d7fede07636730d6c28b4e StaticDependenciesID=c00966e88cdb3af8df2609082b622188 
Importing 'GUID: 167d849df37f45e42a77ab47464a9442 - Path: Packages/com.tuyoogame.yooasset/Runtime/FileSystem/BundleResult/AssetBundleResult' with importer (DefaultImporter)
Imported 'GUID: 167d849df37f45e42a77ab47464a9442' -> (Import Result ID: '36798e5e1b2710cb5ae5bce8c7abd2b9') in 0.001 seconds [static dependencies only]. Details - ImportResultOutputID=362f676b732c28c3884c72e70fba8561 DependenciesID=1f3b4e58b6d33bebf0ff8609de6aa8b2 StaticDependenciesID=6eebf3d6e3d35725e98a787d5ed178c5 
Importing 'GUID: 4630dac2050606043bb146325fdce6ad - Path: Packages/com.tuyoogame.yooasset/Runtime/DownloadSystem/Operation/Internal' with importer (DefaultImporter)
Imported 'GUID: 4630dac2050606043bb146325fdce6ad' -> (Import Result ID: 'a15ee862b67691b940c86c67c4737ac4') in 0.000 seconds [static dependencies only]. Details - ImportResultOutputID=a6b243cd161474401f4ebdc18b2c0913 DependenciesID=df6e78472272599faafa56c259ffec33 StaticDependenciesID=001e103db293d84459a526fddccbd2ff 
Importing 'GUID: 46646a5562f14984690c85ee7b946bc9 - Path: Packages/com.unity.ugui/Runtime/UGUI/EventSystem/Raycasters' with importer (DefaultImporter)
Imported 'GUID: 46646a5562f14984690c85ee7b946bc9' -> (Import Result ID: '234f92b0e3cf2df4dd5492ac443c1f5c') in 0.001 seconds [static dependencies only]. Details - ImportResultOutputID=db9398800965861d01f2bd43cf496132 DependenciesID=6dfaf08a49bb0163ce0509362c703f2b StaticDependenciesID=3f8792b1f1ac78c435ccfb1fb64aeabb 
Importing 'GUID: 460aad0b61a6b9d4394f8caa7745e090 - Path: Assets/GameScripts/GameLogic/HuntingInDarkness/Content/Settlement' with importer (DefaultImporter)
Imported 'GUID: 460aad0b61a6b9d4394f8caa7745e090' -> (Import Result ID: '995f941480912911cdf504b13ceeb1e5') in 0.001 seconds [static dependencies only]. Details - ImportResultOutputID=fff393cf1d81897e09b2bacd144cbc1f DependenciesID=686b79d3ca883223aa66224e7ade3092 StaticDependenciesID=fd8afed45112a1420dc6319c3ac2767a 
Importing 'GUID: 56adb3acd233fe5468af213a4c41de6a - Path: Packages/com.tuyoogame.yooasset/Editor/AssetBundleBuilder/VisualViewers/RawfileBuildpipeline' with importer (DefaultImporter)
Imported 'GUID: 56adb3acd233fe5468af213a4c41de6a' -> (Import Result ID: '1289703d66d5b5c2c310e6ee48ddc6cd') in 0.001 seconds [static dependencies only]. Details - ImportResultOutputID=89563bc4fea3252abb578bc31abb35b6 DependenciesID=fb33e0be878751a4183c640258d0768a StaticDependenciesID=4bdc0d4e12ca54d60486f6ca35f27955 
Importing 'GUID: 66c45f26cfc344a40b0d53b416fb4897 - Path: Assets/GameScripts/GameLogic/HuntingInDarkness/GameCore/Tests' with importer (DefaultImporter)
Imported 'GUID: 66c45f26cfc344a40b0d53b416fb4897' -> (Import Result ID: 'f1e504241dd3c5aa50a456ac41a419e4') in 0.000 seconds [static dependencies only]. Details - ImportResultOutputID=a12a69fc0497e98c3507d56224644b33 DependenciesID=a16a345a152ca73e9891ddba68671696 StaticDependenciesID=87f99457f6c3f4a262620a5557fd6772 
Importing 'GUID: a69b08936f9f74179ae333a4bebe7c54 - Path: Packages/com.unity.ugui/Tests/Runtime/UGUI/CanvasRenderer' with importer (DefaultImporter)
Imported 'GUID: a69b08936f9f74179ae333a4bebe7c54' -> (Import Result ID: '2c5dee467700f3c33fc46b25f946c139') in 0.001 seconds [static dependencies only]. Details - ImportResultOutputID=efdc4229cbf0a99a099ceae7028c9b0e DependenciesID=526e8de7b00dedb1f10ff86b8233f729 StaticDependenciesID=e14569bf6110e04d937c0b9b2315b92b 
Importing 'GUID: e6a9257aab8922d4b9805e82ef7293c2 - Path: Assets/GameScripts/GameLogic/HuntingInDarkness/SO/Character' with importer (DefaultImporter)
Imported 'GUID: e6a9257aab8922d4b9805e82ef7293c2' -> (Import Result ID: 'e30e643315424296c48ef774a693966c') in 0.001 seconds [static dependencies only]. Details - ImportResultOutputID=d8b204d328cac3eb36bd4522265e1180 DependenciesID=9ab3ea5917c8cfdbde8472565f8b7370 StaticDependenciesID=79c490e88eb6b7785aaf20c687dd4763 
Importing 'GUID: 27607c1ea422461fb892878efbdac8ee - Path: Assets/ZFramework/Runtime/Module/ResourceModule/Callback' with importer (DefaultImporter)
Imported 'GUID: 27607c1ea422461fb892878efbdac8ee' -> (Import Result ID: '481c2c316bac2301b3906ff757a98b05') in 0.001 seconds [static dependencies only]. Details - ImportResultOutputID=ed09d1992b81b1ffede99732685ea376 DependenciesID=1a2d251df8c0297c7b61aa6793bf1502 StaticDependenciesID=43270c07fe431a064c062ff3d92fa6d6 
Importing 'GUID: 3779423aa03ffb6499efda626280c72a - Path: Packages/com.tuyoogame.yooasset/Runtime/FileSystem/DefaultEditorFileSystem/Operation' with importer (DefaultImporter)
Imported 'GUID: 3779423aa03ffb6499efda626280c72a' -> (Import Result ID: 'aabe222b10a44c937b484e1a6a9f797d') in 0.001 seconds [static dependencies only]. Details - ImportResultOutputID=ada7062c4d73efbd6a50e241e6cb9c02 DependenciesID=001f13a6095e5aa971ceda52b7121ff5 StaticDependenciesID=43c15773a54ced2d57cdca417c9390d3 
Importing 'GUID: 87cc377fd18e5f948ba2b1f3e5175781 - Path: Packages/com.tuyoogame.yooasset/Runtime/FileSystem/BundleResult/RawBundleResult' with importer (DefaultImporter)
Imported 'GUID: 87cc377fd18e5f948ba2b1f3e5175781' -> (Import Result ID: '2c8849fd80bea4c68048949444758ecc') in 0.002 seconds [static dependencies only]. Details - ImportResultOutputID=a3a12e7c7b418d31ce22a38130abfb6b DependenciesID=5358c37436942ce3524490635743b874 StaticDependenciesID=6056f314cd9c49f42d4454e5de776513 
Importing 'GUID: 879f2b393f883554899ab3345f0dc998 - Path: Packages/com.tuyoogame.yooasset/Mini Game/Runtime/TiktokFileSystem/BundleResult' with importer (DefaultImporter)
Imported 'GUID: 879f2b393f883554899ab3345f0dc998' -> (Import Result ID: '0babae4d69fd14ce9bc69f6d7b353c92') in 0.000 seconds [static dependencies only]. Details - ImportResultOutputID=8c7f203d6af875730019d6bca9937c5c DependenciesID=bcec8aa5320ac78575b407acacd6a645 StaticDependenciesID=77efaca24bfe597144bfa07786cf0f6c 
Importing 'GUID: e7689eda3a8b1a847a8b197dbe90d9a6 - Path: Packages/com.unity.ugui/Tests/Editor/UGUI/UI' with importer (DefaultImporter)
Imported 'GUID: e7689eda3a8b1a847a8b197dbe90d9a6' -> (Import Result ID: 'd1d1a6c22da494d24d28abe99c9ce57b') in 0.000 seconds [static dependencies only]. Details - ImportResultOutputID=0619e96954c1117a1ee94a507e80202d DependenciesID=c6207d987734cfb017c02a806f24e195 StaticDependenciesID=7e2ac50389897e89dfd339f750b21e75 
Importing 'GUID: e74a7c35e694f0c47b9bebf080ffc68b - Path: Assets/GameScripts/GameLogic/HuntingInDarkness/ViewLayer/Flow' with importer (DefaultImporter)
Imported 'GUID: e74a7c35e694f0c47b9bebf080ffc68b' -> (Import Result ID: 'a73d1f36ebfdccd6217f5fbee3bd4c15') in 0.001 seconds [static dependencies only]. Details - ImportResultOutputID=a631131888255388bc20b4c02d1821b1 DependenciesID=4457ac6ff78458fae76198e8173ef7e8 StaticDependenciesID=135cceb77d806aa81aa31474cfbc9a73 
Importing 'GUID: 18ae5147de9585045ab40941d945696b - Path: Packages/com.tuyoogame.yooasset/Mini Game/Runtime/AlipayFileSystem/Operation' with importer (DefaultImporter)
Imported 'GUID: 18ae5147de9585045ab40941d945696b' -> (Import Result ID: 'dbe48d615030e62bb397f08b4fd79bd2') in 0.000 seconds [static dependencies only]. Details - ImportResultOutputID=43270f6573241fd859f9d417c9d54823 DependenciesID=2ad6bdfa8799122a9f75afe1d90eee4d StaticDependenciesID=944ce53fbc9cb9607cd6d8cad20ad7a1 
Importing 'GUID: 78c3ac737339bbb4c90dbe20f166854e - Path: Assets/GameScripts/GameLogic/HuntingInDarkness/ViewLayer/Camera' with importer (DefaultImporter)
Imported 'GUID: 78c3ac737339bbb4c90dbe20f166854e' -> (Import Result ID: '09b2eaa74711e6a942145554ca6360af') in 0.001 seconds [static dependencies only]. Details - ImportResultOutputID=e00f29466b3f43218a7b45d64a26b2ed DependenciesID=8d594d799457fba99bdcb7828d70b72c StaticDependenciesID=0a3f77e5193177bc8df379fc4299e89b 
Importing 'GUID: 9871da9e5bc640969d89e4bd1efd8b4d - Path: Assets/ZFramework/Runtime/Module/DebugerModule/Component' with importer (DefaultImporter)
Imported 'GUID: 9871da9e5bc640969d89e4bd1efd8b4d' -> (Import Result ID: '45295c873b5ea3741843fef305aedd40') in 0.001 seconds [static dependencies only]. Details - ImportResultOutputID=425faab4f55d65706176b888c55dcdfa DependenciesID=e774d8a31a3c2bb2afdbe02e80d7d582 StaticDependenciesID=4a59a80456c5fee55bc120d4f034aafb 
Importing 'GUID: 98d14ab1acf42df4f88a0561822ac807 - Path: Packages/com.unity.ugui/Tests/Editor/UGUI/EventSystem' with importer (DefaultImporter)
Imported 'GUID: 98d14ab1acf42df4f88a0561822ac807' -> (Import Result ID: '77e6774a906df4abe4451b2497a00093') in 0.000 seconds [static dependencies only]. Details - ImportResultOutputID=6603dd8da4d7905c6bd3055da0051439 DependenciesID=3b8f2168cedad2138bd4746f61ccf437 StaticDependenciesID=e2612729251b5b82bf7ba26d947983bb 
Importing 'GUID: 982f4b429f244d499335bb2fba4ffa41 - Path: Assets/ZFramework/Runtime/Module/ResourceModule/Extension' with importer (DefaultImporter)
Imported 'GUID: 982f4b429f244d499335bb2fba4ffa41' -> (Import Result ID: 'be212d0f0a5e54de38a1b71214a18e2a') in 0.000 seconds [static dependencies only]. Details - ImportResultOutputID=e50aa79056f8b78b9a9e63af866bd345 DependenciesID=c20422a3d924c2cb3a89a65cdee13f5b StaticDependenciesID=631a648ecb0fc686b23d4c7ddae41b09 
Importing 'GUID: b86b117346968ac4d9cc63e4385becb7 - Path: Packages/com.unity.ugui/Tests/Editor/UGUI/Canvas' with importer (DefaultImporter)
Imported 'GUID: b86b117346968ac4d9cc63e4385becb7' -> (Import Result ID: 'abfc4e25fc4bcb196a6b161f32067343') in 0.002 seconds [static dependencies only]. Details - ImportResultOutputID=8e476afd0593550eb88e8c6624d87515 DependenciesID=877f057cf3e4b633e0c71c551b791af1 StaticDependenciesID=b7832171fbca6c06f6be994e5156c219 
Importing 'GUID: c8b9d8597bfdc994e9ef52f319cc96ec - Path: Packages/com.tuyoogame.yooasset/Editor/AssetBundleBuilder/BuildPipeline/ScriptableBuildPipeline' with importer (DefaultImporter)
Imported 'GUID: c8b9d8597bfdc994e9ef52f319cc96ec' -> (Import Result ID: 'd73e328524b943a63837b6ce70e5ef2d') in 0.001 seconds [static dependencies only]. Details - ImportResultOutputID=1c5e082f7456be65f8541f3473234a92 DependenciesID=ba39d3a4ab3702eb60c3afb7845e3a4c StaticDependenciesID=dc7ebf72e90961ac98d7ec34892ab1a8 
Importing 'GUID: 09e4cebb2073ab945ac09e9099b327ad - Path: Packages/com.tuyoogame.yooasset/Runtime/FileSystem/DefaultCacheFileSystem/Operation' with importer (DefaultImporter)
Imported 'GUID: 09e4cebb2073ab945ac09e9099b327ad' -> (Import Result ID: '37b3d2b91c1048d44857442726fdafbe') in 0.001 seconds [static dependencies only]. Details - ImportResultOutputID=4dbc678279932a7ce5ce912dc6d6f731 DependenciesID=b1055ea0296144bf81812a8d5ef8bd0c StaticDependenciesID=b0a1150df996c50fd19e05ee09efb8df 
Importing 'GUID: 592e25afd63a84e44a16d76e4641e652 - Path: Assets/GameScripts/GameLogic/HuntingInDarkness/ViewLayer/Tabletop' with importer (DefaultImporter)
Imported 'GUID: 592e25afd63a84e44a16d76e4641e652' -> (Import Result ID: 'b896e8ae578916e1f12d2e2ef92467d4') in 0.001 seconds [static dependencies only]. Details - ImportResultOutputID=a081fec8d5d60c57f800f384d5c1e685 DependenciesID=8715b98879a62a73c81c30a5b4aa50c6 StaticDependenciesID=e9a14895becc89a33a2e849ba888a17c 
Importing 'GUID: 692476ac695e7b74a8d9eabd48862009 - Path: Packages/com.unity.test-framework/UnityEditor.TestRunner/TestRun/Tasks/Scene' with importer (DefaultImporter)
Imported 'GUID: 692476ac695e7b74a8d9eabd48862009' -> (Import Result ID: 'fe24cbd2743b205b2d43eceb3ef98c11') in 0.001 seconds [static dependencies only]. Details - ImportResultOutputID=7536d1993fefc102a329e1894cd6bfdf DependenciesID=c369a91a434752b1343a44621538dc2e StaticDependenciesID=8f80a41c50fcfc7914c0a36f863f03f2 
Importing 'GUID: 89bd55e23fdd1b84e8116fc62beb02b5 - Path: Assets/GameScripts/GameLogic/HuntingInDarkness/SO/Combat' with importer (DefaultImporter)
Imported 'GUID: 89bd55e23fdd1b84e8116fc62beb02b5' -> (Import Result ID: '82a8efe63eca86140e68f08de7805b0c') in 0.002 seconds [static dependencies only]. Details - ImportResultOutputID=afa50f9ccaf79378be1bc3dfa48896b7 DependenciesID=d957bd7ef7e07d52c249e7861195257d StaticDependenciesID=69c13aa112c8ab9f35eee0ec16bc8cbf 
Importing 'GUID: a94879388ec045ad9a0c0590ac2cd265 - Path: Assets/ZFramework/Runtime/Module/ResourceModule/Reference' with importer (DefaultImporter)
Imported 'GUID: a94879388ec045ad9a0c0590ac2cd265' -> (Import Result ID: '33620a832c862e682084a29856361e32') in 0.001 seconds [static dependencies only]. Details - ImportResultOutputID=c6321fcf4122785062678864af56c079 DependenciesID=492a4234cde30787b8753d41ec181949 StaticDependenciesID=98a28600a1b674868f70fbd410b2186f 
Importing 'GUID: d973b7805df545bdae3986ab72a6c2e8 - Path: Packages/com.unity.test-framework/UnityEditor.TestRunner/TestRun/Tasks/Platform' with importer (DefaultImporter)
Imported 'GUID: d973b7805df545bdae3986ab72a6c2e8' -> (Import Result ID: 'd160c0cb02646af3334fcf43e188e0fe') in 0.001 seconds [static dependencies only]. Details - ImportResultOutputID=7b4466f160f12ea453479b296b8cb42a DependenciesID=d02ff3fa7604c227e9a0bf7c216878b5 StaticDependenciesID=1bde4f0850873b5f5f0a19abece4bb99 
Importing 'GUID: e954bce92e3617141bfa5d64a57737b9 - Path: Assets/GameScripts/GameLogic/HuntingInDarkness/Cards3D/Base' with importer (DefaultImporter)
Imported 'GUID: e954bce92e3617141bfa5d64a57737b9' -> (Import Result ID: '0dee8fb3a20018dd0b8506d5143ab6de') in 0.001 seconds [static dependencies only]. Details - ImportResultOutputID=960f8d28fe202d4a0dd54df83332c7ac DependenciesID=cf4f9a7bbe3261df3d188a4b3649e282 StaticDependenciesID=123d36041e5a156482fa8b87a30182c3 
Importing 'GUID: e90cc37a5ccf4a44dbecc5b7172ec512 - Path: Packages/com.unity.ugui/Tests/Editor/UGUI/UnityEvent' with importer (DefaultImporter)
Imported 'GUID: e90cc37a5ccf4a44dbecc5b7172ec512' -> (Import Result ID: 'cde0220ef807c353e41e788af94ac458') in 0.001 seconds [static dependencies only]. Details - ImportResultOutputID=a0bc94d63c9e6f6a4b020ee487fe309b DependenciesID=45c7b73f494615e9b2a7e5aa7f607d05 StaticDependenciesID=ebe26c080430ce70dc04ce90c2a84dac 
Importing 'GUID: 2a28c2fab6b1bb745a844ef6b908e7ee - Path: Packages/com.unity.ugui/Tests/Runtime/UGUI/InputField' with importer (DefaultImporter)
Imported 'GUID: 2a28c2fab6b1bb745a844ef6b908e7ee' -> (Import Result ID: 'e19cd6063a525fa66ec6d63085128f57') in 0.001 seconds [static dependencies only]. Details - ImportResultOutputID=e58836774379c95673eb78fae8afcfc0 DependenciesID=80628ccd12ddd2f94ec083d525d9a9ab StaticDependenciesID=c65b7afb8092863076808e4bf6ae8427 
Importing 'GUID: 7a14c0de202607140000000000000002 - Path: Assets/GameScripts/GameLogic/HuntingInDarkness/GameCore/Foundation' with importer (DefaultImporter)
Imported 'GUID: 7a14c0de202607140000000000000002' -> (Import Result ID: '594ba6739d4657e88c83620f706f4c86') in 0.001 seconds [static dependencies only]. Details - ImportResultOutputID=4dad23ab87c27c6d7768e27064556c9c DependenciesID=bee8b508d58d7a543e2207c7d32ed463 StaticDependenciesID=ed210db83b3d819beb719ca2edf82a9e 
Importing 'GUID: 7a14c0de202607140000000000000003 - Path: Assets/GameScripts/GameLogic/HuntingInDarkness/GameCore/Combat' with importer (DefaultImporter)
Imported 'GUID: 7a14c0de202607140000000000000003' -> (Import Result ID: '7cdae3faadeaabbff11afb5c840391ca') in 0.000 seconds [static dependencies only]. Details - ImportResultOutputID=f6ad0c2accf5b410f1174f7bd2fdfdc1 DependenciesID=fc2a80be25df355b7b78ee054ce00039 StaticDependenciesID=904f2a200a1a9dfeef6d4ea1cf39eaa0 
Importing 'GUID: 7a14c0de202607140000000000000004 - Path: Assets/GameScripts/GameLogic/HuntingInDarkness/GameCore/Board' with importer (DefaultImporter)
Imported 'GUID: 7a14c0de202607140000000000000004' -> (Import Result ID: '94bed281b72ee3415b8dbf4431e6253a') in 0.001 seconds [static dependencies only]. Details - ImportResultOutputID=eafbf352818cd9990ca39a8cde8215eb DependenciesID=b33d6f7a657fda8cdc05323371e05af2 StaticDependenciesID=921655f4b3c7a8206b24478c8e625804 
Importing 'GUID: 7a14c0de202607140000000000000005 - Path: Assets/GameScripts/GameLogic/HuntingInDarkness/GameCore/Cards' with importer (DefaultImporter)
Imported 'GUID: 7a14c0de202607140000000000000005' -> (Import Result ID: '5bce6d1e6f3cc85ae571e9d78d00d464') in 0.000 seconds [static dependencies only]. Details - ImportResultOutputID=0119ac1cc7c73d55ec93c3078f785fb4 DependenciesID=b49f1c3ad7d0ad5c05f49855f735d237 StaticDependenciesID=03bd29a6043cd00c2471f16c363f1b3e 
Importing 'GUID: 7a14c0de202607140000000000000007 - Path: Assets/GameScripts/GameLogic/HuntingInDarkness/Adapters/Unity' with importer (DefaultImporter)
Imported 'GUID: 7a14c0de202607140000000000000007' -> (Import Result ID: '4ef724128eca197addddfc041e7ff1dd') in 0.000 seconds [static dependencies only]. Details - ImportResultOutputID=fb30cfbe82624d1fa09a894c9f242878 DependenciesID=e070392fcc6d8ec63c329c80f21ac274 StaticDependenciesID=c004102403fb3529abb72aec82183a85 
Importing 'GUID: 7a14c0de20260714000000000000000b - Path: Assets/GameScripts/GameLogic/HuntingInDarkness/ViewLayer/Combat' with importer (DefaultImporter)
Imported 'GUID: 7a14c0de20260714000000000000000b' -> (Import Result ID: 'e99362d1e3786d9ea11150244d0504c6') in 0.000 seconds [static dependencies only]. Details - ImportResultOutputID=0cd7b8017a15a771d1a8f3bc005daa62 DependenciesID=c9a8092b8f1e3349b5ba7d73ade9a452 StaticDependenciesID=2216405fa6cc4f44f27ea2a9ef8db823 
Importing 'GUID: 8a5f30f9c58f36946b2028bddce08c9c - Path: Packages/com.tuyoogame.yooasset/Editor/AssetBundleBuilder/BuildPipeline/RawFileBuildPipeline' with importer (DefaultImporter)
Imported 'GUID: 8a5f30f9c58f36946b2028bddce08c9c' -> (Import Result ID: 'c275e65d19c8740669a949fa2e920cfb') in 0.001 seconds [static dependencies only]. Details - ImportResultOutputID=43a46118234329446e86139929fd8706 DependenciesID=49c1e32044f80943a9f61cacc659d76a StaticDependenciesID=e37cbb905c45f82d52a74065f3458f5c 
Importing 'GUID: 9a3557da07c729b4eb774b8e30e157a4 - Path: Packages/com.unity.ugui/Tests/Runtime/UGUI/Canvas' with importer (DefaultImporter)
Imported 'GUID: 9a3557da07c729b4eb774b8e30e157a4' -> (Import Result ID: '1d249d6e40778354a987a6fcb192c906') in 0.000 seconds [static dependencies only]. Details - ImportResultOutputID=7d088037bf937e0424a9d6b638c327bc DependenciesID=41dad57d6012744c15a40fcaeea4407c StaticDependenciesID=4e86fe4ece9cd37a029e157d3e105e51 
Importing 'GUID: bae197be297529d4fa735fbe7c91828d - Path: Packages/com.unity.ugui/Tests/Runtime/UGUI/Dropdown' with importer (DefaultImporter)
Imported 'GUID: bae197be297529d4fa735fbe7c91828d' -> (Import Result ID: '5e3bc459916388cb419c01133fdf71b5') in 0.002 seconds [static dependencies only]. Details - ImportResultOutputID=6965364a0d1585b32a69589405f69568 DependenciesID=0f01d54a900122b1b9268796394d561d StaticDependenciesID=f6979298c434fcac3eab6e2a6f28d882 
Importing 'GUID: ba3f4fc8cf6941f4a96ab928cec547e3 - Path: Packages/com.tuyoogame.yooasset/Runtime/ResourcePackage/Operation/Internal' with importer (DefaultImporter)
Imported 'GUID: ba3f4fc8cf6941f4a96ab928cec547e3' -> (Import Result ID: '7db3363e32a3db25ab0f5ac2a02d6ac5') in 0.001 seconds [static dependencies only]. Details - ImportResultOutputID=cbe46576cd7a5e0f588159f8f83907a4 DependenciesID=688100b2d8433a82d7fdca56862d9531 StaticDependenciesID=c29ce8561fd6441df8ed77df9c7a9927 
Importing 'GUID: da6402a4b93d31943b26fb99cebc0dfd - Path: Packages/com.tuyoogame.yooasset/Runtime/FileSystem/DefaultCacheFileSystem/Elements' with importer (DefaultImporter)
Imported 'GUID: da6402a4b93d31943b26fb99cebc0dfd' -> (Import Result ID: '3a6bfd90186d603148e0604f609a0823') in 0.001 seconds [static dependencies only]. Details - ImportResultOutputID=1897f3645ce3b6507d434c84bac983d0 DependenciesID=243cf78982b5b10de28c9882ddddba90 StaticDependenciesID=1666a26a858919b6fd565bbe73eebc6b 
Importing 'GUID: 2bc8a181dfd9de24388de89bb8db7713 - Path: Packages/com.unity.ugui/Tests/Runtime/UGUI/MaskClipping' with importer (DefaultImporter)
Imported 'GUID: 2bc8a181dfd9de24388de89bb8db7713' -> (Import Result ID: '9852a04d0c1c2c7f4eb843f22fc6ee3b') in 0.001 seconds [static dependencies only]. Details - ImportResultOutputID=cf24f9eca233f2ba4f2d58fafaa1207b DependenciesID=81d17dddb222b3420f97299907fad188 StaticDependenciesID=6a1c237633df10eb57dda2ae6b8a2a66 
Importing 'GUID: 7bb4592c3b9cea842bebcb566fb64a07 - Path: Assets/GameScripts/GameLogic/Module/UIModule/ErrorLogger' with importer (DefaultImporter)
Imported 'GUID: 7bb4592c3b9cea842bebcb566fb64a07' -> (Import Result ID: 'c40ab23a733d5753b7910e1fb970bdf0') in 0.001 seconds [static dependencies only]. Details - ImportResultOutputID=5be8801e35b18abd3e2d599cd570daec DependenciesID=a0157fe1bae465a25c330ba15a22d007 StaticDependenciesID=20eb8fdca1b8a3f46d5d3feee2a224fe 
Importing 'GUID: 8b25809b75e1e7141aff3c2011845aab - Path: Packages/com.tuyoogame.yooasset/Editor/UIElements/TableViewer/DefaultCells' with importer (DefaultImporter)
Imported 'GUID: 8b25809b75e1e7141aff3c2011845aab' -> (Import Result ID: 'a80e6368c684a2dd99680a27f5bc23aa') in 0.002 seconds [static dependencies only]. Details - ImportResultOutputID=3aff9a9234cab3cf81ff132429c2b99b DependenciesID=6f1cfcf11d3b8f8048eaee2e6b60ffc4 StaticDependenciesID=886981458aaa501870fd0735e799645e 
Importing 'GUID: 8b25c0de202607140000000000000004 - Path: Assets/GameScripts/GameLogic/HuntingInDarkness/GameCore/Hunt' with importer (DefaultImporter)
Imported 'GUID: 8b25c0de202607140000000000000004' -> (Import Result ID: '718d8ba47d39417943cf835ee3016865') in 0.001 seconds [static dependencies only]. Details - ImportResultOutputID=2a9adcc9f214b24beeda6b194503d980 DependenciesID=25c8debc013a6fda4deb10962ff8561d StaticDependenciesID=ea0ddab39a6557448f9c8d21e9d792e3 
Importing 'GUID: 8b25c0de202607140000000000000008 - Path: Assets/GameScripts/GameLogic/HuntingInDarkness/GameCore/Settlement' with importer (DefaultImporter)
Imported 'GUID: 8b25c0de202607140000000000000008' -> (Import Result ID: '81f57d98f3dc6c27f687a6f2fb0434ed') in 0.000 seconds [static dependencies only]. Details - ImportResultOutputID=e0eaefa28973b6bc4617f09fee0917bf DependenciesID=240422fc93216cb2d25f99e8903543b3 StaticDependenciesID=ccd604cc1fd708bc8062a4a19b2f39d5 
Importing 'GUID: 8b25c0de20260714000000000000000b - Path: Assets/GameScripts/GameLogic/HuntingInDarkness/ViewLayer/Hunt' with importer (DefaultImporter)
Imported 'GUID: 8b25c0de20260714000000000000000b' -> (Import Result ID: '3e93480fe23a62c92a2c21ebb011658d') in 0.000 seconds [static dependencies only]. Details - ImportResultOutputID=7795072d0974467c66fbefca22efa4b3 DependenciesID=29b9d8971e4a78b64bebd58f033f2a4a StaticDependenciesID=f918ed7be88d9138b5426fce85d4e224 
Importing 'GUID: 8b25c0de20260714000000000000000d - Path: Assets/GameScripts/GameLogic/HuntingInDarkness/ViewLayer/Settlement' with importer (DefaultImporter)
Imported 'GUID: 8b25c0de20260714000000000000000d' -> (Import Result ID: '3e15657ff625360a61107f3caa13dab5') in 0.000 seconds [static dependencies only]. Details - ImportResultOutputID=dc8f800085a054df3999aa73f67c8c47 DependenciesID=454ff2126ff051994d9b168f77d4fcbd StaticDependenciesID=207bdd179eed893a3fe2a90ed0a49f8f 
Importing 'GUID: 9bedab6f9886aee42b33e424bffdb640 - Path: Packages/com.unity.ugui/Tests/Runtime/UGUI/ScrollRect' with importer (DefaultImporter)
Imported 'GUID: 9bedab6f9886aee42b33e424bffdb640' -> (Import Result ID: '35be4c3e6713de16b5d00f4bbd266953') in 0.001 seconds [static dependencies only]. Details - ImportResultOutputID=1e1e42b1ee74118f6935739ac2a182ad DependenciesID=dfd6e8e800abc6fff15f84984c140c39 StaticDependenciesID=5da55679819c88cddee1108bf2fe2e60 
Importing 'GUID: ab93e1a81defc3243a6e9cd0df3cb443 - Path: Packages/com.unity.ugui/Tests/Runtime/UGUI/EventSystem' with importer (DefaultImporter)
Imported 'GUID: ab93e1a81defc3243a6e9cd0df3cb443' -> (Import Result ID: 'e71948e5e25e2dfd7b129abeb5f90abf') in 0.001 seconds [static dependencies only]. Details - ImportResultOutputID=b30f8b8e5eb481e24f93b908a7a0420f DependenciesID=d5ef749c21096e9dc9c4f62024f1f498 StaticDependenciesID=b3a3d429314049c0781aedacf9c24a39 
Importing 'GUID: bb2dd25d6fcbe034b8c19f253d3da871 - Path: Assets/GameScripts/GameLogic/HuntingInDarkness/Content/Hunt' with importer (DefaultImporter)
Imported 'GUID: bb2dd25d6fcbe034b8c19f253d3da871' -> (Import Result ID: '2a99439e8da6e060cf6efb7f2112c0c8') in 0.000 seconds [static dependencies only]. Details - ImportResultOutputID=16814bfcc1edb80be1e92e871f41664e DependenciesID=e1f54a08a5bc69136a35f1e29f4eb501 StaticDependenciesID=5649c31735a80016218edadce7436a83 
Importing 'GUID: db727658382cb3e44a88993318d3ffaa - Path: Packages/com.leonz.z-editor-tools/Editor/vTabs/StyleSheets/Extensions' with importer (DefaultImporter)
Imported 'GUID: db727658382cb3e44a88993318d3ffaa' -> (Import Result ID: '08dd926206a1d65721fcb88720b795fb') in 0.001 seconds [static dependencies only]. Details - ImportResultOutputID=18e9e3d6d04ed4f9a4774a9dc0a75c79 DependenciesID=d0d220a253cb32b1e4f83ec6b9451242 StaticDependenciesID=9629ff778526433001f44c2d406dc7a8 
Importing 'GUID: dbbb8f216603c4042b3c29cdde607705 - Path: Packages/com.tuyoogame.yooasset/Mini Game/Runtime/TaptapFileSystem/Operation' with importer (DefaultImporter)
Imported 'GUID: dbbb8f216603c4042b3c29cdde607705' -> (Import Result ID: 'd5fc52d39396ee90841ed687ab275f8d') in 0.001 seconds [static dependencies only]. Details - ImportResultOutputID=e729c04d47fefa3e2719550f68ea7c6a DependenciesID=9dc61a14d1a46bc1b9a4b093db95689f StaticDependenciesID=618d57e11ac418159e078a9fbda9439b 
Importing 'GUID: eb7e44c5cec24463ab95d52834898a3b - Path: Packages/com.unity.ugui/Tests/Runtime/UGUI/RawImage' with importer (DefaultImporter)
Imported 'GUID: eb7e44c5cec24463ab95d52834898a3b' -> (Import Result ID: 'e5171864f5e9d44c630929fa7290a51b') in 0.001 seconds [static dependencies only]. Details - ImportResultOutputID=5f3dd41893760011c03943e595e0e2b9 DependenciesID=4609bdcad0f058fdf8179ecc0d03b1ae StaticDependenciesID=d71de07129330d4161d834c15e52c1be 
Importing 'GUID: 4cfe5ade9a1375e40aed87618b92bd12 - Path: Packages/com.unity.ugui/Tests/Editor/UGUI/Slider' with importer (DefaultImporter)
Imported 'GUID: 4cfe5ade9a1375e40aed87618b92bd12' -> (Import Result ID: '0713d7a6198169bcd51a451723559aea') in 0.001 seconds [static dependencies only]. Details - ImportResultOutputID=e22ecf5b6dbe3e62a296c4d455bdc050 DependenciesID=f5cc6dfa6c2c0479f8183aa4a1994ad8 StaticDependenciesID=f14609ee3d652a87f460678e619f3145 
Importing 'GUID: 5c0a1b7e213a63047994bbf419867c64 - Path: Packages/com.tuyoogame.yooasset/Editor/AssetBundleBuilder/BuildPipeline/BuiltinBuildPipeline' with importer (DefaultImporter)
Imported 'GUID: 5c0a1b7e213a63047994bbf419867c64' -> (Import Result ID: '6c8024be5ca507b719b7513fcae5fd06') in 0.000 seconds [static dependencies only]. Details - ImportResultOutputID=2891c9489f94a835ccdf258c7c70f769 DependenciesID=3905d7b2ffd833d9f6e3e0a76f4a163f StaticDependenciesID=739dc57ff437ad80ee6088d2d3851f1e 
Importing 'GUID: 8cba5e0b26df8ee40a93d697f889e33d - Path: Packages/com.tuyoogame.yooasset/Mini Game/Runtime/TiktokFileSystem/Operation' with importer (DefaultImporter)
Imported 'GUID: 8cba5e0b26df8ee40a93d697f889e33d' -> (Import Result ID: '292ff5e55b0a9f6ebb1ecb94ec19dddb') in 0.000 seconds [static dependencies only]. Details - ImportResultOutputID=7edae63473d0e883004b269e4980fb7b DependenciesID=aca8caf4d8bcc77a114cf7b7ed6ccec0 StaticDependenciesID=0b1b91e12d7c60f950e176e24070f028 
Importing 'GUID: bc9aa6d5a7945f34882c442e9e201537 - Path: Packages/com.unity.ugui/Editor/UGUI/UI/PropertyDrawers' with importer (DefaultImporter)
Imported 'GUID: bc9aa6d5a7945f34882c442e9e201537' -> (Import Result ID: '94372a17ac65b19103079fbf3702a0f3') in 0.000 seconds [static dependencies only]. Details - ImportResultOutputID=63c8cf390e7a4e4d540c9298ab92bed8 DependenciesID=e9d3255755d48a582380248eee29bc66 StaticDependenciesID=e65079aa78b0d8572706e586ccb74e7c 
Importing 'GUID: cc313cc004395df4a9884390556690a5 - Path: Packages/com.unity.ugui/Tests/Runtime/UGUI/Layout' with importer (DefaultImporter)
Imported 'GUID: cc313cc004395df4a9884390556690a5' -> (Import Result ID: '7b531e27c78f080820cdd4562cff96f6') in 0.001 seconds [static dependencies only]. Details - ImportResultOutputID=60415242162df86570f1c45c1cd3de97 DependenciesID=1a988c880bf84369175e13e8392194f1 StaticDependenciesID=787e244eb5981d4e5359cbc5817d693a 
Importing 'GUID: cca5935142d6c754f9ecdce1294f7079 - Path: Packages/com.unity.test-framework/UnityEditor.TestRunner/TestRun/Tasks/Events' with importer (DefaultImporter)
Imported 'GUID: cca5935142d6c754f9ecdce1294f7079' -> (Import Result ID: '05e56b002967a842d12418ee710c5528') in 0.001 seconds [static dependencies only]. Details - ImportResultOutputID=ee31a3135109805c851f0d981688397b DependenciesID=eb9cc2be54e052504a6f8c3a170ed24c StaticDependenciesID=4b39484e2ac1c6052de88acdd0233d83 
Importing 'GUID: cce7e34ecb3cc43ebabe7154ebe11414 - Path: Packages/com.unity.ugui/Tests/Runtime/UGUI/RaycastReceiver' with importer (DefaultImporter)
Imported 'GUID: cce7e34ecb3cc43ebabe7154ebe11414' -> (Import Result ID: 'fb513d187e2933bc1e8518cb4da14cae') in 0.001 seconds [static dependencies only]. Details - ImportResultOutputID=93b7fb6b6bb40adb488bc0f68fc48255 DependenciesID=345a6564439896cb277d31e66a5fe157 StaticDependenciesID=f39f00894393480c7d44a7fb13c75fc3 
Importing 'GUID: 2d9b6ff056b6f484ba6500aa8e06bcf3 - Path: Packages/com.unity.ugui/Tests/Runtime/UGUI/LayoutGroup' with importer (DefaultImporter)
Imported 'GUID: 2d9b6ff056b6f484ba6500aa8e06bcf3' -> (Import Result ID: '83b2ac34e2e10e7c7de216d6cc8ac0c4') in 0.002 seconds [static dependencies only]. Details - ImportResultOutputID=c2f016a97ca6b758214e30a50ac04dd1 DependenciesID=de71756809ad47ef30b5882c6aaeed74 StaticDependenciesID=34f68bd890f5c3b4d7f781c3b44f0029 
Importing 'GUID: 5dc64c943466a44498be3b620c743b45 - Path: Packages/com.unity.ugui/Runtime/UGUI/EventSystem/UIElements' with importer (DefaultImporter)
Imported 'GUID: 5dc64c943466a44498be3b620c743b45' -> (Import Result ID: 'e8f42d2f31626690f13bb80841a54921') in 0.000 seconds [static dependencies only]. Details - ImportResultOutputID=fd828e0499fcd47e19fa0a0b494b1491 DependenciesID=79127338a5c13fa84cf39a5414d22fc8 StaticDependenciesID=fcd90f5b321b599c1ac520201a4a1839 
Importing 'GUID: 6d585c1eefb9fa84e8d53eaf9fd29695 - Path: Assets/GameScripts/GameLogic/HuntingInDarkness/Cards3D/Views' with importer (DefaultImporter)
Imported 'GUID: 6d585c1eefb9fa84e8d53eaf9fd29695' -> (Import Result ID: '95a5de013e6ad28cd5805884ce82a4f7') in 0.000 seconds [static dependencies only]. Details - ImportResultOutputID=2b73f8fcd65f0eafcaa87f49a68f308b DependenciesID=84dcca4b0887c5e5ace49a61754f75e1 StaticDependenciesID=46dcdda767e5a1c0f8fc59b7c94d1cf4 
Importing 'GUID: cd73a3d96b6b72645a045b38fdee5357 - Path: Assets/GameScripts/GameLogic/HuntingInDarkness/Content/Combat' with importer (DefaultImporter)
Imported 'GUID: cd73a3d96b6b72645a045b38fdee5357' -> (Import Result ID: '0e8813bf53ab5e0f7dd4c480b241d602') in 0.000 seconds [static dependencies only]. Details - ImportResultOutputID=161e302fd0de0bef091415cb2b7974a9 DependenciesID=6fb5aaa882b6b81e0a3fc7cabbc3226e StaticDependenciesID=e972fc292698354682c1f72cd8acadc3 
Importing 'GUID: fd1f07d5115fd774fb2fb9c42b583192 - Path: Assets/GameScripts/GameLogic/HuntingInDarkness/SO/Weapon' with importer (DefaultImporter)
Imported 'GUID: fd1f07d5115fd774fb2fb9c42b583192' -> (Import Result ID: 'f4f2c8b9ec4e9f8d3a4bed2da0dfb126') in 0.001 seconds [static dependencies only]. Details - ImportResultOutputID=efbdb07445151f98c97716f93f7eb5e5 DependenciesID=8fc9c59c14995c60a1ebf7b9e61372de StaticDependenciesID=df2fc3e0e96ed44c8cfd6b57f9cde23e 
Importing 'GUID: 2e49e0ae672b9944783571b2ad737df9 - Path: Packages/com.tuyoogame.yooasset/Runtime/FileSystem/BundleResult/VirtualBundleResult' with importer (DefaultImporter)
Imported 'GUID: 2e49e0ae672b9944783571b2ad737df9' -> (Import Result ID: 'd09fd4e74f1d5cdbb84ebea2950877bb') in 0.001 seconds [static dependencies only]. Details - ImportResultOutputID=a5cab1a3fbcfcc020cba348d639f7562 DependenciesID=85e0a7379b8ee0fae46a26614b2d4dff StaticDependenciesID=32f64ed633f6d2684b484194c54fb75d 
Importing 'GUID: 8e78f8a8575e4a04f8337a54e241cdc5 - Path: Packages/com.unity.ugui/Runtime/UGUI/EventSystem/InputModules' with importer (DefaultImporter)
Imported 'GUID: 8e78f8a8575e4a04f8337a54e241cdc5' -> (Import Result ID: '03651eafc1f7b167f217a7b9d542a0c6') in 0.001 seconds [static dependencies only]. Details - ImportResultOutputID=84df937fc484b7ab7b594c4d33eb072c DependenciesID=8ac3493bfa914af1e8d3f01878fa297c StaticDependenciesID=eadc370d854c330f337eb1b7a7be66db 
Importing 'GUID: ae242449e9279d44789513b922d3178a - Path: Packages/com.unity.ugui/Tests/Editor/UGUI/CanvasRenderer' with importer (DefaultImporter)
Imported 'GUID: ae242449e9279d44789513b922d3178a' -> (Import Result ID: 'a716104b625670cc7aecdea1c534d772') in 0.001 seconds [static dependencies only]. Details - ImportResultOutputID=e5bf496d94443ae3ec9c556233743fcb DependenciesID=eceaba14f7ddf17b74125422e00f0b18 StaticDependenciesID=eef29d039ef4cfceb88a8eee3c804f26 
Importing 'GUID: be39d027dec0b2f41ab1dba7effb1a9c - Path: Packages/com.tuyoogame.yooasset/Editor/AssetBundleBuilder/VisualViewers/ScriptableBuildPipeline' with importer (DefaultImporter)
Imported 'GUID: be39d027dec0b2f41ab1dba7effb1a9c' -> (Import Result ID: '16df4a26d34db5ab57a94d624f8216c0') in 0.000 seconds [static dependencies only]. Details - ImportResultOutputID=976ff52e391e4a01d42dc18df7a105d9 DependenciesID=70daeb3831d131322c03c246f2710902 StaticDependenciesID=a18f479510b150f1a2a4108756d39960 
Importing 'GUID: fe53f557bb5cf3242a04b3fce756dd38 - Path: Packages/com.tuyoogame.yooasset/Runtime/FileSystem/DefaultWebServerFileSystem/Operation' with importer (DefaultImporter)
Imported 'GUID: fe53f557bb5cf3242a04b3fce756dd38' -> (Import Result ID: 'ee7377b32339f2d02b3ddc30b9c5f806') in 0.000 seconds [static dependencies only]. Details - ImportResultOutputID=490511a683f33ff04767427b9dc24654 DependenciesID=d4021d40677825919e42d7a71c21bb31 StaticDependenciesID=170322a9822ef57207c6b324d0e2a980 
Importing 'GUID: 1f71aeacc4a9f1a40b22a1a590331f6b - Path: Packages/com.unity.ugui/Tests/Editor/UGUI/Dropdown' with importer (DefaultImporter)
Imported 'GUID: 1f71aeacc4a9f1a40b22a1a590331f6b' -> (Import Result ID: '5cdafdf18ddd9f62223761591d1d9fa5') in 0.000 seconds [static dependencies only]. Details - ImportResultOutputID=9c7b3a89084fcba7d2db4de1536c8b5e DependenciesID=ff92cb98b85f870b67c50e316f7cfd35 StaticDependenciesID=1b82cc936954c9e9a65d3ef2769217fe 
Importing 'GUID: 4f9ac6e545d53f94b9f09c85b9576f36 - Path: Packages/com.unity.ugui/Tests/Editor/UGUI/Text' with importer (DefaultImporter)
Imported 'GUID: 4f9ac6e545d53f94b9f09c85b9576f36' -> (Import Result ID: 'e98648bd66940b6a132be651d2420fb6') in 0.001 seconds [static dependencies only]. Details - ImportResultOutputID=0a6c93c4388846596449e13fb9ee76e4 DependenciesID=e53ff11c940a19efb0773a66a6f23adc StaticDependenciesID=e28c688a242fa2ecb59ea4a56173efa2 
Importing 'GUID: af30a361ab68260438b6ec3fb7e64500 - Path: Packages/com.unity.ugui/Tests/Runtime/UGUI/Util' with importer (DefaultImporter)
Imported 'GUID: af30a361ab68260438b6ec3fb7e64500' -> (Import Result ID: 'aa376b6d0e325f33c19475de00160cf5') in 0.000 seconds [static dependencies only]. Details - ImportResultOutputID=62ba854b2b9d1dd6ed122b47ebaa7e4a DependenciesID=16e5086e837bf6d99be4855116cfe93a StaticDependenciesID=ddd6ba8589c95d651a2b2f5c6bdac46e 
Importing 'GUID: dfb81dc2664ed4d4db4bd2b95caadae4 - Path: Packages/com.tuyoogame.yooasset/Runtime/ResourceManager/Operation/Internal' with importer (DefaultImporter)
Imported 'GUID: dfb81dc2664ed4d4db4bd2b95caadae4' -> (Import Result ID: 'cff6641b5eca0fe93c16ce167a9a15bb') in 0.000 seconds [static dependencies only]. Details - ImportResultOutputID=5e017e93e2df47cd702592b18c185cf7 DependenciesID=477c07e8440369377c9bc95043976b48 StaticDependenciesID=b7ccd7c12f2579cab9b412566cd04ade 
Importing 'GUID: efad3ddb7270ac241b9b1357ec5ee2f2 - Path: Packages/com.unity.ugui/Tests/Runtime/UGUI/NestedLayout' with importer (DefaultImporter)
Imported 'GUID: efad3ddb7270ac241b9b1357ec5ee2f2' -> (Import Result ID: '302644d2a6c11c2840be61820d8adbd5') in 0.001 seconds [static dependencies only]. Details - ImportResultOutputID=6ea828bc1b4844d62080f5a23272f6ef DependenciesID=2ca3c70dc54d7a1c69a63616b2ff9cd1 StaticDependenciesID=7c045ecfde023df1d2f5ff37c1c0863f 
Importing 'GUID: ff9085fca05646b4e9f6dfec5f9cd5ab - Path: Packages/com.tuyoogame.yooasset/Mini Game/Runtime/TaptapFileSystem/BundleResult' with importer (DefaultImporter)
Imported 'GUID: ff9085fca05646b4e9f6dfec5f9cd5ab' -> (Import Result ID: 'b489496d4a75dfc38229c30d4511e24d') in 0.000 seconds [static dependencies only]. Details - ImportResultOutputID=044772836f45338bde8561c3f9126353 DependenciesID=19566c8e5aada10ed9615f468459bce5 StaticDependenciesID=175016791447016e4f8cb49c7db323ef 
Importing 'GUID: ffb44558171416b4b8c3fc53e77d7511 - Path: Assets/GameScripts/GameLogic/HuntingInDarkness/Core/Phases' with importer (DefaultImporter)
Imported 'GUID: ffb44558171416b4b8c3fc53e77d7511' -> (Import Result ID: '6497b4f4b29e9fb6fe1126740ed18116') in 0.001 seconds [static dependencies only]. Details - ImportResultOutputID=5f13e5f7694936a0448e3a280e5865ad DependenciesID=2c3dca3475ff38f5429b0f1c7693560b StaticDependenciesID=17117023fc10b89c510b092f19dd00c6 
Importing 'GUID: 10e6962fdca2c6e469129c1a15804986 - Path: Assets/GameScripts/GameLogic/HuntingInDarkness/Content/Hunt/Tiles' with importer (DefaultImporter)
Imported 'GUID: 10e6962fdca2c6e469129c1a15804986' -> (Import Result ID: 'ffbccefbc528bf2cb5e79a4bf6842d03') in 0.001 seconds [static dependencies only]. Details - ImportResultOutputID=e34ff6fa1b7c494b7dda309f964fecef DependenciesID=ce518a7ed383839dfbcc556fc89fc734 StaticDependenciesID=f2adcd4f0f154ed3605f70f1b79d80bc 
Importing 'GUID: 101c97835f86e9147993961f514caf2c - Path: Packages/com.tuyoogame.yooasset/Mini Game/Runtime/TiktokFileSystem/Operation/internal' with importer (DefaultImporter)
Imported 'GUID: 101c97835f86e9147993961f514caf2c' -> (Import Result ID: '4ee28045c435c0f101655a9e9773aed5') in 0.001 seconds [static dependencies only]. Details - ImportResultOutputID=9ebba16ddb9f3975133e21327ad578ee DependenciesID=3b9438a81f90814a563cbba6288bc752 StaticDependenciesID=63a71aa7e59f5d59772ec1280a753f68 
Importing 'GUID: 2031dbfd60cc7404dbf2751270a3f9c1 - Path: Assets/GameScripts/GameLogic/HuntingInDarkness/SO/Weapon/Weapon SO' with importer (DefaultImporter)
Imported 'GUID: 2031dbfd60cc7404dbf2751270a3f9c1' -> (Import Result ID: '637daff7c0b45ac621c6c699705e0873') in 0.001 seconds [static dependencies only]. Details - ImportResultOutputID=24dc5ebfc37e2361e84a850981ff21f0 DependenciesID=805c557f80450ab183fcb2f5097be40b StaticDependenciesID=208a512c402396681327e68ceab2e43b 
Importing 'GUID: 70dd56242c5b3aa458b7f9ac111ff26b - Path: Assets/GameScripts/GameLogic/HuntingInDarkness/Content/Hunt/Destinations' with importer (DefaultImporter)
Imported 'GUID: 70dd56242c5b3aa458b7f9ac111ff26b' -> (Import Result ID: '38d95afe380d1675b1d513113ae8a448') in 0.001 seconds [static dependencies only]. Details - ImportResultOutputID=f317a78cc39bff3505cce93479852283 DependenciesID=3865e7e35004c70ff936d92a9d3a7471 StaticDependenciesID=6bc1356b5dfa39189a294dc4bfa3b8d0 
Importing 'GUID: b0562689eb1644e4913111b4facfb9e5 - Path: Assets/ZFramework/Runtime/Module/LocalizationModule/Core/Extension' with importer (DefaultImporter)
Imported 'GUID: b0562689eb1644e4913111b4facfb9e5' -> (Import Result ID: '96415fbf6fdd6ec5be1bc71710d86038') in 0.000 seconds [static dependencies only]. Details - ImportResultOutputID=4a4013424b3f1114995a6c0c4779b335 DependenciesID=d6571287281c2dc9165a638648f07451 StaticDependenciesID=bf01dd6d44c502cc342820c45f10ec25 
Importing 'GUID: 1138888cdba447345abb498b0c89affa - Path: Packages/com.tuyoogame.yooasset/Editor/AssetBundleBuilder/BuildPipeline/EditorSimulateBuildPipeline/BuildTasks' with importer (DefaultImporter)
Imported 'GUID: 1138888cdba447345abb498b0c89affa' -> (Import Result ID: 'c8ebb6635addb17b96081665c9f3dede') in 0.002 seconds [static dependencies only]. Details - ImportResultOutputID=74fa34fb5819e50ff95198820c9022bd DependenciesID=707098fd3ab952722b2591d4c718d6ce StaticDependenciesID=2ab2bfcbe076c83949830aa0312793b4 
Importing 'GUID: 512c869dea1315b4eb2b8f9ffacf8ba5 - Path: Assets/GameScripts/GameLogic/HuntingInDarkness/Content/Combat/SurvivalEvents' with importer (DefaultImporter)
Imported 'GUID: 512c869dea1315b4eb2b8f9ffacf8ba5' -> (Import Result ID: '02881efd16b73cf3b11010f77243b468') in 0.001 seconds [static dependencies only]. Details - ImportResultOutputID=ecf1fb95b5d6d39f667a5722a47b1d1f DependenciesID=19fd109cb3e303d1b141218d3b8644fb StaticDependenciesID=152dcd6ce6d61467437ca35e938ca7b5 
Importing 'GUID: 81e8e8c03e8b3f840aa8ffef751d5207 - Path: Packages/com.tuyoogame.yooasset/Runtime/FileSystem/BundleResult/VirtualBundleResult/Operation' with importer (DefaultImporter)
Imported 'GUID: 81e8e8c03e8b3f840aa8ffef751d5207' -> (Import Result ID: '2d74d249558438cb63447a288c4f436b') in 0.000 seconds [static dependencies only]. Details - ImportResultOutputID=71a66dfda9d57e22c2f0fbffb9362329 DependenciesID=4d2e3e51fdc6aaa97739743fd864def2 StaticDependenciesID=a4acde2242c7082a9a991701aef0bdb1 
Importing 'GUID: b1adb79bf9f64cf0bcfd261dac77366f - Path: Assets/ZFramework/Runtime/Module/ResourceModule/Extension/Implement' with importer (DefaultImporter)
Imported 'GUID: b1adb79bf9f64cf0bcfd261dac77366f' -> (Import Result ID: '5cf59f129c326c93ad681e2faecc8b9f') in 0.001 seconds [static dependencies only]. Details - ImportResultOutputID=b4b43105f62b7d599191db49d643ae52 DependenciesID=ecd93bf63ffd5d24516eaef0df786f4d StaticDependenciesID=7156626f31a7413e855bd93090eb8f6f 
Importing 'GUID: f18a3613d86e415438931490f1aaa566 - Path: Assets/GameScripts/GameLogic/HuntingInDarkness/ViewLayer/Hunt/UI' with importer (DefaultImporter)
Imported 'GUID: f18a3613d86e415438931490f1aaa566' -> (Import Result ID: 'f4eba82c6dba3a51212286ddc79ee2d0') in 0.000 seconds [static dependencies only]. Details - ImportResultOutputID=27eb20587f411c02175187c0416a63a5 DependenciesID=721dd5279b58bb9f194ddc259cf0aed5 StaticDependenciesID=8e82a196c8df890a5b5d6e57af244214 
Importing 'GUID: 42f01c2f8a9800c4aa5ada53bc13bccd - Path: Assets/ZFramework/Runtime/Module/LocalizationModule/Core/Targets' with importer (DefaultImporter)
Imported 'GUID: 42f01c2f8a9800c4aa5ada53bc13bccd' -> (Import Result ID: '67cc323a037ad4f12d2df4db235e8082') in 0.001 seconds [static dependencies only]. Details - ImportResultOutputID=0d93913fee520ce62690f0c2e9068a4f DependenciesID=71d7006ce69f13e8d27b092cae975873 StaticDependenciesID=f85702fc7f72410f8e9fdafcb93c5b20 
Importing 'GUID: 423fac30406acf744931f0453db091bc - Path: Assets/GameScripts/GameLogic/HuntingInDarkness/Adapters/Unity/ContentTables' with importer (DefaultImporter)
Imported 'GUID: 423fac30406acf744931f0453db091bc' -> (Import Result ID: '8be6308d6ff76316dd04d4aeb8db6485') in 0.001 seconds [static dependencies only]. Details - ImportResultOutputID=eb7066be92ca315851a0bd8305252468 DependenciesID=0502b2b5d4ce35b5ee720e6d57a074ce StaticDependenciesID=dc6764a12c70f00b857d4096b7e6dcc6 
Importing 'GUID: 52e03bbdb03309344969d6fca4e65671 - Path: Assets/GameScripts/GameLogic/HuntingInDarkness/Content/Settlement/Hunters' with importer (DefaultImporter)
Imported 'GUID: 52e03bbdb03309344969d6fca4e65671' -> (Import Result ID: 'f6c7e2eaf3bf8aff8ddd8825b0b935ae') in 0.000 seconds [static dependencies only]. Details - ImportResultOutputID=1c1b91912205b5529cf067283dd30306 DependenciesID=2919b8328f682e84e96516f42114ebe6 StaticDependenciesID=d726f2ff06fe04826bed469e60333bd9 
Importing 'GUID: 1312e4d2aecfae8419da068f35d271d6 - Path: Assets/GameScripts/GameLogic/HuntingInDarkness/Content/Hunt/Events' with importer (DefaultImporter)
Imported 'GUID: 1312e4d2aecfae8419da068f35d271d6' -> (Import Result ID: 'dfaa44697b9ae964c52358227848f524') in 0.000 seconds [static dependencies only]. Details - ImportResultOutputID=f4d74fa6283a6e14431dae0fa1eab074 DependenciesID=d95ae62a2727e7e246f84bd1d3ddfe9b StaticDependenciesID=1db7a49bb937e3b1072ad33330e1adfa 
Importing 'GUID: 23035eaab7d1f024cb7e7b5bae9b078f - Path: Assets/ZFramework/Runtime/Module/LocalizationModule/Core/Utils' with importer (DefaultImporter)
Imported 'GUID: 23035eaab7d1f024cb7e7b5bae9b078f' -> (Import Result ID: '76f8a2333ac2036f3350def94de7cfaf') in 0.000 seconds [static dependencies only]. Details - ImportResultOutputID=f7c739d961e5cae55f83a0311ccfc864 DependenciesID=8c07bfd2042eb27066726f4f76fb2e78 StaticDependenciesID=83bdd9bd036065681b8c763db41817f9 
Importing 'GUID: 43887b7aef6e25348a0ded0d1274f363 - Path: Assets/GameScripts/GameLogic/HuntingInDarkness/Content/Settlement/Symptoms' with importer (DefaultImporter)
Imported 'GUID: 43887b7aef6e25348a0ded0d1274f363' -> (Import Result ID: 'f2c1498efa13ec56ae7f07eb067ceee4') in 0.001 seconds [static dependencies only]. Details - ImportResultOutputID=77ffb8bdca97e34c8734df524baba428 DependenciesID=5095ce1fc7dbb979e3bf3c8c17b5b181 StaticDependenciesID=8b1286dd05ea1be63b8eff7052acad21 
Importing 'GUID: 436e50c3a761f854d990f680fdf277ad - Path: Packages/com.tuyoogame.yooasset/Runtime/FileSystem/BundleResult/RawBundleResult/Operation' with importer (DefaultImporter)
Imported 'GUID: 436e50c3a761f854d990f680fdf277ad' -> (Import Result ID: '0ad3115f7c84f9bd38718ca29e3fe18e') in 0.000 seconds [static dependencies only]. Details - ImportResultOutputID=23049d7c7309c4f2c5631e0590e0eae8 DependenciesID=90b3ec6b7c025d2688432c3d0158fd3c StaticDependenciesID=d62c6f0eac2aa4c73c9c281bda8ed5ff 
Importing 'GUID: d330da9e94c94bf4b91bc345ad64aead - Path: Assets/GameScripts/GameLogic/HuntingInDarkness/SO/Boss/HitLocation' with importer (DefaultImporter)
Imported 'GUID: d330da9e94c94bf4b91bc345ad64aead' -> (Import Result ID: 'e1978d667bd0b3f12a223b679a2d2adc') in 0.001 seconds [static dependencies only]. Details - ImportResultOutputID=750a88eb7ecb0ad8f3efc6e0b36e2025 DependenciesID=8d118ea576329112ab498a5b3f512c12 StaticDependenciesID=b327d1fbcb6aed71473f9ea4d0eb9007 
Importing 'GUID: e310d20cf53709541bc66d1483afe627 - Path: Packages/com.tuyoogame.yooasset/Runtime/FileSystem/BundleResult/AssetBundleResult/Operation' with importer (DefaultImporter)
Imported 'GUID: e310d20cf53709541bc66d1483afe627' -> (Import Result ID: '80f8cc7143935109d3b71ebaa2b2080a') in 0.001 seconds [static dependencies only]. Details - ImportResultOutputID=b1462aa21d31bf989afdb474a82cc4ff DependenciesID=cac1fd2a03852340d76f91d062ba8fd8 StaticDependenciesID=d8f977014336a2966afc2bf16793639d 
Importing 'GUID: 141f7d1ebdf7cc147801aa711e29ac17 - Path: Packages/com.tuyoogame.yooasset/Editor/AssetBundleBuilder/BuildPipeline/RawFileBuildPipeline/BuildTasks' with importer (DefaultImporter)
Imported 'GUID: 141f7d1ebdf7cc147801aa711e29ac17' -> (Import Result ID: '330d8c97c7615d3e55f8255f577bc020') in 0.000 seconds [static dependencies only]. Details - ImportResultOutputID=9e7a83794c14a056e44f11f40761a32b DependenciesID=84ff3e38b722382c4482549a867df373 StaticDependenciesID=14034c43e8cf64c2f59d8beed29f0319 
Importing 'GUID: 24333a116497b144f9782b1160984b57 - Path: Packages/com.unity.ugui/Tests/Editor/UGUI/UI/PropertyDrawers' with importer (DefaultImporter)
Imported 'GUID: 24333a116497b144f9782b1160984b57' -> (Import Result ID: '2dc7399091e0517b2a785c08354a7c03') in 0.000 seconds [static dependencies only]. Details - ImportResultOutputID=ecae9bd5d0156d4f227ceb9a1d09b3a1 DependenciesID=0bda6461a458d12ad016ef9565e75c17 StaticDependenciesID=bb6c56836df00b4929f99e101b1619dd 
Importing 'GUID: 3414bfb159816a74f917270b7d48c25f - Path: Packages/com.tuyoogame.yooasset/Runtime/FileSystem/DefaultCacheFileSystem/Operation/internal' with importer (DefaultImporter)
Imported 'GUID: 3414bfb159816a74f917270b7d48c25f' -> (Import Result ID: 'a5e5a97ad1feb60c648c157ca7d690fd') in 0.000 seconds [static dependencies only]. Details - ImportResultOutputID=1ac74c2cd20a605b9abc7a8277a6d89e DependenciesID=d11415fdab3c744c5a5f030f27ab6a05 StaticDependenciesID=597d10b80490ab66f285eee5748943e8 
Importing 'GUID: 34584dbd536aa2947b4ec9a4f4899b21 - Path: Assets/GameScripts/GameLogic/HuntingInDarkness/ViewLayer/Settlement/Table3D' with importer (DefaultImporter)
Imported 'GUID: 34584dbd536aa2947b4ec9a4f4899b21' -> (Import Result ID: '16dc8e75e5e1de78ebfb8fb409435285') in 0.001 seconds [static dependencies only]. Details - ImportResultOutputID=712f4194369c1910a200af6d75ad095b DependenciesID=9df6dea206ca02cb79feded777181024 StaticDependenciesID=2120f7dc1e344874a57bcd6004b2fced 
Importing 'GUID: 64c9242d4708b1f47b1469897bbfe127 - Path: Packages/com.tuyoogame.yooasset/Editor/AssetBundleBuilder/BuildPipeline/ScriptableBuildPipeline/BuildTasks' with importer (DefaultImporter)
Imported 'GUID: 64c9242d4708b1f47b1469897bbfe127' -> (Import Result ID: 'edea53569da6135faa463c0ce8923da4') in 0.000 seconds [static dependencies only]. Details - ImportResultOutputID=90d348528f8baa8c6aa1a200de19130c DependenciesID=3904193cccaedb32bf0f5920c407ff07 StaticDependenciesID=feb85971232fce9c0d24e0b15c741984 
Importing 'GUID: 740054a8cc5248f4cbefed4c99654638 - Path: Assets/GameScripts/GameLogic/HuntingInDarkness/Adapters/Unity/Tests' with importer (DefaultImporter)
Imported 'GUID: 740054a8cc5248f4cbefed4c99654638' -> (Import Result ID: 'fb5bf0f8865f2ee638b74554f87a4a96') in 0.000 seconds [static dependencies only]. Details - ImportResultOutputID=e722f257a3a7c668f32d5d0bef118227 DependenciesID=f9254c57ecfd7acb410bdf70d2393e7c StaticDependenciesID=1a3753a6e10b25916f4b7e0957a491da 
Importing 'GUID: 742d7ad5c93326e43b64488e2072eba4 - Path: Assets/GameScripts/GameLogic/HuntingInDarkness/Content/Combat/PermanentInjuries' with importer (DefaultImporter)
Imported 'GUID: 742d7ad5c93326e43b64488e2072eba4' -> (Import Result ID: 'ca2c88f9792466922a1f167cbc391256') in 0.001 seconds [static dependencies only]. Details - ImportResultOutputID=1c23b0a4c2db14dd2beb82c21cb709b2 DependenciesID=58f0c9b38c40303385ac10173f1e2555 StaticDependenciesID=cbb4cb93e3274ca4d04c47be5ba387ea 
Importing 'GUID: e4ea0eed64f86c54c82153463d3773bf - Path: Packages/com.tuyoogame.yooasset/Mini Game/Runtime/TaptapFileSystem/Operation/internal' with importer (DefaultImporter)
Imported 'GUID: e4ea0eed64f86c54c82153463d3773bf' -> (Import Result ID: '4fdf43e4f3045385a8c35ae81093d929') in 0.000 seconds [static dependencies only]. Details - ImportResultOutputID=427bbe0a5e9d01770a734fd8817b0939 DependenciesID=306e13f604b237c1d6c3180f3dcebbaa StaticDependenciesID=128c0da38d46a79bd03a68ca4f13e895 
Importing 'GUID: 75c7654f6d20207418b4cbce1b29906d - Path: Assets/ZFramework/Runtime/Module/LocalizationModule/Core/LanguageSource' with importer (DefaultImporter)
Imported 'GUID: 75c7654f6d20207418b4cbce1b29906d' -> (Import Result ID: '0ddc9f5a2107788e942c93c176b88d9a') in 0.001 seconds [static dependencies only]. Details - ImportResultOutputID=636b6bde83e097da0c57aec69ec696d2 DependenciesID=c15f50170efefb3c22f18428c24add4f StaticDependenciesID=1ea606d8754d67f83cd8bbd4bd4ea323 
Importing 'GUID: 950b38743cf6b74419af76ab327206ed - Path: Packages/com.tuyoogame.yooasset/Editor/AssetBundleBuilder/BuildPipeline/BuiltinBuildPipeline/BuildTasks' with importer (DefaultImporter)
Imported 'GUID: 950b38743cf6b74419af76ab327206ed' -> (Import Result ID: 'b92e301ef052c94e7f326e004b6a587e') in 0.001 seconds [static dependencies only]. Details - ImportResultOutputID=4901db0825892117b9d2902299e802f7 DependenciesID=b2dd71205885748b8d4f12cbd8479d8c StaticDependenciesID=a1ddcedad8e2553e5804319a92575c6f 
Importing 'GUID: c66a0554b965494409dc89fac0f40db8 - Path: Assets/GameScripts/GameLogic/HuntingInDarkness/ViewLayer/Settlement/UI' with importer (DefaultImporter)
Imported 'GUID: c66a0554b965494409dc89fac0f40db8' -> (Import Result ID: 'baf41e4d50ab01f7674aedfa306cd107') in 0.000 seconds [static dependencies only]. Details - ImportResultOutputID=0cde800eae49a3c86188ca3c04f1872f DependenciesID=80ee610f0988609667d1cf3e7dfc9666 StaticDependenciesID=640c9abe0e186d90ccb6c6bdfedcdb7c 
Importing 'GUID: d63dd1a776d383248a21ec2a8a6e7868 - Path: Packages/com.unity.ugui/Runtime/UGUI/UI/Core/Utility' with importer (DefaultImporter)
Imported 'GUID: d63dd1a776d383248a21ec2a8a6e7868' -> (Import Result ID: '2eb8e9a16f13731db9e2d1fe4c3c981f') in 0.001 seconds [static dependencies only]. Details - ImportResultOutputID=c238abcbd70b2a0dc4dc3ba9d2c6093d DependenciesID=daabe81c4c44caa35dd0f26b2b867364 StaticDependenciesID=4ad9b6f4d006a5cf2c8e26f8661c2294 
Importing 'GUID: 17f613e74240e85458c1b552a8d88c71 - Path: Assets/GameScripts/GameLogic/HuntingInDarkness/SO/Weapon/Weapon Effects' with importer (DefaultImporter)
Imported 'GUID: 17f613e74240e85458c1b552a8d88c71' -> (Import Result ID: '0ef2c1f953127e3d765c3c042927005c') in 0.002 seconds [static dependencies only]. Details - ImportResultOutputID=30212fa78d439e5567c40cd77ad81b06 DependenciesID=c38076ba144c84a390c2eeb40792d90f StaticDependenciesID=2d83a0ab2153c333b7e87edf14e19031 
Importing 'GUID: 27ed3e221887b3544bd9d6505d4a789f - Path: Packages/com.unity.ugui/Runtime/UGUI/UI/Core/Culling' with importer (DefaultImporter)
Imported 'GUID: 27ed3e221887b3544bd9d6505d4a789f' -> (Import Result ID: 'd3e8f7d9175a68d933e1a16b315c4fc1') in 0.002 seconds [static dependencies only]. Details - ImportResultOutputID=56abe916306638a477b6ac3ba6307677 DependenciesID=9605105849fdfbc010a50f08324266eb StaticDependenciesID=4be71aedc9e6a448655fec461112fcee 
Importing 'GUID: a7542d638c6fbc045bb063291661415f - Path: Assets/GameScripts/GameLogic/HuntingInDarkness/GameplayBase/Config/CharacterConfig' with importer (DefaultImporter)
Imported 'GUID: a7542d638c6fbc045bb063291661415f' -> (Import Result ID: '2ab07368dcb1f9d68d1e48aa4b9bed13') in 0.001 seconds [static dependencies only]. Details - ImportResultOutputID=aa116e647437a158fedc57bee7e0e7bb DependenciesID=78222e5dbd9987a1fe3a93ef2d5e5194 StaticDependenciesID=c708bb384696dcb8dbda119576a36448 
Importing 'GUID: d74278745e8181045858bee3a6bb97f4 - Path: Assets/GameScripts/GameLogic/HuntingInDarkness/Adapters/Unity/ActionFlow' with importer (DefaultImporter)
Imported 'GUID: d74278745e8181045858bee3a6bb97f4' -> (Import Result ID: '854baf4617893bdc9f3f02648a7be4d6') in 0.001 seconds [static dependencies only]. Details - ImportResultOutputID=69a76dd80cda5dbf7464d2b34c97524b DependenciesID=9aadeae512b56436f6c3a38173dac3aa StaticDependenciesID=8ae9f89aebd62ba56771fa6b4becb785 
Importing 'GUID: 48768d529ff9e344b9fb4a1a4ce99378 - Path: Assets/GameScripts/GameLogic/HuntingInDarkness/SO/Boss/ActionCard' with importer (DefaultImporter)
Imported 'GUID: 48768d529ff9e344b9fb4a1a4ce99378' -> (Import Result ID: 'c834799e9f7e4258b4364446701d2445') in 0.001 seconds [static dependencies only]. Details - ImportResultOutputID=5d02110e72ddc592865b8c72d6ef9111 DependenciesID=aaa3728f9379a42402991f9092e02780 StaticDependenciesID=93c5602973ca3fcb3f838edb0a133379 
Importing 'GUID: 7818deb6c7fa2e04d97b9a5b27bad3f1 - Path: Assets/GameScripts/GameLogic/HuntingInDarkness/SO/Character/ActionCard SO' with importer (DefaultImporter)
Imported 'GUID: 7818deb6c7fa2e04d97b9a5b27bad3f1' -> (Import Result ID: 'e369b58a05d245f5f0087db1e7bd9a40') in 0.002 seconds [static dependencies only]. Details - ImportResultOutputID=f5d89f8f718e944f71f19efcbd646394 DependenciesID=7346e57f4e130e3c0e48a9227424cca9 StaticDependenciesID=0b1a48490a93880e9312b2758e30b9ec 
Importing 'GUID: a897ce2d5ed4bb04b9d61431896f8d65 - Path: Assets/GameScripts/GameLogic/HuntingInDarkness/Content/Settlement/Events' with importer (DefaultImporter)
Imported 'GUID: a897ce2d5ed4bb04b9d61431896f8d65' -> (Import Result ID: 'b74911e6fac78b0aa6690ed00a156387') in 0.000 seconds [static dependencies only]. Details - ImportResultOutputID=7c8abbf78030e85afe0201686237fb46 DependenciesID=0c493125fd63b42374bbe4ab2c64786c StaticDependenciesID=73bc4158743741b851e135bd638dc9e6 
Importing 'GUID: f8ed4321a98682942b9980996131cf26 - Path: Packages/com.unity.ugui/Runtime/UGUI/UI/Core/SpecializedCollections' with importer (DefaultImporter)
Imported 'GUID: f8ed4321a98682942b9980996131cf26' -> (Import Result ID: '739cbc192ac13cdfd02051b52853b92a') in 0.002 seconds [static dependencies only]. Details - ImportResultOutputID=d35aeaf4a8cadeb54cb7cfa1c1e01dd1 DependenciesID=c1d197430a25d7f437fef8bed3d924c0 StaticDependenciesID=d3973a57dd2d15ea2774273df9650488 
Importing 'GUID: 1999349e7f492c947bb6eb70f624382e - Path: Packages/com.unity.ugui/Runtime/UGUI/UI/Core/Layout' with importer (DefaultImporter)
Imported 'GUID: 1999349e7f492c947bb6eb70f624382e' -> (Import Result ID: '3c555a5a1eccc9e0d8ee3c0113267dc2') in 0.001 seconds [static dependencies only]. Details - ImportResultOutputID=1a984b17ea58808f819e522d983d3a34 DependenciesID=97fbc89ae918130132616e3b3b10bcf2 StaticDependenciesID=3ded4312b59864ab02f8ba2d119ec79c 
Importing 'GUID: b94d7bcfa19151046a1f0ed8e089a474 - Path: Packages/com.tuyoogame.yooasset/Mini Game/Runtime/AlipayFileSystem/Operation/internal' with importer (DefaultImporter)
Imported 'GUID: b94d7bcfa19151046a1f0ed8e089a474' -> (Import Result ID: 'e5e09dc414c9cb79daea516b7c5e6157') in 0.000 seconds [static dependencies only]. Details - ImportResultOutputID=1b3c758e878255e59a020278661fe1f2 DependenciesID=7670954ed7c560df8c71b566343e68b2 StaticDependenciesID=ddcf02614c27ac4058f94f15f34741ba 
Importing 'GUID: e9a025b9aaeb0314d97672ccc0848b79 - Path: Assets/GameScripts/GameLogic/HuntingInDarkness/Content/Combat/PlayableCharacterS' with importer (DefaultImporter)
Imported 'GUID: e9a025b9aaeb0314d97672ccc0848b79' -> (Import Result ID: '2fb3aabc7c508a62b45a546d520e1b27') in 0.002 seconds [static dependencies only]. Details - ImportResultOutputID=18e8ca7200eb990b48e08ac2e2ca4755 DependenciesID=fbaec59f84c0d19a11dd1bc0141b4f9e StaticDependenciesID=e69df1657fafb205f79346ad6945f209 
Importing 'GUID: 4a8f2b61b6e195e4392c3d5241992112 - Path: Assets/GameScripts/GameLogic/HuntingInDarkness/GameplayBase/Config/BossConfig' with importer (DefaultImporter)
Imported 'GUID: 4a8f2b61b6e195e4392c3d5241992112' -> (Import Result ID: '9967a3dc2e49063c8f6c8f959e8d5a6e') in 0.002 seconds [static dependencies only]. Details - ImportResultOutputID=b309c2e40df86eb15d53218633dfc9ad DependenciesID=057fca205cff811aa9e9e0fb89b5def9 StaticDependenciesID=e3b439378d3e59532257fd9c9d2d038c 
Importing 'GUID: 7a14c0de202607140000000000000008 - Path: Assets/GameScripts/GameLogic/HuntingInDarkness/Adapters/Unity/Combat' with importer (DefaultImporter)
Imported 'GUID: 7a14c0de202607140000000000000008' -> (Import Result ID: 'f4d56e75c75d70e4a2f9d5878c62d861') in 0.000 seconds [static dependencies only]. Details - ImportResultOutputID=560636e505547d78ab312c5ccec58e91 DependenciesID=3f311ba6d21c9bbb9b822524d9040f7e StaticDependenciesID=c543ae1c45ea45784b1990afdf579afb 
Importing 'GUID: 7a14c0de202607140000000000000009 - Path: Assets/GameScripts/GameLogic/HuntingInDarkness/Adapters/Unity/Board' with importer (DefaultImporter)
Imported 'GUID: 7a14c0de202607140000000000000009' -> (Import Result ID: '0266854d4fdad81680ebde43a577acce') in 0.000 seconds [static dependencies only]. Details - ImportResultOutputID=4c6d909914115ba3c02c54876d2751e3 DependenciesID=747ec6356bfb6a6aa58f2ffe69c6b739 StaticDependenciesID=d183a6deda3335f8db3d537814b4ab24 
Importing 'GUID: 7a892c920c8ad2848b469ec9579c5219 - Path: Packages/com.unity.ugui/Tests/Runtime/UGUI/EventSystem/InputModuleTests' with importer (DefaultImporter)
Imported 'GUID: 7a892c920c8ad2848b469ec9579c5219' -> (Import Result ID: '802cc4431449fddf7007e24fe27b1336') in 0.002 seconds [static dependencies only]. Details - ImportResultOutputID=65fc0fa1452fdf4535fd027d3e85177b DependenciesID=46d7167f0e8e2ea036fc41066557dee8 StaticDependenciesID=bf2cff228dfdc2c43f81045caaed2601 
Importing 'GUID: ba131beaf0aba9d4084aff4ea6e742c3 - Path: Assets/ZFramework/Runtime/Module/LocalizationModule/Core/Manager' with importer (DefaultImporter)
Imported 'GUID: ba131beaf0aba9d4084aff4ea6e742c3' -> (Import Result ID: '46642dd5b519b7f11a110cfef748fc82') in 0.001 seconds [static dependencies only]. Details - ImportResultOutputID=39c2933308867140a46ee538daf95407 DependenciesID=4a7b60e7a7f335fde4b93a7424d626ae StaticDependenciesID=cc35ddc6a27e6668fe7150cfca76f5d5 
Importing 'GUID: 3bf1e995386882f46bd7235bc299585a - Path: Assets/GameScripts/GameLogic/HuntingInDarkness/Content/Settlement/Tables' with importer (DefaultImporter)
Imported 'GUID: 3bf1e995386882f46bd7235bc299585a' -> (Import Result ID: 'be5944c21125cf73d08c91f1716f798d') in 0.000 seconds [static dependencies only]. Details - ImportResultOutputID=68ca81fb53d7a5ebffd06b404db07c33 DependenciesID=61d1c9aa9d50910d5196466be1ed94c1 StaticDependenciesID=efb50386f90a8bc84b544f8fab945703 
Importing 'GUID: 4b79b348c0308b348be4059557bf596e - Path: Assets/GameScripts/GameLogic/HuntingInDarkness/Content/Settlement/Growth' with importer (DefaultImporter)
Imported 'GUID: 4b79b348c0308b348be4059557bf596e' -> (Import Result ID: 'dce6e7e64bb00273ecc0e098360e3094') in 0.002 seconds [static dependencies only]. Details - ImportResultOutputID=62393b06bf9c3725b8cb0c645d34d69e DependenciesID=543067a5ee58509e64b2e9ef6d54d32e StaticDependenciesID=4557f65240ba2cf2c71d7b13785730aa 
Importing 'GUID: 5bc2beed3cc80e8439a87f474793c1ba - Path: Assets/GameScripts/GameLogic/HuntingInDarkness/Content/Combat/PlayableBoss' with importer (DefaultImporter)
Imported 'GUID: 5bc2beed3cc80e8439a87f474793c1ba' -> (Import Result ID: '6ca7e8bc926ecf4a8f58bbf39c1f9153') in 0.002 seconds [static dependencies only]. Details - ImportResultOutputID=01b9fae4d1db07acf2b597c7a5961962 DependenciesID=22398041e0475617e16effbb4ca3d8cb StaticDependenciesID=873f1493df958a8ea5abcbf42db1a3ea 
Importing 'GUID: 6bd63f637233421498d063674b4e851f - Path: Assets/GameScripts/GameLogic/HuntingInDarkness/Content/Combat/PlayableCards' with importer (DefaultImporter)
Imported 'GUID: 6bd63f637233421498d063674b4e851f' -> (Import Result ID: '7da86ae14e2f55395cdbed5a1f9795b9') in 0.002 seconds [static dependencies only]. Details - ImportResultOutputID=8d709f8a1ffb60409cb63d42c154a404 DependenciesID=2fec983971f6224871b5cf1307ca10ee StaticDependenciesID=de74d31863d35c454a0c026b206d02bf 
Importing 'GUID: 8b25c0de202607140000000000000001 - Path: Assets/GameScripts/GameLogic/HuntingInDarkness/Adapters/Unity/Hunt' with importer (DefaultImporter)
Imported 'GUID: 8b25c0de202607140000000000000001' -> (Import Result ID: 'e543a22d7cda06e4a7121109237dba02') in 0.000 seconds [static dependencies only]. Details - ImportResultOutputID=1a8bb256243465375f326a9b19915023 DependenciesID=3840cd5b8068272d89be175fd0c339eb StaticDependenciesID=bc8bb565a65f637c597abd53499a1553 
Importing 'GUID: 8b25c0de202607140000000000000002 - Path: Assets/GameScripts/GameLogic/HuntingInDarkness/Adapters/Unity/Persistence' with importer (DefaultImporter)
Imported 'GUID: 8b25c0de202607140000000000000002' -> (Import Result ID: '748bb7218c44eb9b009e0d8119df57e0') in 0.001 seconds [static dependencies only]. Details - ImportResultOutputID=38df43d64645793282b933fad5ef8193 DependenciesID=c240bbcd7a7659fe7b2ffdca3b24d8f0 StaticDependenciesID=9d962819d0ce63e46b773f9e9922632a 
Importing 'GUID: 8b25c0de202607140000000000000003 - Path: Assets/GameScripts/GameLogic/HuntingInDarkness/Adapters/Unity/Settlement' with importer (DefaultImporter)
Imported 'GUID: 8b25c0de202607140000000000000003' -> (Import Result ID: '6d20ea3eb0f31c3b497d48617a7c5a92') in 0.000 seconds [static dependencies only]. Details - ImportResultOutputID=937a72c386afee8f26b2091a4246454e DependenciesID=96a6f54e5006b9ea4b4fe9d181c5a385 StaticDependenciesID=1eceafbcb18de40418de4c415cdc4e6a 
Importing 'GUID: 8b25c0de20260714000000000000000c - Path: Assets/GameScripts/GameLogic/HuntingInDarkness/ViewLayer/Hunt/World' with importer (DefaultImporter)
Imported 'GUID: 8b25c0de20260714000000000000000c' -> (Import Result ID: '8012c402ba85e476c52cfa6a2e7fc20b') in 0.002 seconds [static dependencies only]. Details - ImportResultOutputID=c11d664d3dc655ee5ea1a09faf5cd723 DependenciesID=ef11494d2e40e30ab204c8f8f498eb7f StaticDependenciesID=38da4947cf75ff8a91ca6af169627db1 
Importing 'GUID: ebf0a44921250744888da8b9c621354d - Path: Assets/GameScripts/GameLogic/HuntingInDarkness/Adapters/Unity/Bootstrap' with importer (DefaultImporter)
Imported 'GUID: ebf0a44921250744888da8b9c621354d' -> (Import Result ID: '8eeef1a6c499abd4aa2422b793809df5') in 0.001 seconds [static dependencies only]. Details - ImportResultOutputID=f042782841b87708fc8d92116fe4e962 DependenciesID=72cd19adf0bff38b971b874dabb48147 StaticDependenciesID=175392f72aa86d8cd7e27e9c4eba1cba 
Importing 'GUID: fbb5ab8a40e51d44e956eb0f02012117 - Path: Assets/GameScripts/GameLogic/HuntingInDarkness/Content/Settlement/Progression' with importer (DefaultImporter)
Imported 'GUID: fbb5ab8a40e51d44e956eb0f02012117' -> (Import Result ID: '5d6ad76d0f10219ae6288424706009f2') in 0.002 seconds [static dependencies only]. Details - ImportResultOutputID=95e4c4a75036d2f60d5816f2e17b18b5 DependenciesID=7bb091eddde04091f3d48eb5501e2c09 StaticDependenciesID=1efbfea18851a52b833bf8231d0fbf76 
Importing 'GUID: 7c6295db74da28645bf49db58b7c9c65 - Path: Packages/com.unity.ugui/Runtime/UGUI/UI/Core/MaterialModifiers' with importer (DefaultImporter)
Imported 'GUID: 7c6295db74da28645bf49db58b7c9c65' -> (Import Result ID: 'e7736ac374982290b6ce0837b3f8a0a3') in 0.001 seconds [static dependencies only]. Details - ImportResultOutputID=d3c51eb5e7281175d51c01db2a8fe935 DependenciesID=9ef00a23da818626df348df6075d3c35 StaticDependenciesID=eb6fa335f0837c7f9b2fc3b2d0155f21 
Importing 'GUID: dda5008126b59ad4bad4c9d2626a2345 - Path: Assets/ZFramework/Runtime/Module/LocalizationModule/Core/Google' with importer (DefaultImporter)
Imported 'GUID: dda5008126b59ad4bad4c9d2626a2345' -> (Import Result ID: '55cb7a58208a1152e4fcdc89c5621643') in 0.001 seconds [static dependencies only]. Details - ImportResultOutputID=a61a38875416e96a85716b146a8d5545 DependenciesID=841360b49c8d61e037735b993b6130c9 StaticDependenciesID=9fe6d4243ed1d94ce1d9eda3155b0353 
Importing 'GUID: fdd2f077f7199a846a2d7f8677799230 - Path: Assets/GameScripts/GameLogic/HuntingInDarkness/Adapters/Unity/Data' with importer (DefaultImporter)
Imported 'GUID: fdd2f077f7199a846a2d7f8677799230' -> (Import Result ID: 'fa2586bee5fa3b8c658b4393055694d0') in 0.001 seconds [static dependencies only]. Details - ImportResultOutputID=e8647146d50eadfa9db0e0ac31af5c39 DependenciesID=e316e97ae8eb62992155a7231781e0aa StaticDependenciesID=c21c6879602b2952363fc2e7f70c9af9 
Importing 'GUID: 0e91f62e8fc7c1f4592681b7881ad925 - Path: Packages/com.tuyoogame.yooasset/Runtime/FileSystem/DefaultWebServerFileSystem/Operation/internal' with importer (DefaultImporter)
Imported 'GUID: 0e91f62e8fc7c1f4592681b7881ad925' -> (Import Result ID: '5aa1b2c2b5a8286c94674514cc800ffa') in 0.000 seconds [static dependencies only]. Details - ImportResultOutputID=f061964c13f2bdcb63e73fadf8a4a9a1 DependenciesID=34401f752211b22826b82bb18ad8c1b4 StaticDependenciesID=bb8e2d70198de6d6fcee59fe12b210e8 
Importing 'GUID: ae355ac40fd805244a9f48a19f395687 - Path: Assets/GameScripts/GameLogic/HuntingInDarkness/Content/Combat/Encounters' with importer (DefaultImporter)
Imported 'GUID: ae355ac40fd805244a9f48a19f395687' -> (Import Result ID: 'ec5e4721b15327f9330ddea5f2b67703') in 0.002 seconds [static dependencies only]. Details - ImportResultOutputID=fcff74688717784ebd01920e8a75d030 DependenciesID=c6b528768d2db7110d84713f81447511 StaticDependenciesID=b762a7565c3f400b9032632c6e47a52d 
Importing 'GUID: be1c19353672bb34ca3e4ddcb462402f - Path: Packages/com.tuyoogame.yooasset/Runtime/FileSystem/DefaultBuildinFileSystem/Operation/internal' with importer (DefaultImporter)
Imported 'GUID: be1c19353672bb34ca3e4ddcb462402f' -> (Import Result ID: '773dc3e5a4a5abd79a5116d6bcb97834') in 0.000 seconds [static dependencies only]. Details - ImportResultOutputID=b039ae10572cebb69013ced9b0ef18ea DependenciesID=1e6e6650ec1b6fd55b4c4dbc946a28e2 StaticDependenciesID=81b5ede3c970640921cf353d028a5870 
Importing 'GUID: 3fd307b5063003545a663ccbec226a23 - Path: Packages/com.tuyoogame.yooasset/Mini Game/Runtime/WechatFileSystem/Operation/internal' with importer (DefaultImporter)
Imported 'GUID: 3fd307b5063003545a663ccbec226a23' -> (Import Result ID: 'c04de5ee8aa163eb51e634017a98a855') in 0.000 seconds [static dependencies only]. Details - ImportResultOutputID=9ea793eb8faff9932d5e06549719d3cb DependenciesID=6f02993da4dba7101002ca6159378d0b StaticDependenciesID=e36df5638c58cea2101be9255306f903 
Importing 'GUID: 8f9a3530624fd5c47a2dc16eb641ddb8 - Path: Assets/ZFramework/Runtime/Module/LocalizationModule/Core/Configurables' with importer (DefaultImporter)
Imported 'GUID: 8f9a3530624fd5c47a2dc16eb641ddb8' -> (Import Result ID: '469bc390915b2314f0c069fad131dbea') in 0.001 seconds [static dependencies only]. Details - ImportResultOutputID=d1242917fc031b7ee943acea913a3e0e DependenciesID=ad33d2d045054f54a86a96374f9ae4f3 StaticDependenciesID=aa8bcecd74b6a3d1216cb5241c66e6dd 
Importing 'GUID: bfc171ea6a5b07143920f89446333ad4 - Path: Assets/GameScripts/GameLogic/HuntingInDarkness/GameCore/Tests/EditMode' with importer (DefaultImporter)
Imported 'GUID: bfc171ea6a5b07143920f89446333ad4' -> (Import Result ID: '3d38ef9143b4ab14d4d03b475a318f3b') in 0.001 seconds [static dependencies only]. Details - ImportResultOutputID=40ea412fd2ddfbb9959ed0ad6dea3355 DependenciesID=01c88068101fb0af72fcbe594560f859 StaticDependenciesID=e0018838fee9f4b6960bc9aac1777696 
Importing 'GUID: bf4324d68cd53144ab4cbc8d43584e9f - Path: Assets/GameScripts/GameLogic/HuntingInDarkness/Content/Hunt/Items' with importer (DefaultImporter)
Imported 'GUID: bf4324d68cd53144ab4cbc8d43584e9f' -> (Import Result ID: '4c7aae343ff27e1997a77bae7e8c61ae') in 0.001 seconds [static dependencies only]. Details - ImportResultOutputID=9298f28190f8f4f8b0fc83ab64f0b46a DependenciesID=003d9a1dee6165627dbec91167248d75 StaticDependenciesID=b3777b99f604cedcb21c08b60cdde487 
Importing 'GUID: cfa73a847eeff06448bb50a8ac6a94e0 - Path: Packages/com.unity.ugui/Runtime/UGUI/UI/Core/VertexModifiers' with importer (DefaultImporter)
Imported 'GUID: cfa73a847eeff06448bb50a8ac6a94e0' -> (Import Result ID: '9585c6555567fbf62cab3e462f0922ae') in 0.002 seconds [static dependencies only]. Details - ImportResultOutputID=ba0a329ea4dd35886e4a78d8110278b1 DependenciesID=d0c7fdf14efce3b29cba5c29a597b0d1 StaticDependenciesID=7dcbf999d7268fbe4858fb3ff5e69080 
Importing 'GUID: cf9de625784f5fe41a8d4fc53bf71ff0 - Path: Packages/com.tuyoogame.yooasset/Runtime/FileSystem/DefaultEditorFileSystem/Operation/internal' with importer (DefaultImporter)
Imported 'GUID: cf9de625784f5fe41a8d4fc53bf71ff0' -> (Import Result ID: 'c9db4b6e03c878db6621dcbb311e879a') in 0.000 seconds [static dependencies only]. Details - ImportResultOutputID=3bc9970455f0c162c072b3530c2e4a8e DependenciesID=c911294d1846527c621894ba6d6a3f03 StaticDependenciesID=20d60f1807ff8056c0ab1eb61317a2cd 
Importing 'GUID: 70bb6afef03a4ab89f0c7e0d1db27a17 - Path: Assets/GameScripts/GameLogic/HuntingInDarkness/Adapters/Unity/Bootstrap/ContentAssembly' with importer (DefaultImporter)
Imported 'GUID: 70bb6afef03a4ab89f0c7e0d1db27a17' -> (Import Result ID: '954a77cc97849ea5cf7843b4179799e9') in 0.001 seconds [static dependencies only]. Details - ImportResultOutputID=7c34a2de5c7672dd299ef7e30dba92c3 DependenciesID=9255e6ea067f9c4adf4438cd7bec1585 StaticDependenciesID=2a8fcd466b5de0cd0726c8e149ec350e 
Importing 'GUID: 90c17df9932944d080ea67c89316db12 - Path: Assets/GameScripts/GameLogic/HuntingInDarkness/Adapters/Unity/ActionFlow/Presentation' with importer (DefaultImporter)
Imported 'GUID: 90c17df9932944d080ea67c89316db12' -> (Import Result ID: '97fc924f63521fe86a28e15c9e1f078c') in 0.001 seconds [static dependencies only]. Details - ImportResultOutputID=e64365acad5c669d075592f101ac2194 DependenciesID=bd94b8bdea00992e9160800050dbeb6c StaticDependenciesID=b338c9b4009cca38a37e89b60c6dcc26 
Importing 'GUID: 11a1713d27179044bb80c31c9d902a28 - Path: Assets/GameScripts/GameLogic/HuntingInDarkness/Adapters/Unity/ActionFlow/Combat' with importer (DefaultImporter)
Imported 'GUID: 11a1713d27179044bb80c31c9d902a28' -> (Import Result ID: 'aa760472b7701e4b90519b4ac462c88a') in 0.000 seconds [static dependencies only]. Details - ImportResultOutputID=9ccebd134ef5604684e8a9f160f95839 DependenciesID=b6791b98bb50e488cefeeca6bc957f21 StaticDependenciesID=8d64eb74ce52fde49f2cca95a94c95f8 
Importing 'GUID: b168bd694c2a468449ac73b9bfbccff4 - Path: Assets/GameScripts/GameLogic/HuntingInDarkness/Adapters/Unity/ActionFlow/Campaign' with importer (DefaultImporter)
Imported 'GUID: b168bd694c2a468449ac73b9bfbccff4' -> (Import Result ID: 'd671b62ab90e468fc265f9e4f2fbe203') in 0.002 seconds [static dependencies only]. Details - ImportResultOutputID=85dea0278f93f1e4a05aa0a8f61ab6a0 DependenciesID=96182c0524d707714ed6290284dc31a8 StaticDependenciesID=78fc2e32e4123d75db4decb6e2f3720d 
Importing 'GUID: 129b20f35952139428ebb89d51e0e47a - Path: Assets/GameScripts/GameLogic/HuntingInDarkness/Content/Settlement/Progression/Inventions' with importer (DefaultImporter)
Imported 'GUID: 129b20f35952139428ebb89d51e0e47a' -> (Import Result ID: '6db4578959d29954d386b0b63a37d921') in 0.001 seconds [static dependencies only]. Details - ImportResultOutputID=588f21c0881ccaf7f937d5d96bcae5d0 DependenciesID=49589b595e1737e31243792aa620d927 StaticDependenciesID=fd22988353289356e26816ba2a0c96a6 
Importing 'GUID: 327a5eda763f15e4b8731eeb99822a2a - Path: Assets/GameScripts/GameLogic/HuntingInDarkness/Adapters/Unity/Settlement/Legacy' with importer (DefaultImporter)
Imported 'GUID: 327a5eda763f15e4b8731eeb99822a2a' -> (Import Result ID: '1ded98447d162ee66210f2e036a1de70') in 0.002 seconds [static dependencies only]. Details - ImportResultOutputID=1f47cd2414cb83843d2a5606064933aa DependenciesID=5445971332064f99f2fd405623e7d610 StaticDependenciesID=6ea9ac3c28a67227a7bcf34332f2a751 
Importing 'GUID: d2ae91693813fd5429ca844bbf5a5bdc - Path: Assets/GameScripts/GameLogic/HuntingInDarkness/Adapters/Unity/Combat/LegacyShowdown' with importer (DefaultImporter)
Imported 'GUID: d2ae91693813fd5429ca844bbf5a5bdc' -> (Import Result ID: '71a19228ee0dc796d13c6cf4afd197ee') in 0.001 seconds [static dependencies only]. Details - ImportResultOutputID=ef582fe6cec5c5c733fcd3e78a277c71 DependenciesID=ba58d23038c6649d23896a9f9127bab7 StaticDependenciesID=b5205ed688a3cf723a81bfbe5fd4280b 
Importing 'GUID: 53702b3baf9414c40b5b0b1b34e339f3 - Path: Assets/GameScripts/GameLogic/HuntingInDarkness/Adapters/Unity/ActionFlow/Events' with importer (DefaultImporter)
Imported 'GUID: 53702b3baf9414c40b5b0b1b34e339f3' -> (Import Result ID: '4eb71c581ac832823781db71cefe91b1') in 0.000 seconds [static dependencies only]. Details - ImportResultOutputID=6412a43563e751c72e9ba642c04a0791 DependenciesID=3033c2b19abb1aa7cd5f82262055dd4e StaticDependenciesID=d8acb3c90174bf2d778aba990b4ee5b2 
Importing 'GUID: e4f97a21a63918140a0c42e7863d0159 - Path: Assets/GameScripts/GameLogic/HuntingInDarkness/Adapters/Unity/ActionFlow/Inventions' with importer (DefaultImporter)
Imported 'GUID: e4f97a21a63918140a0c42e7863d0159' -> (Import Result ID: '486a6c897cbd90098de957dbaa2fefd6') in 0.000 seconds [static dependencies only]. Details - ImportResultOutputID=4d3b4d6a08e5530ee69fcadb4b325e3e DependenciesID=f22b57b36b7a99f2213ca3fb5e5d9b8e StaticDependenciesID=ec2fe10ffa5be0e8e203a1e83bf9489f 
Importing 'GUID: a5ce88e0b6b9a9a4a90239aa0766e880 - Path: Assets/GameScripts/GameLogic/HuntingInDarkness/Adapters/Unity/Board/LegacyContracts' with importer (DefaultImporter)
Imported 'GUID: a5ce88e0b6b9a9a4a90239aa0766e880' -> (Import Result ID: '7420ac541656d3123766c4fb4a060da3') in 0.002 seconds [static dependencies only]. Details - ImportResultOutputID=bc8eb9fc2a7a8cd63b9c9b5beab7bffe DependenciesID=47f085bd73813d80b4bd66b57055a123 StaticDependenciesID=a3ab3f98e2a76c9ee960760cf256262a 
Importing 'GUID: 07261ac24f1c62c41a4931c508114013 - Path: Assets/GameScripts/GameLogic/HuntingInDarkness/SO/Boss/HitLocation/HitLocations ScriptObjects' with importer (DefaultImporter)
Imported 'GUID: 07261ac24f1c62c41a4931c508114013' -> (Import Result ID: '2e5042c9d2d344031eecda217101380d') in 0.001 seconds [static dependencies only]. Details - ImportResultOutputID=86859a2bfdd0f6c4c7e3136f0b6a7a12 DependenciesID=ba91dc5fef1cfa2fd675d1482d7e3955 StaticDependenciesID=c893bbec0a18339ac91eac7673780c6c 
Importing 'GUID: 172d978435fcdf44aba1cae0b59c2592 - Path: Assets/GameScripts/GameLogic/HuntingInDarkness/Adapters/Unity/ActionFlow/Settlement' with importer (DefaultImporter)
Imported 'GUID: 172d978435fcdf44aba1cae0b59c2592' -> (Import Result ID: '91b58844c96185ef01598b5a11cf9ac8') in 0.001 seconds [static dependencies only]. Details - ImportResultOutputID=fbb1ee44d7fef25baa16b23515df658f DependenciesID=6220fad9817474d4cd6cb091519d63d5 StaticDependenciesID=240a7047476f59c428914611db1d0c3e 
Importing 'GUID: 270a52e479893ae4b9c30572fc03b727 - Path: Assets/GameScripts/GameLogic/HuntingInDarkness/SO/Boss/ActionCard/AttackEffects' with importer (DefaultImporter)
Imported 'GUID: 270a52e479893ae4b9c30572fc03b727' -> (Import Result ID: 'b6c34b8d2cd793c50aa4445a7952e02e') in 0.001 seconds [static dependencies only]. Details - ImportResultOutputID=f0799bf51d607e4ef039c3b3af21bdfb DependenciesID=8ab2f0deae2d13b41f6074b80bc657b9 StaticDependenciesID=ba57e500a81f14c4057f588076fa7be8 
Importing 'GUID: 779e4c7d99b80034393c073216bf40bd - Path: Assets/GameScripts/GameLogic/HuntingInDarkness/Content/Settlement/Progression/Items' with importer (DefaultImporter)
Imported 'GUID: 779e4c7d99b80034393c073216bf40bd' -> (Import Result ID: 'aba3d9e976ddf0833f97417a2ede52c3') in 0.001 seconds [static dependencies only]. Details - ImportResultOutputID=5b0a22e45603baf7e7a0f79feb3f5e32 DependenciesID=3a8d21309b789ec9e99d39131e0d5394 StaticDependenciesID=7ff3989c926e9074821edff278dbcc29 
Importing 'GUID: c8d3abcc28cc12f47baf68804313b6a8 - Path: Assets/GameScripts/GameLogic/HuntingInDarkness/Adapters/Unity/Hunt/Legacy' with importer (DefaultImporter)
Imported 'GUID: c8d3abcc28cc12f47baf68804313b6a8' -> (Import Result ID: 'e8a414f40cc78f514e7b11610f666082') in 0.000 seconds [static dependencies only]. Details - ImportResultOutputID=573cc7e214a8137c349074dcbb71d6df DependenciesID=db46c2861f436605d826bc8613fb5666 StaticDependenciesID=0f5b8a231a593052e8639bfc383a7ba9 
Importing 'GUID: 6996d42185c86654fa15e142d6fea3c2 - Path: Assets/GameScripts/GameLogic/HuntingInDarkness/SO/Boss/HitLocation/Effects' with importer (DefaultImporter)
Imported 'GUID: 6996d42185c86654fa15e142d6fea3c2' -> (Import Result ID: '743f53af2cf6335165103f71c1faf93f') in 0.000 seconds [static dependencies only]. Details - ImportResultOutputID=74d9aecab8ca680cdb4bca06f20319fa DependenciesID=4c43c8f102cbedaf08b80a8551b149b9 StaticDependenciesID=902cd7b7f12e38f7d5f270789bac0915 
Importing 'GUID: 6cb591b70b5575f428014fda814710ed - Path: Assets/GameScripts/GameLogic/HuntingInDarkness/Adapters/Unity/ActionFlow/Hunt' with importer (DefaultImporter)
Imported 'GUID: 6cb591b70b5575f428014fda814710ed' -> (Import Result ID: 'ea58d75979045d5b52511a280b24fb1f') in 0.000 seconds [static dependencies only]. Details - ImportResultOutputID=c965c37d80decaa79fcb45fefd063da5 DependenciesID=af6306b5b0b07bcf871de56b89d50611 StaticDependenciesID=aa1e09fd066ed1d26614875cb51198c8 
Importing 'GUID: 7cc1f8a18c7e295478b7ed89fedb6508 - Path: Assets/GameScripts/GameLogic/HuntingInDarkness/Content/Combat/PlayableBoss/HitLocations' with importer (DefaultImporter)
Imported 'GUID: 7cc1f8a18c7e295478b7ed89fedb6508' -> (Import Result ID: '7972049712d6cbb0d0c2735bf183e501') in 0.002 seconds [static dependencies only]. Details - ImportResultOutputID=7895085f34ffd0b63c3dc53433de6e6d DependenciesID=7708cd7f4ee1d2b337644a894680e5af StaticDependenciesID=200f0efdeda6881be26683bb4fc29284 
Importing 'GUID: 2dfa8fa78a8023149a5239bafef05a08 - Path: Assets/GameScripts/GameLogic/HuntingInDarkness/Adapters/Unity/Tests/EditMode' with importer (DefaultImporter)
Imported 'GUID: 2dfa8fa78a8023149a5239bafef05a08' -> (Import Result ID: 'e6f97098bbc658a8dd4ee529312ec6db') in 0.001 seconds [static dependencies only]. Details - ImportResultOutputID=d57c38fd76fadba8b4d854d8c2cc57e5 DependenciesID=d333f3b04f84dc730c077294311c416c StaticDependenciesID=50f5e75ed8efdd04323f859f55ab8fc7 
Importing 'GUID: ced98e358fe65df4cbd6bc3dafebf658 - Path: Assets/GameScripts/GameLogic/HuntingInDarkness/Adapters/Unity/Tests/PlayMode' with importer (DefaultImporter)
Imported 'GUID: ced98e358fe65df4cbd6bc3dafebf658' -> (Import Result ID: 'ae62d5f9446d017cc0b2d3a17ed8684e') in 0.001 seconds [static dependencies only]. Details - ImportResultOutputID=f565de594df88ed6ffd4a811d5b26e6a DependenciesID=16836416ea737189fc401d7cb828a965 StaticDependenciesID=21913ffabf24def70829ff76cdd065ea 
Importing 'GUID: 2374bac0d82fe234b93e42e89a5c64cb - Path: Assets/GameScripts/GameLogic/HuntingInDarkness/Adapters/Unity/Combat/LegacyShowdown/Cards' with importer (DefaultImporter)
Imported 'GUID: 2374bac0d82fe234b93e42e89a5c64cb' -> (Import Result ID: '968fbe17b59c4b9bcf37f8fe06df1ded') in 0.000 seconds [static dependencies only]. Details - ImportResultOutputID=aab1abf439249038161bc7e7b1d9c7e9 DependenciesID=051d24bd023f1138a253949179f0419c StaticDependenciesID=ae8fd01bc63bb13ef720bf819ddb8983 
Importing 'GUID: 159fbeb6c374d5248a009de733edf703 - Path: Assets/GameScripts/GameLogic/HuntingInDarkness/Adapters/Unity/Combat/LegacyShowdown/Cards/FlipConditions' with importer (DefaultImporter)
Imported 'GUID: 159fbeb6c374d5248a009de733edf703' -> (Import Result ID: '94967a98b7d302efda32656e59305706') in 0.002 seconds [static dependencies only]. Details - ImportResultOutputID=4aadc304783e5c4b5ec6131c87c36a9c DependenciesID=b15ed0d61cd9a4da9ff7855f6681df76 StaticDependenciesID=193d2b6e174815986994d44965d7b29c 
Importing 'GUID: c535053347d92324dbb8fc1b9da4f991 - Path: Assets/GameScripts/GameLogic/HuntingInDarkness/Adapters/Unity/Combat/LegacyShowdown/Cards/HitLocationCard' with importer (DefaultImporter)
Imported 'GUID: c535053347d92324dbb8fc1b9da4f991' -> (Import Result ID: 'd015e6017d1caba67cde64f0ee38054f') in 0.002 seconds [static dependencies only]. Details - ImportResultOutputID=1d199a1e3d4bf25dc7b8f597fb648129 DependenciesID=729bbb02ef6553a87446be504b43c109 StaticDependenciesID=8c938b6ae5e0839b4233cc613c659338 
Importing 'GUID: 3620ddd53a85d404f91bdd9cdba0826c - Path: Assets/GameScripts/GameLogic/HuntingInDarkness/Adapters/Unity/Combat/LegacyShowdown/Cards/Effect' with importer (DefaultImporter)
Imported 'GUID: 3620ddd53a85d404f91bdd9cdba0826c' -> (Import Result ID: '53cc1eaf56d8663c2dd2578abb2222af') in 0.002 seconds [static dependencies only]. Details - ImportResultOutputID=1d262ecd233978c4962f7d60e6c1cb65 DependenciesID=5c6a36c0f1d5e5099e7459bbcad5682c StaticDependenciesID=862aff1aa59415a70669e81bc34f81b5 
Importing 'GUID: aabb7eb42556cce43ab6cc5c11b4b814 - Path: Assets/GameScripts/GameLogic/HuntingInDarkness/Adapters/Unity/Combat/LegacyShowdown/Cards/CharacterActionCard' with importer (DefaultImporter)
Imported 'GUID: aabb7eb42556cce43ab6cc5c11b4b814' -> (Import Result ID: '0f381b0057daa457e18279961664689e') in 0.002 seconds [static dependencies only]. Details - ImportResultOutputID=7c962ddeecf85ce1d22bbdc618256589 DependenciesID=3290246ebc092e973ea03d5495a354fd StaticDependenciesID=5b3d5b843b06a36ffdeb449bfd686cba 
Importing 'GUID: 2bbbeb364b04fd643863e1ea8730fe39 - Path: Assets/GameScripts/GameLogic/HuntingInDarkness/Adapters/Unity/Combat/LegacyShowdown/Cards/HunterActionCard' with importer (DefaultImporter)
Imported 'GUID: 2bbbeb364b04fd643863e1ea8730fe39' -> (Import Result ID: 'bc7502242211e9a6922374aa4d7eadd8') in 0.001 seconds [static dependencies only]. Details - ImportResultOutputID=8b6f0563417af28879d913358dd459a1 DependenciesID=bd75f220f2ff4dee49b22829e00890e6 StaticDependenciesID=7ee6d9e9086d778e7995b84f4ffc03ab 
Importing 'GUID: 5b7e2d4d668f67044a1ae4601c2cef42 - Path: Assets/GameScripts/GameLogic/HuntingInDarkness/Adapters/Unity/Combat/LegacyShowdown/Cards/BossActionCard' with importer (DefaultImporter)
Imported 'GUID: 5b7e2d4d668f67044a1ae4601c2cef42' -> (Import Result ID: '4ee8cb660cadc15fb0c96d3b8f788993') in 0.002 seconds [static dependencies only]. Details - ImportResultOutputID=d1ef3f732752690c44bf560fb05c1c14 DependenciesID=2b0e69f8b72c719a51966c13e349ab6e StaticDependenciesID=867ab71490ba6217666bfdef24269eb5 
Importing 'GUID: 6055be8ebefd69e48b49212b09b47b2f - Path: Packages/com.unity.ugui/Runtime/TMP/Unity.TextMeshPro.asmdef' with importer (AssemblyDefinitionImporter)
Imported 'GUID: 6055be8ebefd69e48b49212b09b47b2f' -> (Import Result ID: 'b15424de3bf38202fb082181c8731844') in 0.002 seconds [static dependencies only]. Details - ImportResultOutputID=541b2a82a300c713c8a02120fb24a4f9 DependenciesID=cccdcc6e91e1806decf5c7d40956e288 StaticDependenciesID=fc0f2a0a28c6982ce4ecc9b407800a0e 
Importing 'GUID: 4129704b5a1a13841ba16f230bf24a57 - Path: Packages/com.cysharp.unitask/Editor/UniTask.Editor.asmdef' with importer (AssemblyDefinitionImporter)
Imported 'GUID: 4129704b5a1a13841ba16f230bf24a57' -> (Import Result ID: '334669b7854491b2cd0739a6f6d861a1') in 0.002 seconds [static dependencies only]. Details - ImportResultOutputID=98729eaf80a3c53b4c5b57dd86e89191 DependenciesID=1d18e7f3583250b01fb847e152511922 StaticDependenciesID=ad7066642e6957a8f06ec57edf471342 
Importing 'GUID: 9126d35f5327b1842b5af7710365c6ba - Path: Assets/GameScripts/GameLogic/HuntingInDarkness/GameCore/Tests/EditMode/HuntingInDarkness.GameCore.EditModeTests.asmdef' with importer (AssemblyDefinitionImporter)
Imported 'GUID: 9126d35f5327b1842b5af7710365c6ba' -> (Import Result ID: '46c10de546472a1db41f519bbafe069d') in 0.001 seconds [static dependencies only]. Details - ImportResultOutputID=7796271b234893f2ca9dc0eeb2d5cab4 DependenciesID=83c65088efe2254b7694143dd1dd426d StaticDependenciesID=f5c1586f051967b59d151f66b96ed67f 
Importing 'GUID: 0244ca4987514734a84f74195d54113d - Path: Packages/com.unity.scriptablebuildpipeline/Tests/Editor/Unity.ScriptableBuildPipeline.Editor.Tests.asmdef' with importer (AssemblyDefinitionImporter)
Imported 'GUID: 0244ca4987514734a84f74195d54113d' -> (Import Result ID: 'ed54768c2dc0c9d3e5d6ff1866b3205b') in 0.001 seconds [static dependencies only]. Details - ImportResultOutputID=b29d449f8152488c4792fcad5612c620 DependenciesID=e0c91cd2df8ec4d304cee24a949de1dc StaticDependenciesID=d1b4f0460e6c6e902d8f1874e140e516 
Importing 'GUID: 029c1c1b674aaae47a6841a0b89ad80e - Path: Packages/com.cysharp.unitask/Runtime/External/DOTween/UniTask.DOTween.asmdef' with importer (AssemblyDefinitionImporter)
Imported 'GUID: 029c1c1b674aaae47a6841a0b89ad80e' -> (Import Result ID: 'a067b2d7c848500c51b88eac15f85ee5') in 0.002 seconds [static dependencies only]. Details - ImportResultOutputID=2796e81dfdeea704be187b88bb97dff5 DependenciesID=523fc8aea0e2c165cd2125059bda2945 StaticDependenciesID=63d9cd6896b8448da577827a599f51b9 
Importing 'GUID: 1278a46ce459c5a46b4eaeda148684ef - Path: Packages/com.cysharp.unitask/Runtime/External/YooAsset/UniTask.YooAsset.asmdef' with importer (AssemblyDefinitionImporter)
Imported 'GUID: 1278a46ce459c5a46b4eaeda148684ef' -> (Import Result ID: 'db84df7d5f19077e8dd3627274045592') in 0.001 seconds [static dependencies only]. Details - ImportResultOutputID=e969e4a7f59a0b94710a0f430f86585d DependenciesID=18a2c58cf0b31a0717e21160c8d27987 StaticDependenciesID=d4171103265461539322d155ea6f8361 
Importing 'GUID: 3331bc437f3a24586b7e86e7bdd62b5e - Path: Packages/com.leonz.z-editor-tools/Editor/vFolders/VFolders.asmdef' with importer (AssemblyDefinitionImporter)
Imported 'GUID: 3331bc437f3a24586b7e86e7bdd62b5e' -> (Import Result ID: '478da311120da0a03da5433eb5093af2') in 0.001 seconds [static dependencies only]. Details - ImportResultOutputID=32a619b56e8d9d3eadaf176b113d883d DependenciesID=90757e7520cf82c9c013fb6d2c4df7c2 StaticDependenciesID=0e70b8cc668dc16a3b62713a79abf24d 
Importing 'GUID: 43b111c4a445f446abd2c02e77750ff5 - Path: Packages/com.unity.ugui/Runtime/InternalBridge/Unity.InternalAPIEngineBridge.004.asmdef' with importer (AssemblyDefinitionImporter)
Imported 'GUID: 43b111c4a445f446abd2c02e77750ff5' -> (Import Result ID: '401de1f962a758d51a1de08c81f6cd9a') in 0.001 seconds [static dependencies only]. Details - ImportResultOutputID=8c3a5df3965578a47b17aa72b16192f2 DependenciesID=63b4212e711f01176c8ecfb680875160 StaticDependenciesID=c272e23e455befebe93940c729d11737 
Importing 'GUID: 8394c018a82352f41ae354f7bdad54e3 - Path: Packages/com.unity.ugui/Editor/Analytics/UnityEditor.UI.Analytics.asmdef' with importer (AssemblyDefinitionImporter)
Imported 'GUID: 8394c018a82352f41ae354f7bdad54e3' -> (Import Result ID: '5f23c95933e2e72847752f1975b01fdb') in 0.002 seconds [static dependencies only]. Details - ImportResultOutputID=6d32872d2527bee86ba217c72ed92cc2 DependenciesID=fefff6fa5f4f9e5d88eea5e19c987a42 StaticDependenciesID=c4c76dd520faf1acd3fa0386fe926c3d 
Importing 'GUID: 839b8c2cb327b8a43afe86fd33563571 - Path: Packages/com.tuyoogame.yooasset/Mini Game/Runtime/YooAsset.MiniGame.asmdef' with importer (AssemblyDefinitionImporter)
Imported 'GUID: 839b8c2cb327b8a43afe86fd33563571' -> (Import Result ID: 'aaa9f588bc5c89978e1dba576df6748d') in 0.001 seconds [static dependencies only]. Details - ImportResultOutputID=419654e50a7db8ed87c9d7ddac71bd5e DependenciesID=88ed2d9e1e824fe14b2c06170b0f04f6 StaticDependenciesID=20f0835c13ccd85c891bb4e0f1e33e9c 
Importing 'GUID: a303361e12e52464c8b1f2c2cf43609d - Path: Assets/TurnBasedPack/PreviewSystem/Tests/Editor/PreviewSystem.EditorTests.asmdef' with importer (AssemblyDefinitionImporter)
Imported 'GUID: a303361e12e52464c8b1f2c2cf43609d' -> (Import Result ID: '09eda8f51cddbe42ad91a1b4ba9ca497') in 0.002 seconds [static dependencies only]. Details - ImportResultOutputID=69b9613f653fc6e42d2e734189725a2e DependenciesID=7349a46913c1e3f80b8947158a4af880 StaticDependenciesID=73f1fa345167fb31b6ee8ab006e1d2e2 
Importing 'GUID: b3d0096afb8b48f4c88de2672cc76462 - Path: Packages/com.unity.scriptablebuildpipeline/Tests/Runtime/TestAssets/Unity.ScriptableBuildPipelineTests.Runtime.Tests.asmdef' with importer (AssemblyDefinitionImporter)
Imported 'GUID: b3d0096afb8b48f4c88de2672cc76462' -> (Import Result ID: 'c8e4918c4e2c33c530c966438c6b0724') in 0.001 seconds [static dependencies only]. Details - ImportResultOutputID=af7b1df14ae7bb642522decc7803f9ab DependenciesID=629d74521bbf6ca613e41700a77871a6 StaticDependenciesID=85be33faa68eb7be18e8ad3ef1a10b87 
Importing 'GUID: e34a5702dd353724aa315fb8011f08c3 - Path: Packages/com.tuyoogame.yooasset/Runtime/YooAsset.asmdef' with importer (AssemblyDefinitionImporter)
Imported 'GUID: e34a5702dd353724aa315fb8011f08c3' -> (Import Result ID: 'b0950dbb98c2aa506e9738518e3317e6') in 0.002 seconds [static dependencies only]. Details - ImportResultOutputID=2fe6fd520299d97ba9ddf1e43fb14bd7 DependenciesID=14c13041f7d997196b6d00ff51371af0 StaticDependenciesID=bb508b679975a92a1a6fe19643df1a3d 
Importing 'GUID: f305efc215c7f9f40a757f642c446f76 - Path: Assets/TurnBasedPack/ActionQueue/Tests/Editor/ActionQueue.EditorTests.asmdef' with importer (AssemblyDefinitionImporter)
Imported 'GUID: f305efc215c7f9f40a757f642c446f76' -> (Import Result ID: '53ef1e288c7ca908b681fef5a7168eb0') in 0.001 seconds [static dependencies only]. Details - ImportResultOutputID=2d9dfca5f21b07519f6873d58fc77da9 DependenciesID=a615034365704d4d6d9773c652ca7ab2 StaticDependenciesID=47cef68d8583d80743fce9e8b5e30db6 
Importing 'GUID: 24c092aee38482f4e80715eaa8148782 - Path: Assets/ZFramework/Runtime/ZFramework.Runtime.asmdef' with importer (AssemblyDefinitionImporter)
Imported 'GUID: 24c092aee38482f4e80715eaa8148782' -> (Import Result ID: 'e956b4bef61f242bd6757a4c9fa0d24e') in 0.002 seconds [static dependencies only]. Details - ImportResultOutputID=94a99a4cd2b15f49de0ef09cd3cb1390 DependenciesID=6b8883d56737c92619f324bb3de05a53 StaticDependenciesID=c7d8eee4c2acc54851c59058b1b23021 
Importing 'GUID: 343deaaf83e0cee4ca978e7df0b80d21 - Path: Packages/com.unity.ugui/Editor/UGUI/UnityEditor.UI.asmdef' with importer (AssemblyDefinitionImporter)
Imported 'GUID: 343deaaf83e0cee4ca978e7df0b80d21' -> (Import Result ID: 'cbca1c363850f7944b9325b3690199e1') in 0.001 seconds [static dependencies only]. Details - ImportResultOutputID=80f05667bf02ba97735e00fb392e42b7 DependenciesID=212dc8266471c80a18f9ed01e6c15a3b StaticDependenciesID=4d18829651646562fe653ae47bdfb838 
Importing 'GUID: 34ae2d6806a5b6844bd792301f0b3da1 - Path: Assets/TurnBasedPack/PreviewSystem/Runtime/PreviewSystem.Runtime.asmdef' with importer (AssemblyDefinitionImporter)
Imported 'GUID: 34ae2d6806a5b6844bd792301f0b3da1' -> (Import Result ID: '71a0115856678b6003bb3a6c008ff46d') in 0.002 seconds [static dependencies only]. Details - ImportResultOutputID=86a599607b960f2d2ef6d8d437c2c31f DependenciesID=de93f8cc2a075abe5114137fbc8c4229 StaticDependenciesID=6f15825c66462f834221e1fd463fd907 
Importing 'GUID: 64690e3504174452ba6810e3df2127ee - Path: Packages/com.leonz.z-editor-tools/Editor/Settings/ZEditorToolsSettings.asmdef' with importer (AssemblyDefinitionImporter)
Imported 'GUID: 64690e3504174452ba6810e3df2127ee' -> (Import Result ID: 'c17a35e71b890230e91dd00efbec7b2d') in 0.002 seconds [static dependencies only]. Details - ImportResultOutputID=119775fc0026baedc92a918ee67b272a DependenciesID=1d68c6a0501e35a055db7136d64f562f StaticDependenciesID=271adc4e914caa2dfca3105de111474d 
Importing 'GUID: b4b261bbc9d07f7478870accef57f01b - Path: Assets/TurnBasedPack/PresentationSystem/Runtime/PresentationSystem.Runtime.asmdef' with importer (AssemblyDefinitionImporter)
Imported 'GUID: b4b261bbc9d07f7478870accef57f01b' -> (Import Result ID: '2f6825eea9dbc67a713d164869023879') in 0.001 seconds [static dependencies only]. Details - ImportResultOutputID=3b5e86e4934107b4371eb2b8be799507 DependenciesID=de32e3e030b9ed9dc8f129266fea13e7 StaticDependenciesID=2ffae33bc2e524dc1de2a09616891d91 
Importing 'GUID: 05242c3d99f24a74f99cc20369fcb344 - Path: Packages/com.unity.ugui/Tests/Editor/Common/UnityEditor.UI.Common.Tests.asmdef' with importer (AssemblyDefinitionImporter)
Imported 'GUID: 05242c3d99f24a74f99cc20369fcb344' -> (Import Result ID: '411078353c21a9dc0f08b98dab728422') in 0.002 seconds [static dependencies only]. Details - ImportResultOutputID=13355475c8cf726890e4967ddaff5c0e DependenciesID=b61199a2ddd008bef28cb6fd3383e619 StaticDependenciesID=b0e9ed9b1a013087770c88e0f15302f7 
Importing 'GUID: 557be687abf648243954f8730f44bef0 - Path: Assets/TurnBasedPack/ActionQueue/Editor/ActionQueue.Editor.asmdef' with importer (AssemblyDefinitionImporter)
Imported 'GUID: 557be687abf648243954f8730f44bef0' -> (Import Result ID: '0f031915e84b9843c70c3e30cc379164') in 0.001 seconds [static dependencies only]. Details - ImportResultOutputID=0225be5f70dd75255fbdf8730b732aa7 DependenciesID=0fe089f75b93ecfcc7c627bab03185a6 StaticDependenciesID=772276bcebef3af5cc023c7e299699db 
Importing 'GUID: 6546d7765b4165b40850b3667f981c26 - Path: Packages/com.unity.ugui/Editor/TMP/Unity.TextMeshPro.Editor.asmdef' with importer (AssemblyDefinitionImporter)
Imported 'GUID: 6546d7765b4165b40850b3667f981c26' -> (Import Result ID: '7f3a17455aca231f3d6b2ff2591ed346') in 0.002 seconds [static dependencies only]. Details - ImportResultOutputID=36008b569067be9a06f56cb2b5d49597 DependenciesID=fa6f3ced3bcb67023f3172d7f6c027f3 StaticDependenciesID=503ae92566f2bccec93afe511fb64823 
Importing 'GUID: 656e461844099ae43a609ff6109b0877 - Path: Packages/com.unity.ugui/Tests/Editor/TMP/Unity.TextMeshPro.Editor.Tests.asmdef' with importer (AssemblyDefinitionImporter)
Imported 'GUID: 656e461844099ae43a609ff6109b0877' -> (Import Result ID: '8bd7b8742ca2e96ae64c8902d8c5ccc1') in 0.001 seconds [static dependencies only]. Details - ImportResultOutputID=167b54fc7ec77217dc4d1af00b101ec3 DependenciesID=09af9f93edddde64cc3ffb208a851f18 StaticDependenciesID=27c4ae2558764017965997b41cfcef68 
Importing 'GUID: c57630adab7a340ec94f10e4fcac12f1 - Path: Packages/com.unity.ai.navigation/Editor/ConversionSystem/Unity.AI.Navigation.Editor.ConversionSystem.asmdef' with importer (AssemblyDefinitionImporter)
Imported 'GUID: c57630adab7a340ec94f10e4fcac12f1' -> (Import Result ID: '04e4af3d3f630b7940768a53274f77ca') in 0.002 seconds [static dependencies only]. Details - ImportResultOutputID=7ecadd3e2629487653aecba37d94af96 DependenciesID=c3ad48b6335cfc82efeafa2086336567 StaticDependenciesID=dfd5964b5fcbbd9118eaa7050e310bbd 
Importing 'GUID: c5ecc461727906345a35491a0440694f - Path: Packages/com.unity.scriptablebuildpipeline/Editor/Unity.ScriptableBuildPipeline.Editor.asmdef' with importer (AssemblyDefinitionImporter)
Imported 'GUID: c5ecc461727906345a35491a0440694f' -> (Import Result ID: 'fd9bf73b88907116c2643c695d3925b4') in 0.001 seconds [static dependencies only]. Details - ImportResultOutputID=26ae9b1de81a9648778d54fddfebbc3b DependenciesID=1f0872dead47cf969ce6d0e7b4556fbf StaticDependenciesID=dfc90e44906d71fa5439eca993455c5c 
Importing 'GUID: d528c8c98d269ca44a06cd9624a03945 - Path: Packages/com.unity.ide.rider/Rider/Editor/com.unity.ide.rider.asmdef' with importer (AssemblyDefinitionImporter)
Imported 'GUID: d528c8c98d269ca44a06cd9624a03945' -> (Import Result ID: '918a27e9f97c467948bfa76a0acbb19f') in 0.002 seconds [static dependencies only]. Details - ImportResultOutputID=e6467bc230ff3dad68f2fce3fca52128 DependenciesID=c6e1ca58fa49997b46f298d397ca3f5d StaticDependenciesID=a2aac8326665499a475f34f236548f44 
Importing 'GUID: d5e87f5147994b4198a38ec86075dd18 - Path: Assets/GameScripts/GameLogic/HuntingInDarkness/Adapters/Unity/Tests/PlayMode/HuntingInDarkness.Adapter.PlayModeTests.asmdef' with importer (AssemblyDefinitionImporter)
Imported 'GUID: d5e87f5147994b4198a38ec86075dd18' -> (Import Result ID: '9e5d322e83c62da8f6827fb92f911cb5') in 0.002 seconds [static dependencies only]. Details - ImportResultOutputID=0d922ff1dab09ab0c7388a0511a607f6 DependenciesID=fcd592abbd4f9d622198cd3486b47133 StaticDependenciesID=abae6f032e3ea6e68f9a1b6ab8a05e44 
Importing 'GUID: f51ebe6a0ceec4240a699833d6309b23 - Path: Packages/com.cysharp.unitask/Runtime/UniTask.asmdef' with importer (AssemblyDefinitionImporter)
Imported 'GUID: f51ebe6a0ceec4240a699833d6309b23' -> (Import Result ID: '14fe3bc5dc4e5018374032cf0f07deb3') in 0.002 seconds [static dependencies only]. Details - ImportResultOutputID=497834acdaa95e5ea3d3413524cc6e98 DependenciesID=26660bff4318c9dff6accbd2ae54949f StaticDependenciesID=54ba99895b37137b24a233892116e7c7 
Importing 'GUID: 06ab1c341392b4a318f67b84e0da6aab - Path: Packages/com.leonz.z-editor-tools/Editor/vTabs/VTabs.asmdef' with importer (AssemblyDefinitionImporter)
Imported 'GUID: 06ab1c341392b4a318f67b84e0da6aab' -> (Import Result ID: '1a2f707d5a4a85cfbd67ccaa5f8eef44') in 0.002 seconds [static dependencies only]. Details - ImportResultOutputID=acb4d372aa1dc8864d7633ebb24bcb6f DependenciesID=c3cfc3417ce596f3a36be4b16fe0b5bf StaticDependenciesID=0886be4d5743d38f95999cdb00ab561d 
Importing 'GUID: 1664e92176d434ccd902c1705fefe682 - Path: Packages/com.unity.ai.navigation/Editor/Updater/Unity.AI.Navigation.Updater.asmdef' with importer (AssemblyDefinitionImporter)
Imported 'GUID: 1664e92176d434ccd902c1705fefe682' -> (Import Result ID: 'b8c785bace4a9f57b012f600569db143') in 0.002 seconds [static dependencies only]. Details - ImportResultOutputID=8794ef5d05da2425275f50bd5e936d4f DependenciesID=360bb43d012bd475d3ec3459c6430421 StaticDependenciesID=fa5d3f177026fc2b82fdc55ac0d5079e 
Importing 'GUID: 7654df4fc6fd1a04d9c33ae121da2b9c - Path: Assets/TurnBasedPack/BuffSystem/ActionQueueAdapter/BuffSystem.ActionQueueAdapter.asmdef' with importer (AssemblyDefinitionImporter)
Imported 'GUID: 7654df4fc6fd1a04d9c33ae121da2b9c' -> (Import Result ID: 'c9aaeaa3ce133289d16b0899f0b4bf55') in 0.002 seconds [static dependencies only]. Details - ImportResultOutputID=3f1fb263f003059035d42f73434950a4 DependenciesID=99f0c11b688d3ce66a71441da8a36dea StaticDependenciesID=f56adb65fdb70fc9cf315c2ff6516397 
Importing 'GUID: 86c9d8e67265f41469be06142c397d17 - Path: Packages/com.unity.ai.navigation/Editor/Unity.AI.Navigation.Editor.asmdef' with importer (AssemblyDefinitionImporter)
Imported 'GUID: 86c9d8e67265f41469be06142c397d17' -> (Import Result ID: '34285ec137779d3d13abbb4ad4e16ae1') in 0.002 seconds [static dependencies only]. Details - ImportResultOutputID=0d5ebe67689f0fc016a303f4503766fe DependenciesID=7b4cb9165de0528695dfcd298644c714 StaticDependenciesID=3e906b47129ed9c1252c3e72ec9916b3 
Importing 'GUID: 27619889b8ba8c24980f49ee34dbb44a - Path: Packages/com.unity.test-framework/UnityEngine.TestRunner/UnityEngine.TestRunner.asmdef' with importer (AssemblyDefinitionImporter)
Imported 'GUID: 27619889b8ba8c24980f49ee34dbb44a' -> (Import Result ID: '44a2ef9c54e2780d23d18d8243a3fb6e') in 0.002 seconds [static dependencies only]. Details - ImportResultOutputID=bfe8817c132749abfcb34092c3666f8e DependenciesID=348cadff89186dcb79b5ccf9bf27ec8a StaticDependenciesID=d50fcd9e6a384b1419eeba27eb6dfdfa 
Importing 'GUID: 48c39f1caa38fbd4e99e4c330e531180 - Path: Assets/ZFramework/Editor/ZFramework.Editor.asmdef' with importer (AssemblyDefinitionImporter)
Imported 'GUID: 48c39f1caa38fbd4e99e4c330e531180' -> (Import Result ID: 'a1ffc191d0b2138283156b921512aadc') in 0.002 seconds [static dependencies only]. Details - ImportResultOutputID=9bdcb513e35dc10265c29cb2a6182e94 DependenciesID=ab3033516cf9fa9f380fc725d1acee4e StaticDependenciesID=4532a5a7e4e63b29734a594accc1dc57 
Importing 'GUID: d8266c7db84a045d3b706b23e60aa197 - Path: Packages/com.leonz.z-editor-tools/Editor/vFav/VFavorites.asmdef' with importer (AssemblyDefinitionImporter)
Imported 'GUID: d8266c7db84a045d3b706b23e60aa197' -> (Import Result ID: 'cebe18cc1497bb033a6bfc42eb8acef5') in 0.002 seconds [static dependencies only]. Details - ImportResultOutputID=b702a9ea8a8cb5c918be501aacbf86df DependenciesID=94ed290e9192ac7a40249664f6278167 StaticDependenciesID=e47ea78bb47b536d78c2a4df50238f8c 
Importing 'GUID: f84e468e7f9041b48924fa81da63d08e - Path: Packages/com.zframework.rts/Contracts/ZFramework.RTS.Contracts.asmdef' with importer (AssemblyDefinitionImporter)
Imported 'GUID: f84e468e7f9041b48924fa81da63d08e' -> (Import Result ID: '2f6381f1d8e4749430ea6787961c48a4') in 0.002 seconds [static dependencies only]. Details - ImportResultOutputID=f8838554bc7b71ee74af408a8e79b097 DependenciesID=155977ab30ecca1c8eecbeddb46faf7f StaticDependenciesID=b431e346f32319c075a08cc600c588b7 
Importing 'GUID: 593a5b492d29ac6448b1ebf7f035ef33 - Path: Packages/com.cysharp.unitask/Runtime/External/Addressables/UniTask.Addressables.asmdef' with importer (AssemblyDefinitionImporter)
Imported 'GUID: 593a5b492d29ac6448b1ebf7f035ef33' -> (Import Result ID: '3c0bf55033ff080b5d762425194159d1') in 0.002 seconds [static dependencies only]. Details - ImportResultOutputID=f3c3ddfe4325848620707fff2a04257b DependenciesID=4840434115b9bd35d46c40f859fbfd9f StaticDependenciesID=6190cafea48d5b7bacc98362b470f266 
Importing 'GUID: a9a10f16db1621e478b94d0755eb71bb - Path: Packages/com.zframework.ecs/Runtime/ZFramework.ECS.asmdef' with importer (AssemblyDefinitionImporter)
Imported 'GUID: a9a10f16db1621e478b94d0755eb71bb' -> (Import Result ID: 'ddd5d0a35d46d162610a640ea59fd4ee') in 0.002 seconds [static dependencies only]. Details - ImportResultOutputID=3f0e1c6cb92494d0ec6857aae53152d1 DependenciesID=c81f19442477f70bbf5868893ee2d3c8 StaticDependenciesID=f2097813dd5fe86d4f298c1da85b297a 
Importing 'GUID: b93f844d45cfcc44fa2b0eed5c9ec6bb - Path: Packages/com.unity.ide.visualstudio/Editor/com.unity.ide.visualstudio.asmdef' with importer (AssemblyDefinitionImporter)
Imported 'GUID: b93f844d45cfcc44fa2b0eed5c9ec6bb' -> (Import Result ID: '1067a71a992409918dec8c8faf2de397') in 0.002 seconds [static dependencies only]. Details - ImportResultOutputID=b6a13230aafd0421f8dba9017e21261d DependenciesID=f7c6ec4b6522486b715ee924f7f5e49d StaticDependenciesID=0d6cb5c0f73098b4956cae8f4a5a99a8 
Importing 'GUID: e9745f6a32442194c8dc5a43e9ab86f9 - Path: Packages/com.unity.ugui/Tests/Runtime/UGUI/UnityEngine.UI.Tests.asmdef' with importer (AssemblyDefinitionImporter)
Imported 'GUID: e9745f6a32442194c8dc5a43e9ab86f9' -> (Import Result ID: 'da2219b3b25ed3e68e28f444bbb415ce') in 0.002 seconds [static dependencies only]. Details - ImportResultOutputID=f1b7fc1b8a4bb998167ba402c64af205 DependenciesID=8c8f86d305e9a085bde72558d537064a StaticDependenciesID=352b8c8e28c9ab6f58adc4ea8b14e157 
Importing 'GUID: f9f2817e6b1182f4191dc35be8b0a67c - Path: Assets/TurnBasedPack/BuffSystem/Runtime/BuffSystem.Runtime.asmdef' with importer (AssemblyDefinitionImporter)
Imported 'GUID: f9f2817e6b1182f4191dc35be8b0a67c' -> (Import Result ID: 'acc17a9a6f04b974b3f229a0069a0009') in 0.002 seconds [static dependencies only]. Details - ImportResultOutputID=809eafe4f2692faa22cd1064b81ccc39 DependenciesID=fdb6a6e0a1215006b219d1520737ceca StaticDependenciesID=68c5575d4364abc3226d78df3cb2ad7c 
Importing 'GUID: 0acc523941302664db1f4e527237feb3 - Path: Packages/com.unity.test-framework/UnityEditor.TestRunner/UnityEditor.TestRunner.asmdef' with importer (AssemblyDefinitionImporter)
Imported 'GUID: 0acc523941302664db1f4e527237feb3' -> (Import Result ID: 'bc981bb411b5b61f9313f487793ea1b6') in 0.002 seconds [static dependencies only]. Details - ImportResultOutputID=bdfbd62718e67525d158a84b62805fd9 DependenciesID=b669f62c5cffcfba375c2eae3d8c2808 StaticDependenciesID=9eb9a3bb87a4466b31ae28ac6fbd7ff1 
Importing 'GUID: 3a6b37d69dd594940911fef6d537d6d5 - Path: Assets/GameScripts/GameLogic/HuntingInDarkness/Adapters/Unity/Tests/EditMode/HuntingInDarkness.Adapter.EditModeTests.asmdef' with importer (AssemblyDefinitionImporter)
Imported 'GUID: 3a6b37d69dd594940911fef6d537d6d5' -> (Import Result ID: '0465ceb9407060fd986d5b6288fd42ab') in 0.002 seconds [static dependencies only]. Details - ImportResultOutputID=a08fea1e4ca4fda90eeee1b961eff916 DependenciesID=8493c954b3ef5deefb11ea682d3cdf73 StaticDependenciesID=4d8d7bedd9d6c78cfeb60bbf2abfcc7c 
Importing 'GUID: 7a14c0de20260714000000000000000c - Path: Assets/GameScripts/GameLogic/HuntingInDarkness/GameCore/HuntingInDarkness.GameCore.asmdef' with importer (AssemblyDefinitionImporter)
Imported 'GUID: 7a14c0de20260714000000000000000c' -> (Import Result ID: '77cbc442bf6dcd5ed1ccc4c5857ab2e2') in 0.002 seconds [static dependencies only]. Details - ImportResultOutputID=24c8785030d0b1a858bb55aa52afb8f3 DependenciesID=edef343aaa1a75c9da2a8c881e661984 StaticDependenciesID=eb3d1d8939c39159f9c9b46614819c6a 
Importing 'GUID: 2bafac87e7f4b9b418d9448d219b01ab - Path: Packages/com.unity.ugui/Runtime/UGUI/UnityEngine.UI.asmdef' with importer (AssemblyDefinitionImporter)
Imported 'GUID: 2bafac87e7f4b9b418d9448d219b01ab' -> (Import Result ID: '62385ad23dd14ebb9d732e67873dddcd') in 0.002 seconds [static dependencies only]. Details - ImportResultOutputID=7ddcc014db2fd7397dc46e3d6a9725db DependenciesID=9cc5c23ae6c1b1374c68dccc88a16fd6 StaticDependenciesID=8a0cc998de3ecaeff5e2afffeac520e4 
Importing 'GUID: 4bfd47aeeec18064f821d87e9aead573 - Path: Assets/TurnBasedPack/ActionQueue/ActionQueue.Runtime.asmdef' with importer (AssemblyDefinitionImporter)
Imported 'GUID: 4bfd47aeeec18064f821d87e9aead573' -> (Import Result ID: 'fb4495c813908f6252074a7c24a52211') in 0.002 seconds [static dependencies only]. Details - ImportResultOutputID=675398ae11bb2ec4488dd87ba416f7a2 DependenciesID=a9ad6f8e246ce1878471baba5d834285 StaticDependenciesID=9f78021817193af4138248532e6d26b4 
Importing 'GUID: 7b8bd93e6296de446bb3c60cbf265f04 - Path: Assets/Launcher/Launcher.asmdef' with importer (AssemblyDefinitionImporter)
Imported 'GUID: 7b8bd93e6296de446bb3c60cbf265f04' -> (Import Result ID: 'f87530ae5c341d45dacc9cf985008afa') in 0.002 seconds [static dependencies only]. Details - ImportResultOutputID=b5679fa90e7d871194010f04fe194bd4 DependenciesID=b28be4f6525cfb8587f997264f35f38e StaticDependenciesID=ab931feaddb7c4c8d0e421b40a28df45 
Importing 'GUID: bb05cab7d802aa5468f8f2f86840d984 - Path: Packages/com.unity.ugui/Tests/Runtime/TMP/Unity.TextMeshPro.Tests.asmdef' with importer (AssemblyDefinitionImporter)
Imported 'GUID: bb05cab7d802aa5468f8f2f86840d984' -> (Import Result ID: '10c0c6c14be8916e1f56b5dc2d3269fa') in 0.002 seconds [static dependencies only]. Details - ImportResultOutputID=e9011f648514f8bbd4c94ddd8d1d1122 DependenciesID=b46828b37faff1886916ca57b4cebd87 StaticDependenciesID=09de94775eb3569b420df037cc948e5a 
Importing 'GUID: 2c3f48364a5004fd3a152fbdf5fea703 - Path: Packages/com.leonz.z-editor-tools/Editor/vHierarchy/VHierarchy.asmdef' with importer (AssemblyDefinitionImporter)
Imported 'GUID: 2c3f48364a5004fd3a152fbdf5fea703' -> (Import Result ID: 'da3ae3ad71b00f474cc057db54e0a717') in 0.002 seconds [static dependencies only]. Details - ImportResultOutputID=c8e6a4e8ee436ff5dd3674532b382d91 DependenciesID=3ae47d4b24e651d5310c7dcad99e9737 StaticDependenciesID=d24d2a0f0f4f09efe2ecd672729e6826 
Importing 'GUID: 5c01796d064528144a599661eaab93a6 - Path: Packages/com.cysharp.unitask/Runtime/Linq/UniTask.Linq.asmdef' with importer (AssemblyDefinitionImporter)
Imported 'GUID: 5c01796d064528144a599661eaab93a6' -> (Import Result ID: 'ec611b24689a76d91a838731c398b653') in 0.002 seconds [static dependencies only]. Details - ImportResultOutputID=df0023f4c504bc93c1452ed8d5fd68ca DependenciesID=7fbe1b7fe145ed8c70ab7a577f0545dc StaticDependenciesID=3fd78a76a3473d90c92d927d0abe9678 
Importing 'GUID: 5c8e4781f92707f49a2319a1281402e0 - Path: Packages/com.zframework.rts/Editor/ZFramework.RTS.Editor.asmdef' with importer (AssemblyDefinitionImporter)
Imported 'GUID: 5c8e4781f92707f49a2319a1281402e0' -> (Import Result ID: '0e41a913f23133352866c3d7dcfbdc28') in 0.002 seconds [static dependencies only]. Details - ImportResultOutputID=d839fcf60dc66e448eace51d7f331df7 DependenciesID=83a577503e17e61a68f465e029ee9394 StaticDependenciesID=42d728e0d81e61bfb289c48b42a40164 
Importing 'GUID: 5c1ff9bd975acec488150743d53a93ca - Path: Packages/com.unity.scriptablebuildpipeline/Runtime/Unity.ScriptableBuildPipeline.asmdef' with importer (AssemblyDefinitionImporter)
Imported 'GUID: 5c1ff9bd975acec488150743d53a93ca' -> (Import Result ID: '10fe09e0a89ae08304a500b99d58b70c') in 0.002 seconds [static dependencies only]. Details - ImportResultOutputID=62a973614354be936e4bd74c9747caa3 DependenciesID=8677abd105180a9023929123941a7735 StaticDependenciesID=f56bd62957f683b0644ca50479aae965 
Importing 'GUID: 7c04f0dfa9243c04681a55d90d3ff3fc - Path: Packages/com.unity.ugui/Tests/Editor/UGUI/UnityEditor.UI.EditorTests.asmdef' with importer (AssemblyDefinitionImporter)
Imported 'GUID: 7c04f0dfa9243c04681a55d90d3ff3fc' -> (Import Result ID: 'e3572490cb4777d2102c5083b6503ec2') in 0.002 seconds [static dependencies only]. Details - ImportResultOutputID=718332123925c2264ef1b92f2b680e79 DependenciesID=b669a45ca472d2904202851223e01d45 StaticDependenciesID=ec83a9d78c9432ef932d964fff6cac52 
Importing 'GUID: 8c4dd21966739024fbd72155091d199e - Path: Packages/com.unity.ai.navigation/Runtime/Unity.AI.Navigation.asmdef' with importer (AssemblyDefinitionImporter)
Imported 'GUID: 8c4dd21966739024fbd72155091d199e' -> (Import Result ID: 'e6bfb4c51c5503979a464d7151d55352') in 0.002 seconds [static dependencies only]. Details - ImportResultOutputID=5bfacabb14cb7ba1631053bc2699255c DependenciesID=1dcce6cf6f25f9e0503b1bad252c4ff5 StaticDependenciesID=a9ca4cb96cb77cea4d5892018687b788 
Importing 'GUID: bcdff470e36184c41adff65957d841d7 - Path: Packages/com.tuyoogame.yooasset/EditorExtension/YooAsset.EditorExtension.asmdef' with importer (AssemblyDefinitionImporter)
Imported 'GUID: bcdff470e36184c41adff65957d841d7' -> (Import Result ID: '992dd19e08f215dbd2360b3b63831a26') in 0.002 seconds [static dependencies only]. Details - ImportResultOutputID=bf912e740e581bb52e4d9e15ce86e004 DependenciesID=8fbb87cc8c564f3424c92e50390f2154 StaticDependenciesID=f2cf79fb5794143985ca4d225a1a16f7 
Importing 'GUID: dc47925d1a5fa2946bdd37746b2b5d48 - Path: Packages/com.cysharp.unitask/Runtime/External/TextMeshPro/UniTask.TextMeshPro.asmdef' with importer (AssemblyDefinitionImporter)
Imported 'GUID: dc47925d1a5fa2946bdd37746b2b5d48' -> (Import Result ID: '89a06920a9975fcf5e239b8d3112b2e5') in 0.002 seconds [static dependencies only]. Details - ImportResultOutputID=ec30252d5a482c6d3213f17298c419e7 DependenciesID=566beb2eb5970400e2ca54b7c2e55a8b StaticDependenciesID=434dfac2f02dd3b2433d89f13daafee8 
Importing 'GUID: 4d1926c9df5b052469a1c63448b7609a - Path: Packages/com.tuyoogame.yooasset/Editor/YooAsset.Editor.asmdef' with importer (AssemblyDefinitionImporter)
Imported 'GUID: 4d1926c9df5b052469a1c63448b7609a' -> (Import Result ID: 'e0d4552dcdc9100cca20a6de59df8f96') in 0.002 seconds [static dependencies only]. Details - ImportResultOutputID=973d6f963df73a27a9e7fc127a4f6a3e DependenciesID=52413f1c29feea1bef9624c9dd847625 StaticDependenciesID=78203b6078298019005faae0d894d739 
Importing 'GUID: 7d6c76c99a1f4d2d9c4b7fdc43edb8c1 - Path: Packages/com.leonz.scene-tools/Editor/Leonz.SceneTools.Editor.asmdef' with importer (AssemblyDefinitionImporter)
Imported 'GUID: 7d6c76c99a1f4d2d9c4b7fdc43edb8c1' -> (Import Result ID: 'bc06dfe67d507743974ab9dc35c1406d') in 0.002 seconds [static dependencies only]. Details - ImportResultOutputID=14ab9f9396a3fb254989907cc341f645 DependenciesID=187f0da632a6c23a2d74c8d0b2d33e24 StaticDependenciesID=383b0c8f5cacaaced68850209aeca335 
Importing 'GUID: adbcba91892774149bea528141373ca2 - Path: Packages/com.unity.scriptablebuildpipeline/Tests/Runtime/Unity.ScriptableBuildPipeline.Tests.asmdef' with importer (AssemblyDefinitionImporter)
Imported 'GUID: adbcba91892774149bea528141373ca2' -> (Import Result ID: '745788c5681420be1a8c48316c03795b') in 0.001 seconds [static dependencies only]. Details - ImportResultOutputID=ab38cb460e20658b68526fcd143d9775 DependenciesID=d122cc7c7ab451f0e5bc1302ce4bc1a0 StaticDependenciesID=61e572a75c8ce00d47683de7e9641714 
Importing 'GUID: 6e76b07590314a543b982daed6af2509 - Path: Assets/GameScripts/GameLogic/GameLogic.asmdef' with importer (AssemblyDefinitionImporter)
Imported 'GUID: 6e76b07590314a543b982daed6af2509' -> (Import Result ID: '14e31c8b3a98ffb07484f7b6da54b1aa') in 0.002 seconds [static dependencies only]. Details - ImportResultOutputID=b64bf8d8384f43de7eba66d7ee0d739a DependenciesID=d288b1fa89031374717eea2422dfcbe0 StaticDependenciesID=f5b83ec72e6818e1b7205f4e2626bd4f 
Importing 'GUID: de13f8b1675b449e6a6af1cc0f7842ec - Path: Packages/com.leonz.z-editor-tools/Editor/vInspector/VInspector.asmdef' with importer (AssemblyDefinitionImporter)
Imported 'GUID: de13f8b1675b449e6a6af1cc0f7842ec' -> (Import Result ID: '24f2ca03a11d533464e0d877cee42d47') in 0.001 seconds [static dependencies only]. Details - ImportResultOutputID=de3c4c6c13a632f04c62f36087c9fb6d DependenciesID=833103eac2b97bbf8a479c1cfa9f8467 StaticDependenciesID=6fc85504eef5a5fcdda632ed21758c40 
Importing 'GUID: 3fe1a3e70da50184f9897101cad7e4f2 - Path: Packages/com.tuyoogame.yooasset/RuntimeExtension/YooAsset.RuntimeExtension.asmdef' with importer (AssemblyDefinitionImporter)
Imported 'GUID: 3fe1a3e70da50184f9897101cad7e4f2' -> (Import Result ID: '9bf20d9a1fa724749f5c2ce15b6708aa') in 0.002 seconds [static dependencies only]. Details - ImportResultOutputID=a5a0045df09ac7ec62bbed7dc193bc30 DependenciesID=953051bd4b13a9089aa5bb96d1a9a146 StaticDependenciesID=28fcd561795f3986fc31b9a6159030cb 
Importing 'GUID: 8f756ad6c42d0c040820c42713be09bc - Path: Packages/com.zframework.rts/Runtime/ZFramework.RTS.Runtime.asmdef' with importer (AssemblyDefinitionImporter)
Imported 'GUID: 8f756ad6c42d0c040820c42713be09bc' -> (Import Result ID: '1a1bd7592b6c1498c9aa26821c474e1b') in 0.002 seconds [static dependencies only]. Details - ImportResultOutputID=e0da3a153573f94acd4a00690be17135 DependenciesID=f94b97c97ca8f01df73a94e609417dfd StaticDependenciesID=d420c81aae8856037227d871658cd264 
Importing 'GUID: dffc19c2158965042ad96aa441193e7a - Path: Assets/TurnBasedPack/BuffSystem/Tests/Editor/BuffSystem.EditorTests.asmdef' with importer (AssemblyDefinitionImporter)
Imported 'GUID: dffc19c2158965042ad96aa441193e7a' -> (Import Result ID: '9026222b9c6ae1bdd762c31f36bdf68e') in 0.002 seconds [static dependencies only]. Details - ImportResultOutputID=a0084d5d90647daa7a4731c0f021822b DependenciesID=8ee6659198799c1fe45a5ead0206d742 StaticDependenciesID=867b3645a2bea7e0dbb0951e8de5ad81 
Importing 'GUID: 51fa60bb2bd1e5bc74e8cc95a7bfd5b7 - Path: Packages/com.unity.modules.ui/package.ModuleCompilationTrigger' with importer (DefaultImporter)
Imported 'GUID: 51fa60bb2bd1e5bc74e8cc95a7bfd5b7' -> (Import Result ID: 'be512cbaf64ea92a8c61a9860d5593e0') in 0.024 seconds [static dependencies only]. Details - ImportResultOutputID=97b097896283fafd162f5103b6da9350 DependenciesID=e379836f04c341386ee5af5817637ee4 StaticDependenciesID=c2aff6c152a6da981347289118cef558 
Importing 'GUID: 71136fc5cf34f2cc10be0e33c0b08019 - Path: Packages/com.unity.modules.unityanalytics/package.ModuleCompilationTrigger' with importer (DefaultImporter)
Imported 'GUID: 71136fc5cf34f2cc10be0e33c0b08019' -> (Import Result ID: '4f553d0c7846bb8488f1e47c7cc378ed') in 0.001 seconds [static dependencies only]. Details - ImportResultOutputID=aad00463857b0f3e239972e5a10e3f79 DependenciesID=6ac68746640fd51569a9c6747167e4b7 StaticDependenciesID=0a465c3a9c3618e9383ffbc63a09a41f 
Importing 'GUID: a1c42005fe7c5d78585a77ce396a5eea - Path: Packages/com.unity.modules.tilemap/package.ModuleCompilationTrigger' with importer (DefaultImporter)
Imported 'GUID: a1c42005fe7c5d78585a77ce396a5eea' -> (Import Result ID: '2f3b857d1b663667ca17da0ecdb9c8a1') in 0.001 seconds [static dependencies only]. Details - ImportResultOutputID=7c7d529048f5d74f6d499dae097a185f DependenciesID=b23b0d0112b94f64697303ce5948ec1a StaticDependenciesID=767d5c519e1f9c2aac9148aeb04fb657 
Importing 'GUID: d104359075a97392b803d3d5aebc77f7 - Path: Packages/com.unity.modules.hierarchycore/package.ModuleCompilationTrigger' with importer (DefaultImporter)
Imported 'GUID: d104359075a97392b803d3d5aebc77f7' -> (Import Result ID: '1104453536185676bc1678445bc2e5c2') in 0.000 seconds [static dependencies only]. Details - ImportResultOutputID=8ec3343e917ef007d455acfe45d3ee72 DependenciesID=11cd1d869703a14821f66523d31d6e31 StaticDependenciesID=9506762e0ca75dd852ab6d602f96658b 
Importing 'GUID: 222fc39b0c85d800342910da2cd64781 - Path: Packages/com.unity.modules.assetbundle/package.ModuleCompilationTrigger' with importer (DefaultImporter)
Imported 'GUID: 222fc39b0c85d800342910da2cd64781' -> (Import Result ID: 'dd36a5e01c8079a36a8e076f32ac9a85') in 0.000 seconds [static dependencies only]. Details - ImportResultOutputID=a4749f3da6b6adf8eaabf6e5477b2b7c DependenciesID=e7aef5b454539e843aea21afca7a9562 StaticDependenciesID=bf0185bce9c4f64f5de1111522b962c3 
Importing 'GUID: d2ec2d1228c8e67cdd913cb5609176a2 - Path: Packages/com.unity.modules.unitywebrequest/package.ModuleCompilationTrigger' with importer (DefaultImporter)
Imported 'GUID: d2ec2d1228c8e67cdd913cb5609176a2' -> (Import Result ID: 'cbae085591e1311e0426e2d013a8e2fc') in 0.000 seconds [static dependencies only]. Details - ImportResultOutputID=37747859ed12efda2a92d3d840e79b06 DependenciesID=91663d755e88c5ca08eaa9b698d477e1 StaticDependenciesID=f00cc25d0cb3d54a323605ed0b875d57 
Importing 'GUID: e2d09a26ce46dc617b54e49a534ace20 - Path: Packages/com.unity.modules.ai/package.ModuleCompilationTrigger' with importer (DefaultImporter)
Imported 'GUID: e2d09a26ce46dc617b54e49a534ace20' -> (Import Result ID: '5eb05f86d588fcb4411bf5d4cdb8633c') in 0.001 seconds [static dependencies only]. Details - ImportResultOutputID=01c973ad27769bdd61dcc3de2d8629ac DependenciesID=adc271351f3fc2b40d78b63d80ce5298 StaticDependenciesID=928a9e6f7cd68cf5304459597cf575cb 
Importing 'GUID: 23032f4383e95e772bce465c5896d0fd - Path: Packages/com.unity.modules.terrain/package.ModuleCompilationTrigger' with importer (DefaultImporter)
Imported 'GUID: 23032f4383e95e772bce465c5896d0fd' -> (Import Result ID: '14aae7ef45df2c6f8212b61023a52b4d') in 0.000 seconds [static dependencies only]. Details - ImportResultOutputID=43caf76539e87b0b5e506fce22b32e8c DependenciesID=f8228da4343e8fb110c89248206a7802 StaticDependenciesID=76c4c61aef8242e7484164b19d474b05 
Importing 'GUID: 830a36a23cf3ab1e61fa47940a6dc35e - Path: Packages/com.unity.modules.imageconversion/package.ModuleCompilationTrigger' with importer (DefaultImporter)
Imported 'GUID: 830a36a23cf3ab1e61fa47940a6dc35e' -> (Import Result ID: 'a49f3e2b08ded35f46967b1fd01ec880') in 0.001 seconds [static dependencies only]. Details - ImportResultOutputID=1312c79305670b6aa3bce9ff3efd03b9 DependenciesID=0d87bfc0d9d3dcf3dbb4416dbe071d2e StaticDependenciesID=56f9209b404ef1062f2d5b5c6a7566ff 
Importing 'GUID: a31a332ce3485f00f7df8d987302a29c - Path: Packages/com.unity.modules.unitywebrequesttexture/package.ModuleCompilationTrigger' with importer (DefaultImporter)
Imported 'GUID: a31a332ce3485f00f7df8d987302a29c' -> (Import Result ID: 'fc94c7b147a6b5694eda1349b0d7aabd') in 0.001 seconds [static dependencies only]. Details - ImportResultOutputID=54d1731c77f760b5355a2b1bfa92527b DependenciesID=5571910980b4cae5029e5ab40e2bcd2d StaticDependenciesID=6e49c3a187320488020f3989f8d20238 
Importing 'GUID: 042dc296246916648e55a43d0eeb2036 - Path: Packages/com.unity.modules.audio/package.ModuleCompilationTrigger' with importer (DefaultImporter)
Imported 'GUID: 042dc296246916648e55a43d0eeb2036' -> (Import Result ID: 'c4a0e5bbce453acc33a8bf9c7f8fd969') in 0.000 seconds [static dependencies only]. Details - ImportResultOutputID=ab0921e937c1d9c2d7fbdebe7091d6c2 DependenciesID=2fbfc3637758b4b1afbb879176065fd9 StaticDependenciesID=efa0e9a04fa05cb3d50f46a551bc8be8 
Importing 'GUID: 14e86f88e9a8c9c448d7e7df92f2aeec - Path: Packages/com.unity.modules.physicscore2d/package.ModuleCompilationTrigger' with importer (DefaultImporter)
Imported 'GUID: 14e86f88e9a8c9c448d7e7df92f2aeec' -> (Import Result ID: '286d0aaeea317716b6b387abae91239e') in 0.000 seconds [static dependencies only]. Details - ImportResultOutputID=94d25b776bc28f679880cb17bd31ec6c DependenciesID=1e2365107784a1b2d2eb507bd4923ea0 StaticDependenciesID=488aedf750fe121a67026d15356ece4f 
Importing 'GUID: 553737203d61a8109f9544a97201e1aa - Path: Packages/com.unity.modules.unitywebrequestaudio/package.ModuleCompilationTrigger' with importer (DefaultImporter)
Imported 'GUID: 553737203d61a8109f9544a97201e1aa' -> (Import Result ID: 'e6baa8215c97ef304366679935990995') in 0.000 seconds [static dependencies only]. Details - ImportResultOutputID=ab514c5cded186b91986c4c830fcf71c DependenciesID=e12ad54e4c4bfce446617e5e5004ec3d StaticDependenciesID=c4320a1c96db5a5f3ca135be31fdc3d7 
Importing 'GUID: e5c46c19ce0ce2e0103aa6f82df1043a - Path: Packages/com.unity.modules.vehicles/package.ModuleCompilationTrigger' with importer (DefaultImporter)
Imported 'GUID: e5c46c19ce0ce2e0103aa6f82df1043a' -> (Import Result ID: '4a095abfe18c178a6f1731a0aefa07f8') in 0.000 seconds [static dependencies only]. Details - ImportResultOutputID=7ed92368dde83c4f4274e94d1167c911 DependenciesID=b498a6771ad063decc4b2d9bca33701e StaticDependenciesID=90796e33c5799e26f385c4e10590db07 
Importing 'GUID: 7610600f5c83e01041a6fe849d39279f - Path: Packages/com.unity.modules.unitywebrequestassetbundle/package.ModuleCompilationTrigger' with importer (DefaultImporter)
Imported 'GUID: 7610600f5c83e01041a6fe849d39279f' -> (Import Result ID: '2ea50db261b98f391b66c8e2e2c09118') in 0.000 seconds [static dependencies only]. Details - ImportResultOutputID=8003247251fb87c113fccdf168b06d46 DependenciesID=ac0e2bdb486634d4b85bb1a604b63dc5 StaticDependenciesID=32f59c7b9032968cc025840700eddeb8 
Importing 'GUID: e6a135e3ea9cb46795d1b0e05ac3e1e5 - Path: Packages/com.unity.modules.jsonserialize/package.ModuleCompilationTrigger' with importer (DefaultImporter)
Imported 'GUID: e6a135e3ea9cb46795d1b0e05ac3e1e5' -> (Import Result ID: '1c57b55bcd4c8c6362ce51c0ebd7a821') in 0.000 seconds [static dependencies only]. Details - ImportResultOutputID=16fe18d7d4fb3289b89d1d866fdd26db DependenciesID=252a3b2725279cfc46d526136c580f21 StaticDependenciesID=0739be11007ee94595e2bc82ea98c6c4 
Importing 'GUID: f62135e79edb837b2d2ee3c524da864c - Path: Packages/com.unity.modules.video/package.ModuleCompilationTrigger' with importer (DefaultImporter)
Imported 'GUID: f62135e79edb837b2d2ee3c524da864c' -> (Import Result ID: '1872df6bc4628bb1a9ca29144f14611e') in 0.000 seconds [static dependencies only]. Details - ImportResultOutputID=f343425462c7ecc24009b61dff957b85 DependenciesID=abff74b8822e33abc9192cbad1ed91f1 StaticDependenciesID=e582a27c3a6fe23d6752fceeabe989f3 
Importing 'GUID: 17f093324b67f5bd57e55b546736750e - Path: Packages/com.unity.modules.particlesystem/package.ModuleCompilationTrigger' with importer (DefaultImporter)
Imported 'GUID: 17f093324b67f5bd57e55b546736750e' -> (Import Result ID: '6ff179a8a8c272aadee9696a75f4aebd') in 0.000 seconds [static dependencies only]. Details - ImportResultOutputID=0355b1352b2efc29f8c3d4c7ae63c7f1 DependenciesID=b614594b4860a97264debb13b5bea861 StaticDependenciesID=06ca6bb0312a01a92b0f116ae2bb5399 
Importing 'GUID: c7a8b0317f4e68556d7509828e9e211e - Path: Packages/com.unity.modules.xr/package.ModuleCompilationTrigger' with importer (DefaultImporter)
Imported 'GUID: c7a8b0317f4e68556d7509828e9e211e' -> (Import Result ID: '18c4edf952690bd95819244c11174a4d') in 0.000 seconds [static dependencies only]. Details - ImportResultOutputID=ae1b559a8646648d57c418658f22c1c3 DependenciesID=4e3e720b9d999aafecadb0f17c83e4a6 StaticDependenciesID=d031c78d05fe025f26315ce7900c9528 
Importing 'GUID: 082fbee38a82835433261a5e9c00e267 - Path: Packages/com.unity.modules.cloth/package.ModuleCompilationTrigger' with importer (DefaultImporter)
Imported 'GUID: 082fbee38a82835433261a5e9c00e267' -> (Import Result ID: 'bf1434c66533fc5ed20a95906c66351f') in 0.001 seconds [static dependencies only]. Details - ImportResultOutputID=4484322f1fd307127a580e9b17cedb30 DependenciesID=8ccefc550c79be7e16adf9d77ba5ddac StaticDependenciesID=6d0aacacd4e61cc36d0d9a05bdb20f7a 
Importing 'GUID: c82e859b16636ddd2ca4a1f63fd34938 - Path: Packages/com.unity.modules.androidjni/package.ModuleCompilationTrigger' with importer (DefaultImporter)
Imported 'GUID: c82e859b16636ddd2ca4a1f63fd34938' -> (Import Result ID: '96146a3272911c0c26faaa2f409eda38') in 0.001 seconds [static dependencies only]. Details - ImportResultOutputID=6a7f1eafcdb81a627586a74a505019b9 DependenciesID=52a090cc866c15018523ed746bf8807c StaticDependenciesID=ed6a528eff5f65055b00bedf58455228 
Importing 'GUID: c88e90bad18cceb5d182d0c805883056 - Path: Packages/com.unity.modules.director/package.ModuleCompilationTrigger' with importer (DefaultImporter)
Imported 'GUID: c88e90bad18cceb5d182d0c805883056' -> (Import Result ID: '88b56db61470ef8e5dee2598c8965f76') in 0.000 seconds [static dependencies only]. Details - ImportResultOutputID=5d286ef98cbac13e3d0e345aac901e4f DependenciesID=9fe04e6b981ac1886c519cc8508a5f5d StaticDependenciesID=34683c221800bed4b46509fdcd989f77 
Importing 'GUID: 1af35a910338381f753e8a985eb5daab - Path: Packages/com.unity.modules.adaptiveperformance/package.ModuleCompilationTrigger' with importer (DefaultImporter)
Imported 'GUID: 1af35a910338381f753e8a985eb5daab' -> (Import Result ID: '9d77377b2ec4e5d7ef14ed96e71fd63f') in 0.000 seconds [static dependencies only]. Details - ImportResultOutputID=949634ab36822f8ff6168fc8c25e1508 DependenciesID=229478d50bbba89d789649f693e68d89 StaticDependenciesID=b397d2b2d895f0686fbfe743749e652c 
Importing 'GUID: 2adec19fac7df68adf1fd6eb83197bb1 - Path: Packages/com.unity.modules.wind/package.ModuleCompilationTrigger' with importer (DefaultImporter)
Imported 'GUID: 2adec19fac7df68adf1fd6eb83197bb1' -> (Import Result ID: 'ccb5a51e42d25834969bc58f31c78812') in 0.000 seconds [static dependencies only]. Details - ImportResultOutputID=d94addc5fcd1dcd16d8a4aeff6e7315b DependenciesID=0b0bb029c12bc475b21befd144074eaf StaticDependenciesID=23ec4a64c7d5359b2f1c01ca01b0ee26 
Importing 'GUID: 8a752aaaadd2410dd9a84e01c1bace9f - Path: Packages/com.unity.modules.uielements/package.ModuleCompilationTrigger' with importer (DefaultImporter)
Imported 'GUID: 8a752aaaadd2410dd9a84e01c1bace9f' -> (Import Result ID: '9bbe79e6be23cf294a7e85a44717cd80') in 0.000 seconds [static dependencies only]. Details - ImportResultOutputID=f40b7d6a35d44b9d0813e881de9232d1 DependenciesID=75395805abf87b79b2479c000ddf866e StaticDependenciesID=dbfa668ffe7162da8bf99b5a155dcc22 
Importing 'GUID: 1b6246f2248883964991eac9e9b4817c - Path: Packages/com.unity.modules.umbra/package.ModuleCompilationTrigger' with importer (DefaultImporter)
Imported 'GUID: 1b6246f2248883964991eac9e9b4817c' -> (Import Result ID: '1fbaaab7c048f66010e34ddc1e69da1c') in 0.001 seconds [static dependencies only]. Details - ImportResultOutputID=007489b112d859d85ac111b51d2b96fd DependenciesID=03d8b6a5c0db90643ba251d3e7cbda0c StaticDependenciesID=4e6b9455dafa283cce58ae6ee8c0336c 
Importing 'GUID: cbb1a39d56ce4d9ac1a46ac505893fa7 - Path: Packages/com.unity.modules.terrainphysics/package.ModuleCompilationTrigger' with importer (DefaultImporter)
Imported 'GUID: cbb1a39d56ce4d9ac1a46ac505893fa7' -> (Import Result ID: 'e4f8a719d295c973f444c208f033cc38') in 0.000 seconds [static dependencies only]. Details - ImportResultOutputID=62cb9b240430335886efec9a08c66b57 DependenciesID=26627dc5fd7796c54cda83e17d601b53 StaticDependenciesID=5d175a533cd45da54a77351c373ccd17 
Importing 'GUID: db8e609a39b9b231fccc54e5fa4cbd1b - Path: Packages/com.unity.modules.animation/package.ModuleCompilationTrigger' with importer (DefaultImporter)
Imported 'GUID: db8e609a39b9b231fccc54e5fa4cbd1b' -> (Import Result ID: '1f5a4eb4c1bea2765a464e96476b9256') in 0.000 seconds [static dependencies only]. Details - ImportResultOutputID=288139cac869a1d040c89eaede133db4 DependenciesID=6a55271c2f8d6d1262fc99195f90c42b StaticDependenciesID=804c219e7325b6dbb8b72b358085a67b 
Importing 'GUID: 3cc1ebf2abb7fef6871ad48f499b6e21 - Path: Packages/com.unity.modules.vectorgraphics/package.ModuleCompilationTrigger' with importer (DefaultImporter)
Imported 'GUID: 3cc1ebf2abb7fef6871ad48f499b6e21' -> (Import Result ID: 'b692cc1bf42e93a6ba38bba605214b24') in 0.000 seconds [static dependencies only]. Details - ImportResultOutputID=a4c87958b226c4f900fbf4d18311cf6f DependenciesID=289c5a2805f5f3bd17f141d224ff3676 StaticDependenciesID=bcf2ae8a18bda4671185beb022fb4c8e 
Importing 'GUID: 5c1ee4056d0ac7ad3c5a16597fcaa38a - Path: Packages/com.unity.modules.physics/package.ModuleCompilationTrigger' with importer (DefaultImporter)
Imported 'GUID: 5c1ee4056d0ac7ad3c5a16597fcaa38a' -> (Import Result ID: 'da10249b72ef1938ae2817246359febc') in 0.000 seconds [static dependencies only]. Details - ImportResultOutputID=47c1ddfb4cd3ec43bc350d5b06504d59 DependenciesID=c1fdb786cfa5b8cd2458adb570b7e483 StaticDependenciesID=def7f60ed94eb1e3bf949e7a24d98b09 
Importing 'GUID: 8d4bc6bfa28760b29f13174d6b6ea710 - Path: Packages/com.unity.modules.subsystems/package.ModuleCompilationTrigger' with importer (DefaultImporter)
Imported 'GUID: 8d4bc6bfa28760b29f13174d6b6ea710' -> (Import Result ID: '9699ec2b1869b12b46d89bf5cdd7c9c4') in 0.000 seconds [static dependencies only]. Details - ImportResultOutputID=498ca2a2c24aa041ab5e98f608209a1b DependenciesID=f6fb4a8c9451e7fc50666daaaa63fcac StaticDependenciesID=b94d73de3d2db39dc94b181f5013b60b 
Importing 'GUID: cd561f5f687aed43bf280c27a84f79e3 - Path: Packages/com.unity.modules.screencapture/package.ModuleCompilationTrigger' with importer (DefaultImporter)
Imported 'GUID: cd561f5f687aed43bf280c27a84f79e3' -> (Import Result ID: 'fe6c3609632574e772751b1a1470e3ae') in 0.000 seconds [static dependencies only]. Details - ImportResultOutputID=3eb1964e8afbff2c421e099475927610 DependenciesID=187000d91108dd5733c47a4017161fe8 StaticDependenciesID=81108190fb4b408fcb20c546a76134da 
Importing 'GUID: ae87256f29d9c8b50490f4caf75b2c41 - Path: Packages/com.unity.modules.unitywebrequestwww/package.ModuleCompilationTrigger' with importer (DefaultImporter)
Imported 'GUID: ae87256f29d9c8b50490f4caf75b2c41' -> (Import Result ID: '48deca1ca5e5806fd98cb116530c8138') in 0.000 seconds [static dependencies only]. Details - ImportResultOutputID=79dda7a6ac07c59209ba94225ee33d24 DependenciesID=79391c27a28a0c4027778dc79f8b3d56 StaticDependenciesID=7dac5f7f16a9ff2c212f9c3517f83288 
Importing 'GUID: be13c398521e3c1ad21fb9da30ab2ab6 - Path: Packages/com.unity.modules.imgui/package.ModuleCompilationTrigger' with importer (DefaultImporter)
Imported 'GUID: be13c398521e3c1ad21fb9da30ab2ab6' -> (Import Result ID: '4bfb181c21f30d7fa0736cd84007b874') in 0.000 seconds [static dependencies only]. Details - ImportResultOutputID=68bbcc9e8372c6860b60d924cb4f595c DependenciesID=4bcf2bcb999c4f466f4fa1d587744998 StaticDependenciesID=b10ae4bbcc2865380adf6542439aaca3 
Importing 'GUID: fe6a6957b37b61417b457a1e0541791d - Path: Packages/com.unity.modules.physics2d/package.ModuleCompilationTrigger' with importer (DefaultImporter)
Imported 'GUID: fe6a6957b37b61417b457a1e0541791d' -> (Import Result ID: 'a0cc2b0b2fa3e4916c65d2e9c3d41a37') in 0.000 seconds [static dependencies only]. Details - ImportResultOutputID=007ff8c01aa675f4b695ba99a36210ad DependenciesID=0b3ab5f8d1990e5a76f706e63a612bc9 StaticDependenciesID=bf5244ee0a65aa31c2655bbde014baac 
Native extension for WindowsStandalone target not found
Script 'Packages/YooAsset/Mini Game/Runtime/YooAsset.MiniGame.asmdef' will not be compiled because it exists outside the Assets folder and does not to belong to any assembly definition file.
ScheduleIndexationOnStartup MainProcess:True IndexOnStartup:True
Mono: successfully reloaded assembly
- Finished resetting the current domain, in  1.020 seconds
Domain Reload Profiling: 1724ms
	BeginReloadAssembly (327ms)
		DisableScriptedObjects (29ms)
		CreateAndSetChildDomain (180ms)
	RebuildCommonClasses (7ms)
	RebuildNativeTypeToScriptingClass (13ms)
	initialDomainReloadingComplete (50ms)
	LoadAllAssembliesAndSetupDomain (306ms)
		LoadAssemblies (212ms)
		AnalyzeDomain (87ms)
			TypeCache.Refresh (62ms)
				TypeCache.ScanAssembly (55ms)
			BuildScriptInfoCaches (22ms)
	FinalizeReload (1021ms)
		SetupLoadedEditorAssemblies (0ms)
			BeforeProcessingInitializeOnLoad (70ms)
			ProcessInitializeOnLoadAttributes (648ms)
			ProcessInitializeOnLoadMethodAttributes (145ms)
			AfterProcessingInitializeOnLoad (6ms)
		AwakeInstancesAfterBackupRestoration (25ms)
Importing 'GUID: 00000000000000005000000000000000 - Path: Library/BuildPlayer.prefs' with importer (DefaultImporter)
Imported 'GUID: 00000000000000005000000000000000' -> (Import Result ID: '968deb36040bbb7258278f93cba63355') in 0.008 seconds [static dependencies only]. Details - ImportResultOutputID=1f9c19b30680da8dab47159f77a4e657 DependenciesID=08a1ec4b674aa66bb1ce753815d843ed StaticDependenciesID=d072ca1f0d6ee50a54e7e140cc588a10 
Importing 'GUID: caa968d319fa93d49ad4f375ae3f28dc - Path: Assets/ZFramework/LICENSE' with importer (DefaultImporter)
Imported 'GUID: caa968d319fa93d49ad4f375ae3f28dc' -> (Import Result ID: '6939a35acbfd21a9368f9fb62885117c') in 0.002 seconds [static dependencies only]. Details - ImportResultOutputID=d6ad7c98daeea38e069b588d8154e0f2 DependenciesID=778093432b224b7d9fc88809ccbe981b StaticDependenciesID=d5f9df63c5b756804a4a2f7eb6bc7e01 
Importing 'GUID: 2cda990e2423bbf4892e6590ba056729 - Path: Assets/Scenes/main.unity' with importer (DefaultImporter)
Imported 'GUID: 2cda990e2423bbf4892e6590ba056729' -> (Import Result ID: '6028134dd59ca3f7437c9735f331f814') in 0.002 seconds [static dependencies only]. Details - ImportResultOutputID=1efbf49a8614d1b3b51adbada3e2843b DependenciesID=79e3e2ccc5c0e88326d8ffb6a9745198 StaticDependenciesID=745dd5a5b0c860e609466ebff359f61d 
Importing 'GUID: 71c2c0bce7543454c8ef545083e18170 - Path: Packages/com.cysharp.unitask/Runtime/UniTask.WhenAny.Generated.tt' with importer (DefaultImporter)
Imported 'GUID: 71c2c0bce7543454c8ef545083e18170' -> (Import Result ID: '3c5101d54efbb2ce841d094ead905e13') in 0.005 seconds [static dependencies only]. Details - ImportResultOutputID=bf2d662331f2dcdaea96ffa709cc4907 DependenciesID=e8b8c07ae015890d6d441ee644685f50 StaticDependenciesID=82a8cc7fa9f63d840078bdf4685a3751 
Importing 'GUID: b1053c85b3f0794488b10e6de53e9c02 - Path: Packages/com.cysharp.unitask/Runtime/UnityAsyncExtensions.tt' with importer (DefaultImporter)
Imported 'GUID: b1053c85b3f0794488b10e6de53e9c02' -> (Import Result ID: '4b9448ab370d687e61ed9a0338ad06b5') in 0.002 seconds [static dependencies only]. Details - ImportResultOutputID=ef141aab6f6684baffe393f076cd3a39 DependenciesID=b7cfa27591851c42a84de57e7c2b3a37 StaticDependenciesID=7b1628e47c8ac9c3f0df05964114aee0 
Importing 'GUID: 124c112a6e8f1a54e8b0870e881b56d8 - Path: Assets/TextMesh Pro/Shaders/TMP_SDF-URP Unlit.shadergraph' with importer (DefaultImporter)
Imported 'GUID: 124c112a6e8f1a54e8b0870e881b56d8' -> (Import Result ID: '74e0e26e2098b49427041131f27ecd6a') in 0.005 seconds [static dependencies only]. Details - ImportResultOutputID=3bdb64179b1687430e17c372a60e230c DependenciesID=002556867f1b70ea0643edf8b5da2ab5 StaticDependenciesID=362a85d367fc7b9a64b5d34a33e6ad12 
Importing 'GUID: a3d800b099a06e0478fb790c5e79057a - Path: Assets/TextMesh Pro/Shaders/TMP_SDF-URP Lit.shadergraph' with importer (DefaultImporter)
Imported 'GUID: a3d800b099a06e0478fb790c5e79057a' -> (Import Result ID: '21fcf2cf4f94c909c3caa0d23a51e50e') in 0.002 seconds [static dependencies only]. Details - ImportResultOutputID=b0737424a86d17413e22efd4b05d14d9 DependenciesID=10da17762b646c95560986d8fdf40459 StaticDependenciesID=92b0e5632af777002eb964e9a4448489 
Importing 'GUID: f63d574838ccfb44f84acc05fed0af48 - Path: Assets/TextMesh Pro/Shaders/TMP_SDF-HDRP UNLIT.shadergraph' with importer (DefaultImporter)
Imported 'GUID: f63d574838ccfb44f84acc05fed0af48' -> (Import Result ID: '10655eb8a0089695ac9eacf29abaffb1') in 0.002 seconds [static dependencies only]. Details - ImportResultOutputID=a002d4f71fdb3e63c9f70062605785b3 DependenciesID=c108999126d86508625996e34cccf059 StaticDependenciesID=08707910066af1681217aa4399120681 
Importing 'GUID: 176ca49f3ea90774e9bdae518698f3dc - Path: Packages/com.leonz.z-editor-tools/Model/FeiBi_SubTool2.mtl' with importer (DefaultImporter)
Imported 'GUID: 176ca49f3ea90774e9bdae518698f3dc' -> (Import Result ID: 'a2683293a24a3763d70fd57ff9d471e2') in 0.005 seconds [static dependencies only]. Details - ImportResultOutputID=3c292a06be9ba48513ad2c8cdf7ca55e DependenciesID=45e598777c4a295ad1165447810f1f6f StaticDependenciesID=9992ad7c762abe2edef41ac8a888b5e5 
Importing 'GUID: 9a75b5d7e55a5a34fb6476586df37c72 - Path: Packages/com.cysharp.unitask/Runtime/UniTaskExtensions.Shorthand.tt' with importer (DefaultImporter)
Imported 'GUID: 9a75b5d7e55a5a34fb6476586df37c72' -> (Import Result ID: 'b63080bafae51502ca48432dd10e61f8') in 0.002 seconds [static dependencies only]. Details - ImportResultOutputID=324107eaa47952851eecf4abd3b97eeb DependenciesID=01e580e7776258f7bb6f00a7cfa90cc0 StaticDependenciesID=53a52a8295a0b7ac8ec26edcce3f1fc9 
Importing 'GUID: ca2ed216f98028c4dae6c5224a952b3c - Path: Assets/TextMesh Pro/Shaders/TMP_SDF-HDRP LIT.shadergraph' with importer (DefaultImporter)
Imported 'GUID: ca2ed216f98028c4dae6c5224a952b3c' -> (Import Result ID: 'c7ed27aba061bf78124ff55ae1f69244') in 0.002 seconds [static dependencies only]. Details - ImportResultOutputID=ee6afe84a6b089e251dcb4d1d57cee2b DependenciesID=6afef61988b0093109d615c1f4d359b5 StaticDependenciesID=7d340d567266a68262c5d1c3598f32fd 
Importing 'GUID: 2c2ecfd98ee1b9a4c9fae1b398c32d75 - Path: Packages/com.cysharp.unitask/Runtime/UniTask.WhenAll.Generated.tt' with importer (DefaultImporter)
Imported 'GUID: 2c2ecfd98ee1b9a4c9fae1b398c32d75' -> (Import Result ID: 'd4660b02fb300ec08d5cce29339e887a') in 0.002 seconds [static dependencies only]. Details - ImportResultOutputID=f34a849de32ff9ef0afe135d3b43d05a DependenciesID=3a4abf03fb57d014a52ffa801ebbace1 StaticDependenciesID=70cacf861fa68ad7e2b0cbaa418e5d08 
Importing 'GUID: bc00e25696e4132499f56528d3fed2e3 - Path: Packages/com.unity.ugui/Package Resources/TMP Examples & Extras.unitypackage' with importer (DefaultImporter)
Imported 'GUID: bc00e25696e4132499f56528d3fed2e3' -> (Import Result ID: '6dcae046f07494bee394b871e9b82801') in 0.002 seconds [static dependencies only]. Details - ImportResultOutputID=5e64def7f760c9c68f91d0f7e63b32d7 DependenciesID=db2468517968ce15edb4741f341a05dd StaticDependenciesID=35a84fe4f568275afd52f175a747f5ad 
Importing 'GUID: 7d34f3cc1c0185b4990cf748e55a8688 - Path: Packages/com.unity.nuget.newtonsoft-json/Runtime/Newtonsoft.Json.pdb' with importer (DefaultImporter)
Imported 'GUID: 7d34f3cc1c0185b4990cf748e55a8688' -> (Import Result ID: '6d63bb84a211312a9319f9cce0bd15cc') in 0.005 seconds [static dependencies only]. Details - ImportResultOutputID=ab0b3aab74758e59ca0d8012b2070e2e DependenciesID=ee6e7742f71a7167c9f9bd7e8dd43b98 StaticDependenciesID=e2db1a5bc07490eddfcf3a8e57edebff 
Importing 'GUID: ce4ff17ca867d2b48b5c8a4181611901 - Path: Packages/com.unity.ugui/Package Resources/TMP Essential Resources.unitypackage' with importer (DefaultImporter)
Imported 'GUID: ce4ff17ca867d2b48b5c8a4181611901' -> (Import Result ID: 'b6d3a4f2931c3309acda9e6087cb30c0') in 0.002 seconds [static dependencies only]. Details - ImportResultOutputID=1b08adab5828572d6bd38dd46d26db87 DependenciesID=e24db9db30cece926185571a75108bad StaticDependenciesID=058d155859b9d9e003cf501d09971076 
Importing 'GUID: 01fbcccbc9a1a44c2bf42479f17dfb69 - Path: Packages/com.leonz.z-editor-tools/Editor/vTabs/Read me.pdf' with importer (DefaultImporter)
Imported 'GUID: 01fbcccbc9a1a44c2bf42479f17dfb69' -> (Import Result ID: '9a7444259e6d5744feace0fca039c3a3') in 0.005 seconds [static dependencies only]. Details - ImportResultOutputID=15ebebf6cc64f85bd119871948ed8972 DependenciesID=53bba21d2aaf0c8d9938110c0a0c41f1 StaticDependenciesID=485033b785a85723b2e5f28e037a38a3 
Importing 'GUID: a12def4c3ec4f6540b77f9c1eecda6a8 - Path: Assets/StreamingAssets/package/DefaultPackage/defaultpackage_share_assets_gamescripts_gamelogic_huntingindarkness_content_hunt_events_75454158b45456ed7eb12d59d1aa20ed.bundle' with importer (DefaultImporter)
Imported 'GUID: a12def4c3ec4f6540b77f9c1eecda6a8' -> (Import Result ID: '6d36a273acbb2443593e216a08510b56') in 0.004 seconds [static dependencies only]. Details - ImportResultOutputID=3f585ae853843c46be512d2f191e8c58 DependenciesID=fa9c5df0815f41193177560829df4e48 StaticDependenciesID=75149f607fda8618d7db66a7bb5e9412 
Importing 'GUID: b1b8cfa9d17af814a971ee2224aaaaa2 - Path: Packages/com.cysharp.unitask/Runtime/Linq/CombineLatest.tt' with importer (DefaultImporter)
Imported 'GUID: b1b8cfa9d17af814a971ee2224aaaaa2' -> (Import Result ID: '7e9358e6069924d6b1828d473d4cfff2') in 0.002 seconds [static dependencies only]. Details - ImportResultOutputID=e605c1800514e89e8e80ac04817955b9 DependenciesID=c3ac3fe34ed55912affe8b6b992d866e StaticDependenciesID=1f4967a6bb60b9e24295cc8dfbcb7f40 
Importing 'GUID: e151fddb96b461149b0f05b2b52b740f - Path: Assets/StreamingAssets/package/DefaultPackage/defaultpackage_share_assets_gamescripts_gamelogic_huntingindarkness_content_combat_726ee57cf02214c7261180dd29d1d4c8.bundle' with importer (DefaultImporter)
Imported 'GUID: e151fddb96b461149b0f05b2b52b740f' -> (Import Result ID: 'a04e78835fad1e4a92c83dd06ea1ec7d') in 0.002 seconds [static dependencies only]. Details - ImportResultOutputID=71d1f4b34de7f82d341e7cd80c91d9ba DependenciesID=f25da7c60fce6e149edda7b9595eceff StaticDependenciesID=cdfbc87ecdb748775f85ec06280f7725 
Importing 'GUID: 03cff15fe0aea70498e4db43961bdce7 - Path: Assets/StreamingAssets/package/DefaultPackage/defaultpackage_share_assets_gamescripts_gamelogic_huntingindarkness_content_settlement_progression_items_69697711a56cf24b2f89c1f20808b38d.bundle' with importer (DefaultImporter)
Imported 'GUID: 03cff15fe0aea70498e4db43961bdce7' -> (Import Result ID: 'bd5a572c45e9b82d025161623acae325') in 0.002 seconds [static dependencies only]. Details - ImportResultOutputID=692c0e8ca3ba43ad6985856882102107 DependenciesID=c2c40328eaf5e7f2b66d9eafdf835bd8 StaticDependenciesID=810477d632e00d74be372a23bf75cff5 
Importing 'GUID: 1396f5bdc432cd247ac75b97a31e4d1a - Path: Packages/com.unity.nuget.newtonsoft-json/Runtime/AOT/Newtonsoft.Json.pdb' with importer (DefaultImporter)
Imported 'GUID: 1396f5bdc432cd247ac75b97a31e4d1a' -> (Import Result ID: '50bbc61095f632f2ddba4ec4ed5746b2') in 0.000 seconds [static dependencies only]. Details - ImportResultOutputID=4c69539965c9a1fdd5169cc0adbf45ec DependenciesID=6010b2a9477e3bc4039447caabb1c7a7 StaticDependenciesID=1717f35951ede7329923119540a8d8d5 
Importing 'GUID: 2344424dc016a794cbebb45ce220cbcc - Path: Assets/StreamingAssets/package/DefaultPackage/defaultpackage_assets_assetraw_configs_huntingindarkness_settlementextensions_f0b182500e9312460043429bb15cfdfb.bundle' with importer (DefaultImporter)
Imported 'GUID: 2344424dc016a794cbebb45ce220cbcc' -> (Import Result ID: '4cdb776d6ff2924fe7efda791999ba4f') in 0.002 seconds [static dependencies only]. Details - ImportResultOutputID=98704c7e5fdb7816173bcbfcd9b36f6e DependenciesID=7c395d8d952e105ade37615bd228d3f8 StaticDependenciesID=9b7f42694397500ba6ad11ba5bfe8941 
Importing 'GUID: f35338d00372c5a4cae87383b8e8dd19 - Path: Assets/StreamingAssets/package/DefaultPackage/DefaultPackage_2026-08-28-536.hash' with importer (DefaultImporter)
Imported 'GUID: f35338d00372c5a4cae87383b8e8dd19' -> (Import Result ID: '715ce3c197fd7d6ffb842dd061b5e068') in 0.004 seconds [static dependencies only]. Details - ImportResultOutputID=e79db80012ad44faecb3a0154a71dff6 DependenciesID=d554864964ee12912d232cb325e1fdb1 StaticDependenciesID=3b93f06683c26f7707fcf7591effb940 
Importing 'GUID: 84bce45768c171d4490153eb08630a98 - Path: Packages/com.cysharp.unitask/Runtime/Linq/Average.tt' with importer (DefaultImporter)
Imported 'GUID: 84bce45768c171d4490153eb08630a98' -> (Import Result ID: '5ac1ac5fb46b7c1dbeb3a02ba30034b4') in 0.002 seconds [static dependencies only]. Details - ImportResultOutputID=13146b4990b8d70c115889d350cc0ec2 DependenciesID=53898915908defc76ad47a0498d2d47a StaticDependenciesID=82996974c7a35b7b9289b4b9e678cf9b 
Importing 'GUID: 94f8ac1028a950047bab78a7ed9b51b9 - Path: Assets/StreamingAssets/package/DefaultPackage/defaultpackage_assets_assetraw_configs_1189bad9742659abad66121bb145149e.bundle' with importer (DefaultImporter)
Imported 'GUID: 94f8ac1028a950047bab78a7ed9b51b9' -> (Import Result ID: '08c191539c28e6cdf8aadb6f76837434') in 0.002 seconds [static dependencies only]. Details - ImportResultOutputID=15f2de2174df28948a57d570abe66c5d DependenciesID=d5b64e2ddef60806007569a6c7660108 StaticDependenciesID=077969d33d5760deae9e02f1c97cb6ab 
Importing 'GUID: e4475c11dab33214592e685f8da2ca1c - Path: Assets/StreamingAssets/package/DefaultPackage/DefaultPackage_2026-08-28-536.bytes' with importer (DefaultImporter)
Imported 'GUID: e4475c11dab33214592e685f8da2ca1c' -> (Import Result ID: '7978a960f1c2135321a0a7d761178ac6') in 0.003 seconds [static dependencies only]. Details - ImportResultOutputID=31eea298c3dc5bfbc61e3ce1f2d39cb7 DependenciesID=7fd96700529f7ecfc8c5006330446a32 StaticDependenciesID=b6fec30c57198bbdad620564c44b7c4a 
Importing 'GUID: 35407f45efa87ff408f381bdafe1306d - Path: Assets/StreamingAssets/package/DefaultPackage/defaultpackage_assets_assetraw_configs_huntingindarkness_ea229358c581db2938415bced82b9d99.bundle' with importer (DefaultImporter)
Imported 'GUID: 35407f45efa87ff408f381bdafe1306d' -> (Import Result ID: '323c49b3ff5c77540d724467143587c3') in 0.002 seconds [static dependencies only]. Details - ImportResultOutputID=216890158ba30d7a39d1671756067f15 DependenciesID=eed77f78954a8ec310bfc1ec53f67a24 StaticDependenciesID=321324e3d91886b3f4559bc2483f5bae 
Importing 'GUID: a515aa31ad5448442af5d471219eb555 - Path: Assets/StreamingAssets/package/DefaultPackage/defaultpackage_share_assets_gamescripts_gamelogic_huntingindarkness_content_combat_playablecards_30a6367b42077f68464584932cb69582.bundle' with importer (DefaultImporter)
Imported 'GUID: a515aa31ad5448442af5d471219eb555' -> (Import Result ID: '60dfe61d45eea973881858893fbaa701') in 0.002 seconds [static dependencies only]. Details - ImportResultOutputID=a41b341ebb30d5d791fcdbd6921cf631 DependenciesID=56ec7a7de0902ea123b6880d1acb2404 StaticDependenciesID=03d3cd8e0850979cf9885c8a51fb92b5 
Importing 'GUID: a556c6cb6a800f241955f62a6b7f9c1d - Path: Assets/StreamingAssets/package/DefaultPackage/defaultpackage_share_assets_gamescripts_gamelogic_huntingindarkness_content_settlement_f5504499e1ae01dcb86615ecd2db5227.bundle' with importer (DefaultImporter)
Imported 'GUID: a556c6cb6a800f241955f62a6b7f9c1d' -> (Import Result ID: 'f5bf447a16255f690ade3692d2695a56') in 0.002 seconds [static dependencies only]. Details - ImportResultOutputID=bc2999e3789bb28b3fe501727f61da01 DependenciesID=458ce55f17c4cc9c210906102a88263a StaticDependenciesID=505b1eb059863115a72dc5b08773e578 
Importing 'GUID: 36f9ec0de39592340a10f1eddf1c5d75 - Path: Assets/StreamingAssets/package/DefaultPackage/defaultpackage_share_assets_gamescripts_gamelogic_huntingindarkness_content_combat_encounters_11a0051fb122176a6deb60ad515a9557.bundle' with importer (DefaultImporter)
Imported 'GUID: 36f9ec0de39592340a10f1eddf1c5d75' -> (Import Result ID: '02d0f8bc5f98d3654957d066c75d965e') in 0.002 seconds [static dependencies only]. Details - ImportResultOutputID=3f71bfad744642c479df7d8d566f71fc DependenciesID=c2d07792973c424329a2a4a97477c739 StaticDependenciesID=fb40a6631a8394682fb912770361beaa 
Importing 'GUID: 6643a72954a400f4f891bc33230747aa - Path: Assets/StreamingAssets/package/DefaultPackage/defaultpackage_share_assets_gamescripts_gamelogic_huntingindarkness_content_combat_playablecharacters_e4d43ba6e086a052e5e5d9ceeb53a4f4.bundle' with importer (DefaultImporter)
Imported 'GUID: 6643a72954a400f4f891bc33230747aa' -> (Import Result ID: 'c1317c12662d27969be55bc33d2d29cd') in 0.002 seconds [static dependencies only]. Details - ImportResultOutputID=bee0be01e7c6b83c218777f599c5e11c DependenciesID=9d632d497afa061527a28bc672dd0e40 StaticDependenciesID=ee126cf55ff71be58b4afcb4cfc02d2f 
Importing 'GUID: 76cb35851e5ad2b45bece59e3b80385d - Path: Assets/StreamingAssets/package/DefaultPackage/DefaultPackage.version' with importer (DefaultImporter)
Imported 'GUID: 76cb35851e5ad2b45bece59e3b80385d' -> (Import Result ID: 'a53877fce2c72e28c6a699bf201b4b01') in 0.002 seconds [static dependencies only]. Details - ImportResultOutputID=abb1c104a1769b88ba3d6369b766f03d DependenciesID=ff81cba607218994b0910b4d5a3168ea StaticDependenciesID=bab8f39c206f0af83ef397938e8ff8a1 
Importing 'GUID: b61271ca8e712494ab1ce2d10b180b6f - Path: Packages/com.cysharp.unitask/Runtime/Linq/Sum.tt' with importer (DefaultImporter)
Imported 'GUID: b61271ca8e712494ab1ce2d10b180b6f' -> (Import Result ID: 'b3966c2cd4c1614d29f55240596a27e2') in 0.002 seconds [static dependencies only]. Details - ImportResultOutputID=8f6c3d0df278c8bd353f29bcc7b8a2cf DependenciesID=51c8c87e942aa01b8b1d9ea9c87b6475 StaticDependenciesID=a33aa5df0ea8fab37c372dc5e6b95c12 
Importing 'GUID: 07a4cb3f1106b23449b5f8da7642c5bf - Path: Assets/StreamingAssets/package/DefaultPackage/BuildinCatalog.bytes' with importer (DefaultImporter)
Imported 'GUID: 07a4cb3f1106b23449b5f8da7642c5bf' -> (Import Result ID: '5dd131977a32b7f62680cf90d60a0510') in 0.002 seconds [static dependencies only]. Details - ImportResultOutputID=a1d985066813014ff54a1384cb03ee00 DependenciesID=809c055a439406bffecbb8fb58097a84 StaticDependenciesID=e42fa7eb3cfb3498d28a072acc225860 
Importing 'GUID: 172be66fc8ef7bc44a0b314abdddd188 - Path: Assets/StreamingAssets/package/DefaultPackage/defaultpackage_share_assets_gamescripts_gamelogic_huntingindarkness_content_hunt_2c5c5f1b34182072d148f4a89f924699.bundle' with importer (DefaultImporter)
Imported 'GUID: 172be66fc8ef7bc44a0b314abdddd188' -> (Import Result ID: 'da26ff84f8173f45c06e12dc171957e8') in 0.001 seconds [static dependencies only]. Details - ImportResultOutputID=98aa5b3b32c881de050f0c6dc23285e1 DependenciesID=425ce05134a2f905186033aa19c8f08d StaticDependenciesID=9e9c5a77565fd9911f129fa53508a045 
Importing 'GUID: 170fe7d5ee553c246abf7ff7eacb64fa - Path: Assets/StreamingAssets/package/DefaultPackage/defaultpackage_share_assets_gamescripts_gamelogic_huntingindarkness_content_combat_survivalevents_209ec36f112f153198ec2eecb580c590.bundle' with importer (DefaultImporter)
Imported 'GUID: 170fe7d5ee553c246abf7ff7eacb64fa' -> (Import Result ID: '80ac2bf2f6508b429aa62f77494d2724') in 0.002 seconds [static dependencies only]. Details - ImportResultOutputID=6d639ade9ed70ef40c8b42e82be63395 DependenciesID=8179949d859f34196806d4f1046decfa StaticDependenciesID=025c52fcf8271bfe869fc4301b21ac5c 
Importing 'GUID: 67b0181bf59d8a5448d1f7d68e97aa76 - Path: Assets/StreamingAssets/package/DefaultPackage/defaultpackage_assets_assetraw_fonts_huntingindarkness_8b087af8f765db4c0702ac74bfb07599.bundle' with importer (DefaultImporter)
Imported 'GUID: 67b0181bf59d8a5448d1f7d68e97aa76' -> (Import Result ID: '8cf885fecfea1bcc914ee7c51f1c3af7') in 0.002 seconds [static dependencies only]. Details - ImportResultOutputID=b55be9f6378e8927008534471dc42bcc DependenciesID=b5a9b5d15fdbac598c68e76a6bc98995 StaticDependenciesID=8e85660c6d33e4651ec6415b93df7ed9 
Importing 'GUID: 0866f6837ca14874089de311cbb699cc - Path: Assets/StreamingAssets/package/DefaultPackage/defaultpackage_share_assets_gamescripts_gamelogic_huntingindarkness_content_settlement_symptoms_a516dbb10bd253a6b48f17897465cf84.bundle' with importer (DefaultImporter)
Imported 'GUID: 0866f6837ca14874089de311cbb699cc' -> (Import Result ID: '40a440987e75247efd893b4fff85566a') in 0.002 seconds [static dependencies only]. Details - ImportResultOutputID=c7c3fc7ff8960518a269c1b2181f5541 DependenciesID=083506cb4827beabf03c429432055edb StaticDependenciesID=6e652b28fcac52da84b17bba20245dca 
Importing 'GUID: 18108e9feb2ec40498df573cfef2ea15 - Path: Packages/com.cysharp.unitask/Runtime/Linq/MinMax.tt' with importer (DefaultImporter)
Imported 'GUID: 18108e9feb2ec40498df573cfef2ea15' -> (Import Result ID: '79c34e8f3dbf84a76961a2eee85c525a') in 0.002 seconds [static dependencies only]. Details - ImportResultOutputID=93fe39c3c23ddbbf6c7f99dbd2eedc13 DependenciesID=17dbb4c207354ae93a4ad0bfac2ffcf1 StaticDependenciesID=658af67bb668c4929612a6557a6ddd3e 
Importing 'GUID: 28a1518b04181e344963cc92f14f5b52 - Path: Assets/StreamingAssets/package/DefaultPackage/defaultpackage_share_assets_gamescripts_gamelogic_huntingindarkness_content_hunt_items_445abcf3c27249045c525cf0e0fb73c0.bundle' with importer (DefaultImporter)
Imported 'GUID: 28a1518b04181e344963cc92f14f5b52' -> (Import Result ID: 'bf296163a4a93d1af914413505c12bde') in 0.002 seconds [static dependencies only]. Details - ImportResultOutputID=698a378727bb0549d2f6df52078db96a DependenciesID=5751ccfe02c0785dfb29dce5ccfbe3b8 StaticDependenciesID=e418f9717d1a27608d47f1a44b1047cc 
Importing 'GUID: 48b794f583d1d18458f5ec0db91586e4 - Path: Assets/StreamingAssets/package/DefaultPackage/defaultpackage_share_assets_gamescripts_gamelogic_huntingindarkness_so_weapon_weapon_so_4723d56ff3cde238ade5da8f16d4482c.bundle' with importer (DefaultImporter)
Imported 'GUID: 48b794f583d1d18458f5ec0db91586e4' -> (Import Result ID: '6655fae6314c160e7b5dadfe596ab288') in 0.002 seconds [static dependencies only]. Details - ImportResultOutputID=ee6c4e034e752a10c6df855d605fcb7f DependenciesID=2dc83334e58b9e65e35c1948ce5e8cac StaticDependenciesID=65dab8a9d805260b1aabc3793059a514 
Importing 'GUID: 585c3fb85b32bd64e8814074e754163e - Path: Packages/com.unity.ide.visualstudio/Editor/VSWhere/vswhere.exe' with importer (DefaultImporter)
Imported 'GUID: 585c3fb85b32bd64e8814074e754163e' -> (Import Result ID: '1fe2efe5cdcb0c2902558378da29e9c3') in 0.004 seconds [static dependencies only]. Details - ImportResultOutputID=6ecc1c2004f6d75c611573e393b2ee23 DependenciesID=2e49254b79a2a2cf4cf16f1e8a0b0125 StaticDependenciesID=8a827f9933d66fa7e503c384a21f89be 
Importing 'GUID: a94e3c090aa05684ba6ec4a658ffcda0 - Path: Assets/StreamingAssets/package/DefaultPackage/defaultpackage_share_assets_gamescripts_gamelogic_huntingindarkness_content_hunt_tiles_678a02fa31a92e9cbbe5cf2fe40352dc.bundle' with importer (DefaultImporter)
Imported 'GUID: a94e3c090aa05684ba6ec4a658ffcda0' -> (Import Result ID: '2034f6ae5c1747dd704f1213c6e4cbc1') in 0.002 seconds [static dependencies only]. Details - ImportResultOutputID=fdd7ea729b7ef24b988968c8b73ccb5b DependenciesID=6d2b7a1c5fc6c2dcb0df3e007a689773 StaticDependenciesID=9c3aab121d480c2ca5683f5c1aa196e6 
Importing 'GUID: fa5334502f288914fa67820e1946b0d4 - Path: Assets/StreamingAssets/package/DefaultPackage/defaultpackage_share_assets_gamescripts_gamelogic_huntingindarkness_content_settlement_tables_2106e7de3fdc7f0aac29b430f0afd563.bundle' with importer (DefaultImporter)
Imported 'GUID: fa5334502f288914fa67820e1946b0d4' -> (Import Result ID: 'ae271844e531d0635d09718b94b4dcc3') in 0.001 seconds [static dependencies only]. Details - ImportResultOutputID=e0b265e3061d97f3514be8bdd7c94a8f DependenciesID=99f3562cb0f0a36c684639f2fb94acf9 StaticDependenciesID=904aaf9e2976de04ab90a5ae744019be 
Importing 'GUID: 5bc65026e2b5e458b838d06e4ef39409 - Path: Packages/com.leonz.z-editor-tools/Editor/vInspector/Read me.pdf' with importer (DefaultImporter)
Imported 'GUID: 5bc65026e2b5e458b838d06e4ef39409' -> (Import Result ID: 'e5bbfb8ec6a1beb1ef2c4ebe4944db25') in 0.000 seconds [static dependencies only]. Details - ImportResultOutputID=b54696e13b742b7294a1113fe8e8e4aa DependenciesID=63f1dbebe3771a82e3ce4c69f886977d StaticDependenciesID=929eac11ace94f71cfa54f6ce37e8fcd 
Importing 'GUID: db79edeffa5772e44b5eb3a348977ed7 - Path: Assets/StreamingAssets/package/DefaultPackage/defaultpackage_share_assets_gamescripts_gamelogic_huntingindarkness_content_combat_permanentinjuries_59d886411dadc5af24d088298e446955.bundle' with importer (DefaultImporter)
Imported 'GUID: db79edeffa5772e44b5eb3a348977ed7' -> (Import Result ID: '1a4e54d1900204aabbaa4eab96ddf544') in 0.002 seconds [static dependencies only]. Details - ImportResultOutputID=c147158eceac47e4e53cdb5b7cc61f05 DependenciesID=58c96787f2ee3b4864236ae6fcc446a1 StaticDependenciesID=89367315bb925260104d966d161781ae 
Importing 'GUID: 0cfc00e46a7276b4e80469205406fcb3 - Path: Assets/StreamingAssets/package/DefaultPackage/BuildinCatalog.json' with importer (DefaultImporter)
Imported 'GUID: 0cfc00e46a7276b4e80469205406fcb3' -> (Import Result ID: '6a34ec82e8112234b8b25338e600147d') in 0.007 seconds [static dependencies only]. Details - ImportResultOutputID=f7eb00461a93a94ebec7f207039f0741 DependenciesID=b95888140854f333a67a5db6e4396712 StaticDependenciesID=3622a4d4c40556e4b62fa36ab4f38b27 
Importing 'GUID: 3ca26d0cd9373354c8cd147490f32c8e - Path: Packages/com.cysharp.unitask/Runtime/Triggers/MonoBehaviourMessagesTriggers.tt' with importer (DefaultImporter)
Imported 'GUID: 3ca26d0cd9373354c8cd147490f32c8e' -> (Import Result ID: 'fb976ad3db76456723b0de0a078bc5ee') in 0.002 seconds [static dependencies only]. Details - ImportResultOutputID=8e0dcc594744127908a56c46ae6de97d DependenciesID=a4d86d5679f2f3d3db6a21801406ca0f StaticDependenciesID=7bfd0e72647969e407e58d19d2f462d7 
Importing 'GUID: 3c08459359d6bff408f6f26d6d1b25d2 - Path: Assets/StreamingAssets/package/DefaultPackage/defaultpackage_share_assets_gamescripts_gamelogic_huntingindarkness_content_settlement_progression_inventions_0f947c8312da8f4ebd46957ce07ea2e1.bundle' with importer (DefaultImporter)
Imported 'GUID: 3c08459359d6bff408f6f26d6d1b25d2' -> (Import Result ID: 'd8db1f75435f905a9c48d173c655c24c') in 0.001 seconds [static dependencies only]. Details - ImportResultOutputID=4d8bfb78bbe67c28317909aa12d13c95 DependenciesID=e269ed8e792611268e26c270f72d17a5 StaticDependenciesID=f2171319dbb039a8676ff2c9e43e9cb0 
Importing 'GUID: 5c4f82cad22476841b0a093b6293ff9f - Path: Assets/StreamingAssets/package/DefaultPackage/defaultpackage_share_assets_gamescripts_gamelogic_huntingindarkness_content_combat_playableboss_60f4f27a8cd36ae9d5f8db5f4f4dd54b.bundle' with importer (DefaultImporter)
Imported 'GUID: 5c4f82cad22476841b0a093b6293ff9f' -> (Import Result ID: '53e63b869955a041fdf1e547e196746b') in 0.002 seconds [static dependencies only]. Details - ImportResultOutputID=fa638eb64948f757209d0a2894efa1b3 DependenciesID=958dd55a287f94d8d8635e820bec17b6 StaticDependenciesID=665267e612a383caafd899b812a99022 
Importing 'GUID: 7cabceb203a0e0545832d6c8b436c5a5 - Path: Assets/StreamingAssets/package/DefaultPackage/defaultpackage_share_assets_gamescripts_gamelogic_huntingindarkness_content_settlement_growth_01ac75ee71c998bb352d1087b5c9e770.bundle' with importer (DefaultImporter)
Imported 'GUID: 7cabceb203a0e0545832d6c8b436c5a5' -> (Import Result ID: '5a7283720bac6bebb5601dc5d061b2e4') in 0.002 seconds [static dependencies only]. Details - ImportResultOutputID=21433a21a0fa274667e5c776c5536cb5 DependenciesID=ff0c52e395562a614029f80ea08cfd27 StaticDependenciesID=501f99dc27adb27a8792dd2b92cf36de 
Importing 'GUID: 8c61ede27414a9b4ca8faa92be792041 - Path: Assets/StreamingAssets/package/DefaultPackage/defaultpackage_share_assets_gamescripts_gamelogic_huntingindarkness_content_settlement_hunters_fe40069afc0ed676cd5537772015e678.bundle' with importer (DefaultImporter)
Imported 'GUID: 8c61ede27414a9b4ca8faa92be792041' -> (Import Result ID: 'dee480be139c1c90d981d89333de1515') in 0.002 seconds [static dependencies only]. Details - ImportResultOutputID=30c0a93ab8f74a9cce6ee18af918be8f DependenciesID=485a691dc18feb35349bca77981071bf StaticDependenciesID=4e6492585c2d38b044010aca2fc8f1b5 
Importing 'GUID: dc70d2c4f369241dd99afd7c451b813e - Path: Assets/ZFramework/Extension/InputModule/InputSystem_Actions.inputactions' with importer (DefaultImporter)
Imported 'GUID: dc70d2c4f369241dd99afd7c451b813e' -> (Import Result ID: 'df373bc1d450e5de9156d0db04935391') in 0.003 seconds [static dependencies only]. Details - ImportResultOutputID=623b18100e31c53a17e44066dd70c1a9 DependenciesID=1dc38c89f40148fcb2143cf2feef0f65 StaticDependenciesID=54e2549be1930478c06b2baea6a807f8 
Importing 'GUID: 7f9a35dbe49cffd41a40d49c34f84c86 - Path: Assets/StreamingAssets/package/DefaultPackage/defaultpackage_assets_assetraw_configs_huntingindarkness_tables_e9664eb645e1b61c84bbd314d690517b.bundle' with importer (DefaultImporter)
Imported 'GUID: 7f9a35dbe49cffd41a40d49c34f84c86' -> (Import Result ID: 'f8c69d80a80f6dc73ddb727eaa0b2af9') in 0.002 seconds [static dependencies only]. Details - ImportResultOutputID=7e57aebaccc449f796b229b2bdd7d2e0 DependenciesID=b4f53688947e26d3eec5da01097d4699 StaticDependenciesID=5208ebb136981d5148d7ab29d223d829 
Importing 'GUID: bfb282efa3279144badca427561c4888 - Path: Assets/StreamingAssets/package/DefaultPackage/defaultpackage_share_assets_gamescripts_gamelogic_huntingindarkness_content_combat_playableboss_hitlocations_667f67f4938690ed6652118208f5bf95.bundle' with importer (DefaultImporter)
Imported 'GUID: bfb282efa3279144badca427561c4888' -> (Import Result ID: '9a56c9a7632f29fbff210cebe1583941') in 0.001 seconds [static dependencies only]. Details - ImportResultOutputID=55c4bcc50c1a07c4b4af7e3a225286c6 DependenciesID=2c55e2a5d69c0efae7e4862e78166aa5 StaticDependenciesID=3006700b1b1a8abb9aff2a36f3cbea06 
Importing 'GUID: cf8f72e8aba41c0469ca8d1e1e8b731a - Path: Assets/StreamingAssets/package/DefaultPackage/defaultpackage_share_assets_gamescripts_gamelogic_huntingindarkness_content_hunt_destinations_98ae5e8bb06084bd5d1d0cd32a7d5428.bundle' with importer (DefaultImporter)
Imported 'GUID: cf8f72e8aba41c0469ca8d1e1e8b731a' -> (Import Result ID: '7ad832325942620595c39640848a0bd9') in 0.001 seconds [static dependencies only]. Details - ImportResultOutputID=03955c6abad168b324f9f70488076e1d DependenciesID=59dfba157bc66585836a6c303f7a2241 StaticDependenciesID=8822bcb5b21955915374cd8bcee42217 
Importing 'GUID: ff585dae49f18214e9c9da6d8ab374b8 - Path: Assets/StreamingAssets/package/DefaultPackage/defaultpackage_share_assets_gamescripts_gamelogic_huntingindarkness_content_settlement_events_79f8d5af7189ed9d8e7df7ec6805bd18.bundle' with importer (DefaultImporter)
Imported 'GUID: ff585dae49f18214e9c9da6d8ab374b8' -> (Import Result ID: 'cab113f3e457f8e0af89468680e26e25') in 0.002 seconds [static dependencies only]. Details - ImportResultOutputID=71ac7dc8af039aa45a7931e0484f3d1c DependenciesID=f3b2f25a992ddf6be214ed9795732a51 StaticDependenciesID=e7e308e40ab46b3895598224a038575f 
Importing 'GUID: e9bb9fc551a975d44a7180e022a2debe - Path: Packages/com.cysharp.unitask/Runtime/External/TextMeshPro/TextMeshProAsyncExtensions.InputField.tt' with importer (DefaultImporter)
Imported 'GUID: e9bb9fc551a975d44a7180e022a2debe' -> (Import Result ID: '578fba4ae03d5f9da8ad8efd258a60fc') in 0.001 seconds [static dependencies only]. Details - ImportResultOutputID=a951512a67a863d45e119b0d734225ed DependenciesID=3220389937e5707ac12a4432dd39be70 StaticDependenciesID=3440fef3c58447a033a800b27b43171e 
Importing 'GUID: cb67edc1800c2ec4ba8dfb1cf0dfc84a - Path: Packages/com.unity.ide.visualstudio/Editor/COMIntegration/Release/COMIntegration.exe' with importer (DefaultImporter)
Imported 'GUID: cb67edc1800c2ec4ba8dfb1cf0dfc84a' -> (Import Result ID: 'a7d3f0f408d92c141f2ebe93f1c21dcf') in 0.000 seconds [static dependencies only]. Details - ImportResultOutputID=c7cef1e3021adb4f287ac2d516b22fa6 DependenciesID=1eb10bed380fa91f0c89c8e01d1d192b StaticDependenciesID=5e6ec4199268d6c4c8b1f322cc94f84f 
Importing 'GUID: 80899a9fbe3d3364eac2c5924c0a28cf - Path: Packages/com.unity.ai.navigation/EditorResources/Overlay/d_NavigationOverlay@128.png' with importer (TextureImporter)
Imported 'GUID: 80899a9fbe3d3364eac2c5924c0a28cf' -> (Import Result ID: 'cc1c21a64c90f122427ce25712ccb1b2') in 0.023 seconds [static and dynamic dependencies]. Details - ImportResultOutputID=20b23e8c01c1240a214ca088434461b1 DependenciesID=d313a98263cd51aec4f92c25e74d6957 StaticDependenciesID=91f8b9b9732242698565026bd5c05515 
Importing 'GUID: b0172c3ab97e219478711e1fbe9630f2 - Path: Packages/com.unity.ai.navigation/EditorResources/NavigationWindowIcon.png' with importer (TextureImporter)
Imported 'GUID: b0172c3ab97e219478711e1fbe9630f2' -> (Import Result ID: '88e1028b5346a99b6782a63bcdb2c1cc') in 0.003 seconds [static and dynamic dependencies]. Details - ImportResultOutputID=c5fa22d6cccf57c86146dae066d8a3b8 DependenciesID=8ffc7cba725260717b5dff7e31329cae StaticDependenciesID=b6363e3d1c806e17ec9f83f37528cb36 
Importing 'GUID: b05e7d8dc2bdbb14ab5b1da240ac65d5 - Path: Packages/com.unity.ai.navigation/EditorResources/Overlay/NavigationOverlay On@256.png' with importer (TextureImporter)
Imported 'GUID: b05e7d8dc2bdbb14ab5b1da240ac65d5' -> (Import Result ID: '71e07ef3577f382cdc6253225fc2c9b9') in 0.002 seconds [static and dynamic dependencies]. Details - ImportResultOutputID=60d9d994ada5e5208e5379fb04cf18cd DependenciesID=a7bc6e284d2f86924f5b4f0724114180 StaticDependenciesID=4b2b6ca19545908894460b24a88886a2 
Importing 'GUID: e05ace3bd15740cda0bad60d89092a5b - Path: Packages/com.unity.ugui/Editor Resources/Textures/btn_AlignRight_Light.psd' with importer (TextureImporter)
Imported 'GUID: e05ace3bd15740cda0bad60d89092a5b' -> (Import Result ID: '1767be438e7e38e580af27a60a265f50') in 0.009 seconds [static and dynamic dependencies]. Details - ImportResultOutputID=a229af3b5010fa0147b7e41b87f8b5f1 DependenciesID=08fd252c552ae5ac26fca2ed768c02fa StaticDependenciesID=6e5acb023244c00d0a9c1f490771343a 
Importing 'GUID: 41b96614b2e6494ba995ddcd252d11ae - Path: Packages/com.unity.ugui/Editor Resources/Textures/btn_AlignMiddle.psd' with importer (TextureImporter)
Imported 'GUID: 41b96614b2e6494ba995ddcd252d11ae' -> (Import Result ID: '57d43033ff3cea6e17b64b4c733e125b') in 0.002 seconds [static and dynamic dependencies]. Details - ImportResultOutputID=b38c5c4b03712d9e30dc9b459f1ceaf3 DependenciesID=ff3ea81955fd29eb7092782f99a00cbc StaticDependenciesID=6cfa7295cafa9f5e6bf37964c7eb2037 
Importing 'GUID: 81ed8c76d2bc4a4c95d092c98af4e58f - Path: Packages/com.unity.ugui/Editor Resources/Textures/btn_AlignCenter.psd' with importer (TextureImporter)
Imported 'GUID: 81ed8c76d2bc4a4c95d092c98af4e58f' -> (Import Result ID: 'ef8741eb024f2aa0b31dc44bc57602b4') in 0.002 seconds [static and dynamic dependencies]. Details - ImportResultOutputID=c2b44cb03f452f87f5ab1cf554fe1cf1 DependenciesID=aa3145ed9ad916f691d8cbb33a2b100b StaticDependenciesID=606ef26b438ebb21d41c14a922153ee8 
Importing 'GUID: c136efa5cc6d99a4d9e7bad0209aea25 - Path: Packages/com.unity.ai.navigation/EditorResources/Overlay/NavigationOverlay On.png' with importer (TextureImporter)
Imported 'GUID: c136efa5cc6d99a4d9e7bad0209aea25' -> (Import Result ID: '2aab32081582f38dfa5d837da7e68541') in 0.002 seconds [static and dynamic dependencies]. Details - ImportResultOutputID=5c410cb54d75d8f273f8755517dc39f8 DependenciesID=40978211e19aecc6eaf295628b32d13c StaticDependenciesID=9208413bdb46a4179f7015b93c25148b 
Importing 'GUID: 12736c98af174f91827a26b66d2b01b9 - Path: Packages/com.unity.ugui/Editor Resources/Textures/btn_AlignLeft_Light.psd' with importer (TextureImporter)
Imported 'GUID: 12736c98af174f91827a26b66d2b01b9' -> (Import Result ID: 'ed714dc211544ba2f381423300cc0c04') in 0.002 seconds [static and dynamic dependencies]. Details - ImportResultOutputID=2ac4f4f3cb224304354550257cad106c DependenciesID=3ee024de182ec5fb35039d0a74a3892f StaticDependenciesID=f1b3dea8c7fd308a24861c078b2523f7 
Importing 'GUID: 425f55e9ef81a5e48b87c5d6b1bbf35c - Path: Packages/com.unity.ai.navigation/EditorResources/d_NavigationWindowIcon.png' with importer (TextureImporter)
Imported 'GUID: 425f55e9ef81a5e48b87c5d6b1bbf35c' -> (Import Result ID: '9ac7ab6fb8b5ad265be64d0ef36092a5') in 0.001 seconds [static and dynamic dependencies]. Details - ImportResultOutputID=272c7fddb7ef370b2089c8b59373bef2 DependenciesID=4b867830673d68b6f4290af6d0085850 StaticDependenciesID=12a91f923a22abebf3be2a8820a22090 
Importing 'GUID: 92027f7f8cfc4feaa477da0dc38d3d46 - Path: Packages/com.unity.ugui/Editor Resources/Textures/btn_AlignJustified.psd' with importer (TextureImporter)
Imported 'GUID: 92027f7f8cfc4feaa477da0dc38d3d46' -> (Import Result ID: '66112939502dea3be68a97eb6810e7bc') in 0.002 seconds [static and dynamic dependencies]. Details - ImportResultOutputID=556e8a56f6e919eb180530019938d010 DependenciesID=6ce030255c1d0f9e622003a32c6c71c2 StaticDependenciesID=cafcef34478d9bfd767a55d24eed979c 
Importing 'GUID: 92f4afa3e25264f5b964937ccea49ff2 - Path: Packages/com.unity.ai.navigation/Gizmos/NavMeshLink Icon.png' with importer (TextureImporter)
Imported 'GUID: 92f4afa3e25264f5b964937ccea49ff2' -> (Import Result ID: '1faf0ae6edd8d7206acbfa7815bbce26') in 0.004 seconds [static and dynamic dependencies]. Details - ImportResultOutputID=cd3186e47315502296f7f1beb1959949 DependenciesID=23c86e838282f7416807c874a0c7086f StaticDependenciesID=123c337bbbf3d88a1a30c1749445db97 
Importing 'GUID: 9288066c33474b94b6ee5465f4df1cc0 - Path: Packages/com.unity.ugui/Editor Resources/Textures/btn_AlignLeft.psd' with importer (TextureImporter)
Imported 'GUID: 9288066c33474b94b6ee5465f4df1cc0' -> (Import Result ID: '5629d2c1fec2ae8b8980ded05184cae8') in 0.001 seconds [static and dynamic dependencies]. Details - ImportResultOutputID=7d85fc9205bc0ed4ceee655c3b2c3cce DependenciesID=f5ce3c78760260a2bdc4861453e3686d StaticDependenciesID=8c4a4b2d86fc9cde6b38598cd04153b0 
Importing 'GUID: a206ff0ddc681e642a2e62fc57a7d51c - Path: Packages/com.unity.ai.navigation/EditorResources/Overlay/d_NavigationOverlay On@2x.png' with importer (TextureImporter)
Imported 'GUID: a206ff0ddc681e642a2e62fc57a7d51c' -> (Import Result ID: '5174159393194b1ccd8de3c17cf7ff23') in 0.001 seconds [static and dynamic dependencies]. Details - ImportResultOutputID=422bd6d9ee244a05809efa2cf23aa0d2 DependenciesID=74be9399c9b7de5becfa6ad325446cbf StaticDependenciesID=7c1a33d6a208bcdb0814fcd6f3177245 
Importing 'GUID: c2f7f6a88b4c4f20a53deb72f3d9144c - Path: Packages/com.unity.ugui/Editor Resources/Textures/btn_AlignMidLine.psd' with importer (TextureImporter)
Imported 'GUID: c2f7f6a88b4c4f20a53deb72f3d9144c' -> (Import Result ID: '1547cf13437b634e8abef6936514402d') in 0.002 seconds [static and dynamic dependencies]. Details - ImportResultOutputID=60efec1956b072c106cd57152f9c114b DependenciesID=155e300fa41234f08f741e60cfdac680 StaticDependenciesID=65014ad5ea680191bd0a8a454543f409 
Importing 'GUID: 334589c596cc053418f700189f91111c - Path: Packages/com.unity.ai.navigation/EditorResources/Overlay/NavigationOverlay On@2x.png' with importer (TextureImporter)
Imported 'GUID: 334589c596cc053418f700189f91111c' -> (Import Result ID: '978066490ff39400389e9df7c7b7a57b') in 0.002 seconds [static and dynamic dependencies]. Details - ImportResultOutputID=2a515ab6f0339baa2f350f5a4525d1de DependenciesID=d4e81c5111359011e6b9c14e9580fede StaticDependenciesID=aecb3ed4f4968824ea367278353fa430 
Importing 'GUID: 731522d95656bec42a5fc0bdc672ebe9 - Path: Packages/com.unity.ai.navigation/EditorResources/Overlay/NavigationOverlay@16.png' with importer (TextureImporter)
Imported 'GUID: 731522d95656bec42a5fc0bdc672ebe9' -> (Import Result ID: 'bc92e393d8b8d31d3f6fa34262fc72f9') in 0.002 seconds [static and dynamic dependencies]. Details - ImportResultOutputID=545a6de4ea6bfa35df7ea292de2595c8 DependenciesID=57ef92ef4dc286b22fa6715b920008d3 StaticDependenciesID=1db8e2280868eb9173a52fafe5813d0b 
Importing 'GUID: b3cd430fb0ffe164fa829262bb9e1d4b - Path: Packages/com.unity.ai.navigation/EditorResources/Overlay/d_NavigationOverlay On@64.png' with importer (TextureImporter)
Imported 'GUID: b3cd430fb0ffe164fa829262bb9e1d4b' -> (Import Result ID: '41a7ada67e16348ee89cc021325cd6b9') in 0.003 seconds [static and dynamic dependencies]. Details - ImportResultOutputID=2b85c17f867190c98b5a874b5745c165 DependenciesID=ae2ebbf4a278c877afc99feb8574afbc StaticDependenciesID=3af5d401ca679e0cec25b467e8dc625f 
Importing 'GUID: e3b0f810fdea84e40ab4ba20f256f7e8 - Path: Packages/com.unity.ugui/Editor Resources/Textures/SectionHeader_Light.psd' with importer (TextureImporter)
Imported 'GUID: e3b0f810fdea84e40ab4ba20f256f7e8' -> (Import Result ID: 'd086bb952b2210d1a96c91e8bb3677a5') in 0.002 seconds [static and dynamic dependencies]. Details - ImportResultOutputID=a9923641f45f2bb5b8a3110d4d1cacde DependenciesID=95fb3403b42d59444ab22b85a319c4fd StaticDependenciesID=48bfd572d0fc30409086be0ca0ffe6d4 
Importing 'GUID: e3f0b16456276c94aab8bd6664208dc3 - Path: Packages/com.unity.ai.navigation/EditorResources/Overlay/NavigationOverlay.png' with importer (TextureImporter)
Imported 'GUID: e3f0b16456276c94aab8bd6664208dc3' -> (Import Result ID: '7a35b3d089e4385760a60de051b3e472') in 0.002 seconds [static and dynamic dependencies]. Details - ImportResultOutputID=75f287fd2809a8d47df81e80e349e4c2 DependenciesID=e1313ffe2051f1702fdafdaf80e46d46 StaticDependenciesID=aa631b55c392a16676df7067b9f2c5ef 
Importing 'GUID: 1497075210b6dcd4c8f31ecfc6c5c79c - Path: Packages/com.unity.ai.navigation/EditorResources/Overlay/NavigationOverlay@256.png' with importer (TextureImporter)
Imported 'GUID: 1497075210b6dcd4c8f31ecfc6c5c79c' -> (Import Result ID: 'ebcf1b2f94af86a4fc6a68d575d46d04') in 0.003 seconds [static and dynamic dependencies]. Details - ImportResultOutputID=7533e3a73f3c73a78efec9990529d04a DependenciesID=56d5c5728ec929588c2d5902b3bf82e0 StaticDependenciesID=cd37a36c9947ace2cc51ffcee0af1188 
Importing 'GUID: 342a0f8aca7f4f0691338912faec0494 - Path: Packages/com.unity.ugui/Editor Resources/Textures/btn_AlignRight.psd' with importer (TextureImporter)
Imported 'GUID: 342a0f8aca7f4f0691338912faec0494' -> (Import Result ID: 'a81c13731530d2896324a15532c34687') in 0.003 seconds [static and dynamic dependencies]. Details - ImportResultOutputID=8346911a928d5462bcd7f594b4b8246c DependenciesID=4e094920d698e3176dada1306d6b7bfa StaticDependenciesID=56842705d1b7bfefc759cafff41e63fb 
Importing 'GUID: 44837f46c53a42246a6de7fa161e0d00 - Path: Packages/com.unity.ai.navigation/EditorResources/Overlay/NavigationOverlay On@128.png' with importer (TextureImporter)
Imported 'GUID: 44837f46c53a42246a6de7fa161e0d00' -> (Import Result ID: 'ca3e9938427418e02a49a8202a36182c') in 0.002 seconds [static and dynamic dependencies]. Details - ImportResultOutputID=f5dda9e5e4ce478540648306e9851f76 DependenciesID=8c4f86615f2357790935f1082843a88b StaticDependenciesID=cf90efdab9fc32da5044b76d7c470ea6 
Importing 'GUID: 64b9fad609434c489c32b1cdf2004a1c - Path: Packages/com.unity.ugui/Editor Resources/Textures/btn_AlignFlush_Light.psd' with importer (TextureImporter)
Imported 'GUID: 64b9fad609434c489c32b1cdf2004a1c' -> (Import Result ID: '69392b966478c11a003ad8138bbea4c8') in 0.002 seconds [static and dynamic dependencies]. Details - ImportResultOutputID=06fa58f761b54fae695a49da5341696f DependenciesID=6a30d2a765c0ca46f75d297ceabed36f StaticDependenciesID=873f1977b22588c07245e470e6f251d5 
Importing 'GUID: 642f7453935154b44afc516c07b1d009 - Path: Packages/com.unity.ai.navigation/EditorResources/Overlay/d_NavigationOverlay On@256.png' with importer (TextureImporter)
Imported 'GUID: 642f7453935154b44afc516c07b1d009' -> (Import Result ID: 'd6ae7124f28759d57ce99955eb7a6f89') in 0.003 seconds [static and dynamic dependencies]. Details - ImportResultOutputID=7a7534b48f5273a8c11b3fc9d840eedb DependenciesID=9fa6cddbe20ab95416b48af12354bfaf StaticDependenciesID=fe69d7466c45dac12e1913407698cc56 
Importing 'GUID: e4f97225bcfb64760a1c81f460837f01 - Path: Packages/com.unity.ai.navigation/Gizmos/NavMeshSurface Icon.png' with importer (TextureImporter)
Imported 'GUID: e4f97225bcfb64760a1c81f460837f01' -> (Import Result ID: 'b865d4200678f04c125c751a6c9b1ee4') in 0.003 seconds [static and dynamic dependencies]. Details - ImportResultOutputID=f4cf68b8520cb56be43c25c3cf76b8c4 DependenciesID=350e761602b31d4600b4cb82d691bd82 StaticDependenciesID=97107a7d84a1f68aca206a1d9f9c755c 
Importing 'GUID: 151753cf3d5916d4fbf624668c268675 - Path: Packages/com.unity.ai.navigation/EditorResources/Overlay/NavigationOverlay On@64.png' with importer (TextureImporter)
Imported 'GUID: 151753cf3d5916d4fbf624668c268675' -> (Import Result ID: 'bd712d1d73b3b3b911059418d1810a1e') in 0.002 seconds [static and dynamic dependencies]. Details - ImportResultOutputID=9f84564f063159593ae149deedeab6d8 DependenciesID=994d0fad7eb9525dc3c82840a33bb92b StaticDependenciesID=74e985a1dd8425cd6525a3ed3eded531 
Importing 'GUID: 35ff0937876540d3bd4b6a941df62a92 - Path: Packages/com.unity.ugui/Editor Resources/Textures/btn_AlignCenterGeo_Light.psd' with importer (TextureImporter)
Imported 'GUID: 35ff0937876540d3bd4b6a941df62a92' -> (Import Result ID: 'c865e5759993deb2fb101ed4ac151394') in 0.002 seconds [static and dynamic dependencies]. Details - ImportResultOutputID=d33d6ed5dd12b5829705f2845c603899 DependenciesID=ac0ddb21a270badbf634aa99b1a22347 StaticDependenciesID=13c11de4347dbaa16668fc2813f85a60 
Importing 'GUID: f5dd88efd8622424998bf5326c5421eb - Path: Packages/com.unity.ai.navigation/EditorResources/Overlay/d_NavigationOverlay@256.png' with importer (TextureImporter)
Imported 'GUID: f5dd88efd8622424998bf5326c5421eb' -> (Import Result ID: '43ab2c775d7badde466f08808c3ec7dc') in 0.002 seconds [static and dynamic dependencies]. Details - ImportResultOutputID=fbb78a690383f65106110d7a06e7173b DependenciesID=b26a33068dd40eabe40b5711109a364f StaticDependenciesID=b33b2f833e0330aa05122e85c8bc429d 
Importing 'GUID: 066619c9c9c84f89acb1b48c11a7efe2 - Path: Packages/com.unity.ugui/Editor Resources/Textures/btn_AlignMiddle_Light.psd' with importer (TextureImporter)
Imported 'GUID: 066619c9c9c84f89acb1b48c11a7efe2' -> (Import Result ID: '732e0030774fe83884044209c931b69b') in 0.002 seconds [static and dynamic dependencies]. Details - ImportResultOutputID=274cde89f5e476065cf1635fae9320c7 DependenciesID=dd9858673cffdc5d8639327862cb5e4b StaticDependenciesID=4bdad9f5071ddadc60126fb2c9858329 
Importing 'GUID: 96c9a57d95a712d44978703ea9dd7f4e - Path: Packages/com.unity.ai.navigation/EditorResources/Overlay/d_NavigationOverlay On@16.png' with importer (TextureImporter)
Imported 'GUID: 96c9a57d95a712d44978703ea9dd7f4e' -> (Import Result ID: '25a9f27ca1593a9ae8ff6692df47881d') in 0.001 seconds [static and dynamic dependencies]. Details - ImportResultOutputID=a9c2d5e5b2730171514e1602519a035e DependenciesID=1b334c640efdd9deeaebe81f3c7f345d StaticDependenciesID=34b79b6d89df4d5e77f5afae4a43cce1 
Importing 'GUID: b642c6bf23e624e23ad11b3e1d471932 - Path: Packages/com.unity.ai.navigation/Gizmos/NavMeshModifier Icon.png' with importer (TextureImporter)
Imported 'GUID: b642c6bf23e624e23ad11b3e1d471932' -> (Import Result ID: 'df73debde2ed763bcee2cb504ca50a0b') in 0.004 seconds [static and dynamic dependencies]. Details - ImportResultOutputID=1006199c352b38e108fe8c81dd3d533c DependenciesID=96591e3114d5df6987aa73d8d36989c0 StaticDependenciesID=53c4a5e7ff304f9c2c14ea8cb55e10b7 
Importing 'GUID: b6e9efbd024841a4abda745f301e292d - Path: Packages/com.leonz.z-editor-tools/Model/FeiBi_SubTool2Tex2.png' with importer (TextureImporter)
Imported 'GUID: b6e9efbd024841a4abda745f301e292d' -> (Import Result ID: 'f56f23ec5274fe6e2c97cf9f3c0b9f2e') in 0.139 seconds [static and dynamic dependencies]. Details - ImportResultOutputID=0e1dd77ff5b84b54d7551cefb8d9eae5 DependenciesID=79bfcf213e235c3dfa5f0928a6078e9a StaticDependenciesID=ab7ec296b677fbd4e0b5f0eebc9206b6 
Importing 'GUID: a7ec9e7ad8b847b7ae4510af83c5d868 - Path: Packages/com.unity.ugui/Editor Resources/Gizmos/TMP - Dropdown Icon.psd' with importer (TextureImporter)
Imported 'GUID: a7ec9e7ad8b847b7ae4510af83c5d868' -> (Import Result ID: 'bac9f0d5c5aac10899c031820753bdb5') in 0.002 seconds [static and dynamic dependencies]. Details - ImportResultOutputID=c2213d370bd4d602ca4fcec2465bafb1 DependenciesID=90af502d3d1507c71d19dd0653591ca7 StaticDependenciesID=8d13e25eced332281b89ef86fdddb88d 
Importing 'GUID: c76700ea0062413d9f69409b4e9e151b - Path: Packages/com.unity.ugui/Editor Resources/Textures/btn_AlignCenterGeo.psd' with importer (TextureImporter)
Imported 'GUID: c76700ea0062413d9f69409b4e9e151b' -> (Import Result ID: 'c719dc3c0998b3166a03066f8f8a0c58') in 0.002 seconds [static and dynamic dependencies]. Details - ImportResultOutputID=81774207d2d6eb1abb366093865b6b45 DependenciesID=eb5b010c9e3847d2b751b4e1f169225b StaticDependenciesID=8da660e34ca33c147ccf1fcc2ea5749c 
Importing 'GUID: f7a3e2b3beab29040bc1a68f0ad0045c - Path: Packages/com.unity.ai.navigation/EditorResources/Overlay/NavigationOverlay On@32.png' with importer (TextureImporter)
Imported 'GUID: f7a3e2b3beab29040bc1a68f0ad0045c' -> (Import Result ID: 'c547103bfec457aac070209cd461e72f') in 0.002 seconds [static and dynamic dependencies]. Details - ImportResultOutputID=e0c6c07a56c3c91b99eab4092d0dd2e3 DependenciesID=784a901d0962c67abeb615cd3b635fc4 StaticDependenciesID=23a5db666c7eb84884b451ba9f9e85ff 
Importing 'GUID: 18775b51e3bd42299fd30bd036ea982f - Path: Packages/com.unity.ugui/Editor Resources/Textures/btn_AlignBaseLine_Light.psd' with importer (TextureImporter)
Imported 'GUID: 18775b51e3bd42299fd30bd036ea982f' -> (Import Result ID: '5c01335b57f8b99dc528bc9c291dcc69') in 0.002 seconds [static and dynamic dependencies]. Details - ImportResultOutputID=8dc94930ba8826d7650b1a3ad34e010c DependenciesID=8e9b2bdace2d3ed209d41be344b60ec8 StaticDependenciesID=5f7059750c1c8d9726a36c644757883b 
Importing 'GUID: 48d034c499ee4697af9dd6e327110249 - Path: Packages/com.unity.ugui/Editor Resources/Textures/btn_AlignTop.psd' with importer (TextureImporter)
Imported 'GUID: 48d034c499ee4697af9dd6e327110249' -> (Import Result ID: '20fcb125051e6dbef28973b255f053a4') in 0.002 seconds [static and dynamic dependencies]. Details - ImportResultOutputID=d586cc6ea8c01f7af95f9fc6c438db53 DependenciesID=f400c8122a758392a87222a4b16652e9 StaticDependenciesID=0160dfa8864f597edcc5d7a25ba5fb91 
Importing 'GUID: 585b70cb75dd43efbfead809c30a1731 - Path: Packages/com.unity.ugui/Editor Resources/Textures/btn_AlignBottom_Light.psd' with importer (TextureImporter)
Imported 'GUID: 585b70cb75dd43efbfead809c30a1731' -> (Import Result ID: '5347d3a95f56ce451c665075448b6908') in 0.002 seconds [static and dynamic dependencies]. Details - ImportResultOutputID=cfd6fde3290bf04e003043afd7cf0769 DependenciesID=e9bcc1c636edd07d5ba0b855be29a726 StaticDependenciesID=6225329215a4aac3c3cda3aef4e7cf49 
Importing 'GUID: b8a654e77ffbbcd4abdda7fdb70fbb9e - Path: Packages/com.unity.ai.navigation/EditorResources/Overlay/d_NavigationOverlay On@32.png' with importer (TextureImporter)
Imported 'GUID: b8a654e77ffbbcd4abdda7fdb70fbb9e' -> (Import Result ID: '6cdeb68a041c08a134fa40c38cfa3d63') in 0.002 seconds [static and dynamic dependencies]. Details - ImportResultOutputID=af02fac81d3ae457b77ff492a295f614 DependenciesID=8009239fed1fa1b3bf41304bd46ccb7a StaticDependenciesID=dc54481084683e5f62b56ef350d03a5c 
Importing 'GUID: 49679f302ac6408697f6b9314a38985c - Path: Packages/com.unity.ugui/Editor Resources/Textures/btn_AlignCapLine_Light.psd' with importer (TextureImporter)
Imported 'GUID: 49679f302ac6408697f6b9314a38985c' -> (Import Result ID: 'dccfb44f43ae468452bfb1d6faea8345') in 0.002 seconds [static and dynamic dependencies]. Details - ImportResultOutputID=10983419734de9da7cbb72e17d4ba54f DependenciesID=6f9d2308a61c35fa18c17153c48e9434 StaticDependenciesID=caefcec09aea723108da504b7e8f7279 
Importing 'GUID: 691475c57a824010be0c6f474caeb7e1 - Path: Packages/com.unity.ugui/Editor Resources/Textures/btn_AlignFlush.psd' with importer (TextureImporter)
Imported 'GUID: 691475c57a824010be0c6f474caeb7e1' -> (Import Result ID: '0d1d453c5b302312ac468023ea11c22b') in 0.002 seconds [static and dynamic dependencies]. Details - ImportResultOutputID=d0ca6edd42b828ecc958e09e3445969e DependenciesID=bffcbaa8620440130b8b415c5a54e8df StaticDependenciesID=4765bfa9481017c7d1fa0b6a0fbdd59d 
Importing 'GUID: f9a2f623ba32a844da6de770f5ccf17f - Path: Packages/com.unity.ai.navigation/EditorResources/Overlay/NavigationOverlay@32.png' with importer (TextureImporter)
Imported 'GUID: f9a2f623ba32a844da6de770f5ccf17f' -> (Import Result ID: '79c3bacf19df48ec2d74d7c0ee81ac2e') in 0.002 seconds [static and dynamic dependencies]. Details - ImportResultOutputID=2fd98ebb90e450291823daa57adf8d23 DependenciesID=0c38b1437c2e04f692f9d14d622b8b88 StaticDependenciesID=2d0536354d38d3aa27c53282ee0f5eca 
Importing 'GUID: 6a986a181c9bc6043b057a3d15edbaad - Path: Packages/com.unity.ai.navigation/EditorResources/Overlay/d_NavigationOverlay.png' with importer (TextureImporter)
Imported 'GUID: 6a986a181c9bc6043b057a3d15edbaad' -> (Import Result ID: '86eed0e24cc00817c2e69aef08ece1a0') in 0.002 seconds [static and dynamic dependencies]. Details - ImportResultOutputID=973ad75d0c5e0b0cfc50e784795fc0d5 DependenciesID=d7d71c82cc21aad0079e54474aa52fa1 StaticDependenciesID=757201fcb6bcb901337be5dfe031f310 
Importing 'GUID: 6ace62d30f494c948b71d5594afce11d - Path: Packages/com.unity.ugui/Editor Resources/Textures/btn_AlignCenter_Light.psd' with importer (TextureImporter)
Imported 'GUID: 6ace62d30f494c948b71d5594afce11d' -> (Import Result ID: '1fb7ece6d3e07ee62127c3a47bf6f8c7') in 0.001 seconds [static and dynamic dependencies]. Details - ImportResultOutputID=3cbcc66c70982070b4c5e6611bb976e3 DependenciesID=c349d7c5b01034bf15453127db377f06 StaticDependenciesID=068ccfc6fab2af60d535632b923e407f 
Importing 'GUID: ca51b19024094d1b87f3e07edb0a75fb - Path: Packages/com.unity.ugui/Editor Resources/Textures/btn_AlignBottom.psd' with importer (TextureImporter)
Imported 'GUID: ca51b19024094d1b87f3e07edb0a75fb' -> (Import Result ID: '47fe62fd4417511cb6f71975ee70ba67') in 0.002 seconds [static and dynamic dependencies]. Details - ImportResultOutputID=fc2b97cd0e6bbe790aa9341cf2cf8875 DependenciesID=59d9642e522a3ebb9037233335a88d00 StaticDependenciesID=8e274978f3fec035dab9e98243169499 
Importing 'GUID: fa6bd40a216346b783a4cce741d277a5 - Path: Packages/com.unity.ugui/Editor Resources/Textures/btn_AlignJustified_Light.psd' with importer (TextureImporter)
Imported 'GUID: fa6bd40a216346b783a4cce741d277a5' -> (Import Result ID: 'f8838d4015a15b8fffe00a5b679c2ba7') in 0.002 seconds [static and dynamic dependencies]. Details - ImportResultOutputID=32e4300f1918b119a9851eb373a5b68f DependenciesID=32cb076982141ddff498c1ce4bb00e77 StaticDependenciesID=9620f8a1b9a63fd80993828e7d337524 
Importing 'GUID: 1b6bf0e7b03fea94987a73d0cb14781b - Path: Packages/com.unity.ai.navigation/EditorResources/Overlay/NavigationOverlay@128.png' with importer (TextureImporter)
Imported 'GUID: 1b6bf0e7b03fea94987a73d0cb14781b' -> (Import Result ID: '6aeada4528a3a286840484262e18a375') in 0.002 seconds [static and dynamic dependencies]. Details - ImportResultOutputID=e424e54b84bd7b00545e4fe7038b1b67 DependenciesID=69b3d5d65860c608bed7f78c0227e1ea StaticDependenciesID=e75e2103cd07e9b4785a7d04a0e9435d 
Importing 'GUID: 5b2a8a1e265e99b4fb8d77061490f397 - Path: Packages/com.unity.ai.navigation/EditorResources/Overlay/d_NavigationOverlay On@128.png' with importer (TextureImporter)
Imported 'GUID: 5b2a8a1e265e99b4fb8d77061490f397' -> (Import Result ID: '12f212635a3251e6e7bb6762699c3d2f') in 0.002 seconds [static and dynamic dependencies]. Details - ImportResultOutputID=720479481cc1a0c5acd0bcfe7bfb8507 DependenciesID=cd1fd8935843cc1bd9b79098dda63489 StaticDependenciesID=d1b5219bf5bf4ad93d03822366cbde76 
Importing 'GUID: 8bc445bb79654bf496c92d0407840a92 - Path: Packages/com.unity.ugui/Editor Resources/Textures/btn_AlignBaseLine.psd' with importer (TextureImporter)
Imported 'GUID: 8bc445bb79654bf496c92d0407840a92' -> (Import Result ID: 'e48cab2c62110cfadfa3c95723d0272f') in 0.002 seconds [static and dynamic dependencies]. Details - ImportResultOutputID=2b63d30b6f3e4a087599212249181e4a DependenciesID=8ef46f5042c63de0a736b2709b94f616 StaticDependenciesID=18408eb548eb816ff70d53988db21494 
Importing 'GUID: bb42b2d967d6427983c901a4ffc8ecd9 - Path: Packages/com.unity.ugui/Editor Resources/Textures/btn_AlignMidline_Light.psd' with importer (TextureImporter)
Imported 'GUID: bb42b2d967d6427983c901a4ffc8ecd9' -> (Import Result ID: 'eeee6a968babeda3a530a61ce8b53dbe') in 0.002 seconds [static and dynamic dependencies]. Details - ImportResultOutputID=62f6d6621d0caeedab94ed0e9304d23b DependenciesID=60cbf71066eec6adadeab055934a20b8 StaticDependenciesID=922185cb8dc159b6f094400508167933 
Importing 'GUID: fb5730e24283d0c489e5c7d0bee023d9 - Path: Packages/com.unity.ugui/Editor Resources/Textures/SectionHeader_Dark.psd' with importer (TextureImporter)
Imported 'GUID: fb5730e24283d0c489e5c7d0bee023d9' -> (Import Result ID: '22ffeb5133ff439c47c1b3b43f9af33a') in 0.002 seconds [static and dynamic dependencies]. Details - ImportResultOutputID=73e39860f08594ba96e2e6a192ea49c9 DependenciesID=648fb1148c00919553ffce1b4acba7a7 StaticDependenciesID=6e17f87e3aae37eb1a7df222edf1e03f 
Importing 'GUID: 1c89fbe185cd30b4584ab3d5476807eb - Path: Packages/com.unity.ai.navigation/EditorResources/Overlay/NavigationOverlay On@16.png' with importer (TextureImporter)
Imported 'GUID: 1c89fbe185cd30b4584ab3d5476807eb' -> (Import Result ID: '3b6573b5494770179da6e10b0a25aff6') in 0.002 seconds [static and dynamic dependencies]. Details - ImportResultOutputID=099f7330cd080fdca0e8575a0ff7f4a6 DependenciesID=3b2c17be5f478163a1721baf41773cf5 StaticDependenciesID=1741e6c1ccaf4227b344e1ffcbdaf844 
Importing 'GUID: 5c5ac68c1bc4e104f9e987b9d1da4556 - Path: Packages/com.unity.ai.navigation/EditorResources/Overlay/d_NavigationOverlay On.png' with importer (TextureImporter)
Imported 'GUID: 5c5ac68c1bc4e104f9e987b9d1da4556' -> (Import Result ID: '3f591377b5a128b486045eff0afe58c1') in 0.001 seconds [static and dynamic dependencies]. Details - ImportResultOutputID=b595f54c7739d36bf57accfc8492fd33 DependenciesID=2cf46ebe664e240066204813e875408e StaticDependenciesID=f6b41c3b37a93fc5459bdfe1684f6ddb 
Importing 'GUID: cc7b9475dbddf4f9088d327d6e10ab77 - Path: Packages/com.unity.ai.navigation/Gizmos/NavMeshModifierVolume Icon.png' with importer (TextureImporter)
Imported 'GUID: cc7b9475dbddf4f9088d327d6e10ab77' -> (Import Result ID: '150a6fcd73440798d3644426e286b7c2') in 0.004 seconds [static and dynamic dependencies]. Details - ImportResultOutputID=e20f70ae7d79d6090d8e0ec8f0f93295 DependenciesID=31c3af89a98335f8f44411e80d6d757b StaticDependenciesID=fb678503a0cf86965d00b8c71b785a0c 
Importing 'GUID: ec7c645d93308c04d8840982af12101e - Path: Packages/com.unity.ugui/Editor Resources/Gizmos/TMP - Sprite Asset Icon.psd' with importer (TextureImporter)
Imported 'GUID: ec7c645d93308c04d8840982af12101e' -> (Import Result ID: 'c61d2a771289caae8dbf38ca6028b89f') in 0.002 seconds [static and dynamic dependencies]. Details - ImportResultOutputID=9071c4828f82f1de0327c30d57be7e91 DependenciesID=16d1bd16b4cc4519e684ea3b9376ef28 StaticDependenciesID=71d77da5a7d0a0008380afaf33528e00 
Importing 'GUID: fc46fceb4d1516544b7f503337211f65 - Path: Packages/com.unity.ai.navigation/EditorResources/Overlay/NavigationOverlay@64.png' with importer (TextureImporter)
Imported 'GUID: fc46fceb4d1516544b7f503337211f65' -> (Import Result ID: '5b94f96cf814efcd8de58f4377f3c351') in 0.001 seconds [static and dynamic dependencies]. Details - ImportResultOutputID=3be2fc81103a6283961b12acab0f492a DependenciesID=12ddf59f3e46ed5e9c83b7c9927cfe4b StaticDependenciesID=82328c286817fd3239ab0058947e6d76 
Importing 'GUID: 0d9a36012a224080966c7b55896aa0f9 - Path: Packages/com.unity.ugui/Editor Resources/Textures/btn_AlignCapLine.psd' with importer (TextureImporter)
Imported 'GUID: 0d9a36012a224080966c7b55896aa0f9' -> (Import Result ID: 'dd1f2aa1f93f0f2a132b6973b239bc3d') in 0.001 seconds [static and dynamic dependencies]. Details - ImportResultOutputID=ae207cfba64a8301badb7412e6d6f5d2 DependenciesID=04b6eecc2d0f28e9d815811234a03d18 StaticDependenciesID=3abbc4605984f119e5f0325e5585800e 
Importing 'GUID: 1dacc9e843ef1444fad71e40913ef05c - Path: Packages/com.unity.ai.navigation/EditorResources/Overlay/d_NavigationOverlay@64.png' with importer (TextureImporter)
Imported 'GUID: 1dacc9e843ef1444fad71e40913ef05c' -> (Import Result ID: '06638b4358f82ceb8b97f9d1a68071c2') in 0.002 seconds [static and dynamic dependencies]. Details - ImportResultOutputID=49a2c9df36dec4d1774e7a9afeb5477e DependenciesID=8dc1ec691eb5446d0fab1a35f06cb2bc StaticDependenciesID=a0b04f1d39f81a5516cd44bf0e3318bc 
Importing 'GUID: 7d5867654fa2bf448b06f384143ceca7 - Path: Packages/com.unity.ai.navigation/EditorResources/Overlay/d_NavigationOverlay@2x.png' with importer (TextureImporter)
Imported 'GUID: 7d5867654fa2bf448b06f384143ceca7' -> (Import Result ID: '5b3cac8ef5e703577f37dedce3330ac2') in 0.002 seconds [static and dynamic dependencies]. Details - ImportResultOutputID=e224b46301a6192d5c98d0367aff07cf DependenciesID=056293e534a2718b06c45d2b10d7f830 StaticDependenciesID=b9a36826267122d854299f3813bf570b 
Importing 'GUID: 8d8d1929f2279804e8a744d3da25e23b - Path: Packages/com.unity.ai.navigation/EditorResources/Overlay/d_NavigationOverlay@16.png' with importer (TextureImporter)
Imported 'GUID: 8d8d1929f2279804e8a744d3da25e23b' -> (Import Result ID: 'dc79bbed3614cc6596f519d0bcad7a53') in 0.002 seconds [static and dynamic dependencies]. Details - ImportResultOutputID=cc27ff326dce4ce87077775725a478d5 DependenciesID=467fba1a2d814e58e06b905211fc7c4d StaticDependenciesID=9bcdd8b99ffee6761dffa43551849f05 
Importing 'GUID: 9d244ceb235342e4c8f308aa1f71be7e - Path: Packages/com.unity.ai.navigation/EditorResources/Overlay/NavigationOverlay@2x.png' with importer (TextureImporter)
Imported 'GUID: 9d244ceb235342e4c8f308aa1f71be7e' -> (Import Result ID: 'c0ad006aad30463f0c50b37da0f2ecfd') in 0.002 seconds [static and dynamic dependencies]. Details - ImportResultOutputID=7bbaae7f16d4a95a36794f816e247ffb DependenciesID=bf9e096db0a0d4bc3abd3c1104415a45 StaticDependenciesID=a736a632e7cae3852591313b88aaad37 
Importing 'GUID: ed041e68439749a69d0efa0e3d896c2e - Path: Packages/com.unity.ugui/Editor Resources/Textures/btn_AlignTop_Light.psd' with importer (TextureImporter)
Imported 'GUID: ed041e68439749a69d0efa0e3d896c2e' -> (Import Result ID: '96254e10718363fae4e82409199160f6') in 0.002 seconds [static and dynamic dependencies]. Details - ImportResultOutputID=6d533b6f0b98db9bc47da5a392606fad DependenciesID=25d6a30f5651bf161e30918acf490325 StaticDependenciesID=9b681875e46b156a7ccd904e7bcdefbb 
Importing 'GUID: 3ee40aa79cd242a5b53b0b0ca4f13f0f - Path: Packages/com.unity.ugui/Editor Resources/Gizmos/TMP - Input Field Icon.psd' with importer (TextureImporter)
Imported 'GUID: 3ee40aa79cd242a5b53b0b0ca4f13f0f' -> (Import Result ID: '4cf7e12f9477b6a661edaf22b1703770') in 0.003 seconds [static and dynamic dependencies]. Details - ImportResultOutputID=2ce306adce7f67451b39c112a27afd5b DependenciesID=a35818a9790767230aeb68fe17f9b9ca StaticDependenciesID=8ce879d1c550b9c9d8b2b87679ee8207 
Importing 'GUID: ee148e281f3c41c5b4ff5f8a5afe5a6c - Path: Packages/com.unity.ugui/Editor Resources/Gizmos/TMP - Font Asset Icon.psd' with importer (TextureImporter)
Imported 'GUID: ee148e281f3c41c5b4ff5f8a5afe5a6c' -> (Import Result ID: 'c7009178aacee231f0cbee647f63eba1') in 0.002 seconds [static and dynamic dependencies]. Details - ImportResultOutputID=3d68fe10b88ec561accde4267dcc18a0 DependenciesID=46d3f00ccf4f653100a690e3d8cf37c0 StaticDependenciesID=31a557f0f0a0e9460a546b8c9f4eea6e 
Importing 'GUID: 2fd6421f253b4ef1a19526541f9ffc0c - Path: Packages/com.unity.ugui/Editor Resources/Gizmos/TMP - Text Component Icon.psd' with importer (TextureImporter)
Imported 'GUID: 2fd6421f253b4ef1a19526541f9ffc0c' -> (Import Result ID: '493e1cbaa8369ad78ccf533d7154fa5f') in 0.002 seconds [static and dynamic dependencies]. Details - ImportResultOutputID=6676a7ff42669b4e910efa4b273aee84 DependenciesID=e89b8ed6a8097bce09d16a07c617cdcb StaticDependenciesID=1c4e55390e2f82778d7fb6ab4552a6bd 
Importing 'GUID: 6f3c566cd9f63c9408d201ea50b51444 - Path: Packages/com.unity.ai.navigation/EditorResources/Overlay/d_NavigationOverlay@32.png' with importer (TextureImporter)
Imported 'GUID: 6f3c566cd9f63c9408d201ea50b51444' -> (Import Result ID: 'b93cfda7e7d46952dd48720c882782c0') in 0.002 seconds [static and dynamic dependencies]. Details - ImportResultOutputID=c13f001a115f0c879bdc32cca6f94bff DependenciesID=e79daeb0e608396d6d265f3153df4131 StaticDependenciesID=41e0844851d1fa63935cbf2c3a6ea46c 
Importing 'GUID: 407bc68d299748449bbf7f48ee690f8d - Path: Assets/TextMesh Pro/Shaders/TMPro.cginc' with importer (ShaderIncludeImporter)
Imported 'GUID: 407bc68d299748449bbf7f48ee690f8d' -> (Import Result ID: '9e254440b3305a5a06c6d1709e4c6067') in 0.005 seconds [static dependencies only]. Details - ImportResultOutputID=1bd22da0221ba991566ca4e6dfae75f5 DependenciesID=4931066a93361b7b6d5f8ed0dd170c6f StaticDependenciesID=ea7796f5121807732d2d04c2044907b7 
Importing 'GUID: c334973cef89a9840b0b0c507e0377ab - Path: Assets/TextMesh Pro/Shaders/TMPro_Mobile.cginc' with importer (ShaderIncludeImporter)
Imported 'GUID: c334973cef89a9840b0b0c507e0377ab' -> (Import Result ID: 'e87ffda02ee5ccbd8b67934feaf7a5d0') in 0.001 seconds [static dependencies only]. Details - ImportResultOutputID=9e8a43846baefc8da31eb43e9237046f DependenciesID=4b49ec074b0bb6d6963e3b7ab157f866 StaticDependenciesID=44f0e73dfebed64251714ac9efbdec41 
Importing 'GUID: 96de908384869cd409c75efa351d5edf - Path: Assets/TextMesh Pro/Shaders/SDFFunctions.hlsl' with importer (ShaderIncludeImporter)
Imported 'GUID: 96de908384869cd409c75efa351d5edf' -> (Import Result ID: '3f0279b17505a33c745d153204aa50d5') in 0.001 seconds [static dependencies only]. Details - ImportResultOutputID=32e6910ee6b9c4e28f824306c10569da DependenciesID=eb745ebc484b6400fe36d1bf27539852 StaticDependenciesID=6b88a9f9a8bee3bce17ea77aae170dab 
Importing 'GUID: 3997e2241185407d80309a82f9148466 - Path: Assets/TextMesh Pro/Shaders/TMPro_Properties.cginc' with importer (ShaderIncludeImporter)
Imported 'GUID: 3997e2241185407d80309a82f9148466' -> (Import Result ID: '81b0239088cf62e7d414696a0c08c306') in 0.001 seconds [static dependencies only]. Details - ImportResultOutputID=d4afa331a41c35391aae778b3b6475ec DependenciesID=ebe522c7c4058312d1edcbae421b5984 StaticDependenciesID=249a7eea17e13cb7de1cc64066f0ae20 
Importing 'GUID: d930090c0cd643c7b55f19a38538c162 - Path: Assets/TextMesh Pro/Shaders/TMPro_Surface.cginc' with importer (ShaderIncludeImporter)
Imported 'GUID: d930090c0cd643c7b55f19a38538c162' -> (Import Result ID: '5f6b23949c123b114ac15949d4e86d9e') in 0.001 seconds [static dependencies only]. Details - ImportResultOutputID=458955789dc03a0d58de79767947df90 DependenciesID=09e3caf7e6e2bb964980fc082ceeea39 StaticDependenciesID=3e7887991726a25d49926716bb1e0d94 
Importing 'GUID: abe6991365a27d341a10580f3b7c0f44 - Path: Packages/com.unity.ugui/Editor Resources/Shaders/TMP_SDF_SSD.cginc' with importer (ShaderIncludeImporter)
Imported 'GUID: abe6991365a27d341a10580f3b7c0f44' -> (Import Result ID: '08c8525f9175280739183736520a164b') in 0.002 seconds [static dependencies only]. Details - ImportResultOutputID=e2ffcc5f3f3567bf2339dee0e44b2a1a DependenciesID=08cd11ccf680db60b23a09bc3c270c38 StaticDependenciesID=10ceed049b503a209a01e486fa3737e0 
Importing 'GUID: 3c6c403084eacec478a1129ce20061ea - Path: Packages/com.unity.ugui/Editor Resources/Shaders/TMP_Properties.cginc' with importer (ShaderIncludeImporter)
Imported 'GUID: 3c6c403084eacec478a1129ce20061ea' -> (Import Result ID: 'db997639c978be03d6a490cc2fe346b8') in 0.001 seconds [static dependencies only]. Details - ImportResultOutputID=3f1c6854e6ecba6bc6f0c8f9f359ecd4 DependenciesID=9f234cac92cf85cdbd65506428d0f7c3 StaticDependenciesID=756f153b8decae8f07b9f272328c6eb4 
Importing 'GUID: a02a7d8c237544f1962732b55a9aebf1 - Path: Assets/TextMesh Pro/Shaders/TMP_SDF-Mobile Overlay.shader' with importer (ShaderImporter)
Launched and connected shader compiler UnityShaderCompiler.exe after 0.01 seconds
Imported 'GUID: a02a7d8c237544f1962732b55a9aebf1' -> (Import Result ID: 'abbd60b3c1f4d33a287c059625b0541b') in 0.060 seconds [static and dynamic dependencies]. Details - ImportResultOutputID=be286a2c35536c36c28002133d3ea9d6 DependenciesID=eedf864caf7d898db28745ddc3086198 StaticDependenciesID=c3896fb9dbc8a8c6c5e3d2e0795af806 
Importing 'GUID: 0178fcb869bafef4690d177d31d17db8 - Path: Assets/TextMesh Pro/Shaders/TMP_SDF-Mobile-2-Pass.shader' with importer (ShaderImporter)
Imported 'GUID: 0178fcb869bafef4690d177d31d17db8' -> (Import Result ID: '3fec7373292fcf507a517a6fe80dcf67') in 0.005 seconds [static and dynamic dependencies]. Details - ImportResultOutputID=72d28a60eddc51772e5c265a6e3bd05e DependenciesID=a0894610794e9210c4f314516425303f StaticDependenciesID=e108a20c761a3a6879790f774083bcfa 
Importing 'GUID: 128e987d567d4e2c824d754223b3f3b0 - Path: Assets/TextMesh Pro/Shaders/TMP_Bitmap.shader' with importer (ShaderImporter)
Imported 'GUID: 128e987d567d4e2c824d754223b3f3b0' -> (Import Result ID: 'fab4dff1024d0f4d182d0d4a40ac7d42') in 0.003 seconds [static and dynamic dependencies]. Details - ImportResultOutputID=52846379f6d4eca4fef2dbaadfe59d35 DependenciesID=3018849c66fee800fbb62f475d549588 StaticDependenciesID=0e6302a33c501c92d0893dab7300d98c 
Importing 'GUID: 14eb328de4b8eb245bb7cea29e4ac00b - Path: Assets/TextMesh Pro/Shaders/TMP_SDF SSD.shader' with importer (ShaderImporter)
Imported 'GUID: 14eb328de4b8eb245bb7cea29e4ac00b' -> (Import Result ID: 'fa62f4bc652d13947881f49f908cc402') in 0.005 seconds [static and dynamic dependencies]. Details - ImportResultOutputID=c9658c2527b7421976c44750a58682ff DependenciesID=74c0d912ea0c0f3f53335a39a59a2f02 StaticDependenciesID=50f1373b0890d6e99bd9205ac66a98e9 
Importing 'GUID: 85187c2149c549c5b33f0cdb02836b17 - Path: Assets/TextMesh Pro/Shaders/TMP_SDF-Surface-Mobile.shader' with importer (ShaderImporter)
Imported 'GUID: 85187c2149c549c5b33f0cdb02836b17' -> (Import Result ID: '326f17b08a8abd75038a84014cdcf162') in 0.126 seconds [static and dynamic dependencies]. Details - ImportResultOutputID=ad37949a24ec61ea4b0f1af4957aa274 DependenciesID=574922175e71f921e2e9fea26aec27a4 StaticDependenciesID=7cca295cf7212a4a4298f0d0d88d894b 
Importing 'GUID: b5ab6cb89ffa7004ca59c01dddd06493 - Path: Assets/TextMesh Pro/Shaders/TMP_SDF SpaceWarp.shader' with importer (ShaderImporter)
Imported 'GUID: b5ab6cb89ffa7004ca59c01dddd06493' -> (Import Result ID: '51da29596d4edb2f8617e10d444b973c') in 0.004 seconds [static and dynamic dependencies]. Details - ImportResultOutputID=b29fbaab909f40604a59c81959dcad48 DependenciesID=543cea2ec67e6ff1328f6d54c0bc61e7 StaticDependenciesID=841db4d1678c96933060bd43c17456ca 
Importing 'GUID: f7ada0af4f174f0694ca6a487b8f543d - Path: Assets/TextMesh Pro/Shaders/TMP_SDF-Surface.shader' with importer (ShaderImporter)
Imported 'GUID: f7ada0af4f174f0694ca6a487b8f543d' -> (Import Result ID: '6eae7d96e51d4ee267419f42be8a5acb') in 0.252 seconds [static and dynamic dependencies]. Details - ImportResultOutputID=e0d5e8e4aa56321a54dfaf63afa239c8 DependenciesID=f93cd8c52826b55463b9dd7a9bbbb775 StaticDependenciesID=96477e65370c338ba059f0cd0ec36783 
Importing 'GUID: 48bb5f55d8670e349b6e614913f9d910 - Path: Assets/TextMesh Pro/Shaders/TMP_Bitmap-Custom-Atlas.shader' with importer (ShaderImporter)
Imported 'GUID: 48bb5f55d8670e349b6e614913f9d910' -> (Import Result ID: '88447f0601fb55aff49ba7285bb3884f') in 0.004 seconds [static and dynamic dependencies]. Details - ImportResultOutputID=3a682dce9b2cb66a8174cac06190509a DependenciesID=00d6f7c6007fbbcbb14f8d348ddf8f3c StaticDependenciesID=778f40b277668b0c46571476204aa066 
Importing 'GUID: 68e6db2ebdc24f95958faec2be5558d6 - Path: Assets/TextMesh Pro/Shaders/TMP_SDF.shader' with importer (ShaderImporter)
Imported 'GUID: 68e6db2ebdc24f95958faec2be5558d6' -> (Import Result ID: '7df3805409c2c23d49b3c8a860e2858c') in 0.004 seconds [static and dynamic dependencies]. Details - ImportResultOutputID=c2bcf6f7cc7d2e1e2761a6feb450f7e8 DependenciesID=063f26b00e8ddfdea444449025c62029 StaticDependenciesID=6ec27fdcebdd537f14b498795839456a 
Importing 'GUID: c8d12adcee749c344b8117cf7c7eb912 - Path: Assets/TextMesh Pro/Shaders/TMP_SDF-Mobile SSD.shader' with importer (ShaderImporter)
Imported 'GUID: c8d12adcee749c344b8117cf7c7eb912' -> (Import Result ID: '256b2b2affcaac27aa1981e01f488f11') in 0.003 seconds [static and dynamic dependencies]. Details - ImportResultOutputID=4865b8866c0e443b994f15f503c706cb DependenciesID=adef00218263c1ea9052c4c562772474 StaticDependenciesID=4436ef30952114f795a89f2da08fe284 
Importing 'GUID: 2ae3f84ba70f31a448850bf95ca45125 - Path: Assets/TextMesh Pro/Shaders/TMP_SDF-Mobile SpaceWarp.shader' with importer (ShaderImporter)
Imported 'GUID: 2ae3f84ba70f31a448850bf95ca45125' -> (Import Result ID: '1c8b7506d50dca30e4a062f30d860b7e') in 0.005 seconds [static and dynamic dependencies]. Details - ImportResultOutputID=46300b549c9d083b7b8391806399d3ca DependenciesID=e095fcf0319034e838a68906a695c096 StaticDependenciesID=f24de51e327934264f2c2eb2701899b7 
Importing 'GUID: 5c6f31a5a80ebc04f8bcfdeed8327fe1 - Path: Assets/TextMesh Pro/Shaders/TMP_SDF SSD SpaceWarp.shader' with importer (ShaderImporter)
Imported 'GUID: 5c6f31a5a80ebc04f8bcfdeed8327fe1' -> (Import Result ID: 'd0c505f833bf948c5a78d35186f300ad') in 0.005 seconds [static and dynamic dependencies]. Details - ImportResultOutputID=7ac0c02051d0b381af12a527ddc0afc9 DependenciesID=7f15fc8d0fa7649e89cd6d36a287963a StaticDependenciesID=f9b47a76d0258e0a8f5f7a8d27a403e1 
Importing 'GUID: 9c442dc870b456e48b615cd8add0e9ef - Path: Packages/com.unity.ugui/Editor Resources/Shaders/TMP_SDF Internal Editor.shader' with importer (ShaderImporter)
Imported 'GUID: 9c442dc870b456e48b615cd8add0e9ef' -> (Import Result ID: '6606a1a55ceaf62728649f7ab3a48a66') in 0.004 seconds [static and dynamic dependencies]. Details - ImportResultOutputID=fc4aaa225c134e1b9ede1086f8e2452e DependenciesID=ef854433e441cb0b0b4f41d04ee490f4 StaticDependenciesID=07d0d5dce8809f98da3ed5f6a6b3810e 
Importing 'GUID: bc1ede39bf3643ee8e493720e4259791 - Path: Assets/TextMesh Pro/Shaders/TMP_SDF-Mobile Masking.shader' with importer (ShaderImporter)
Imported 'GUID: bc1ede39bf3643ee8e493720e4259791' -> (Import Result ID: '8988236631bff78788b393b323fb1c36') in 0.003 seconds [static and dynamic dependencies]. Details - ImportResultOutputID=a46d6bf8b07e57e44ca1086ece103152 DependenciesID=ac56d9e99adc1f44871c17a855fe5c85 StaticDependenciesID=90167731734f725404ddf99ff92a6e3c 
Importing 'GUID: dd89cf5b9246416f84610a006f916af7 - Path: Assets/TextMesh Pro/Shaders/TMP_SDF Overlay.shader' with importer (ShaderImporter)
Imported 'GUID: dd89cf5b9246416f84610a006f916af7' -> (Import Result ID: 'ca89e20b9669683c591f496ca0698ed1') in 0.005 seconds [static and dynamic dependencies]. Details - ImportResultOutputID=6886243600eefa0afa7ba5282dddc197 DependenciesID=3d43c70f867de3a6c8c4289b30121952 StaticDependenciesID=10b98520604e2843de3a0976aaacedef 
Importing 'GUID: 1e3b057af24249748ff873be7fafee47 - Path: Assets/TextMesh Pro/Shaders/TMP_Bitmap-Mobile.shader' with importer (ShaderImporter)
Imported 'GUID: 1e3b057af24249748ff873be7fafee47' -> (Import Result ID: '0e494b3eea530150b4f1c3b804c76620') in 0.004 seconds [static and dynamic dependencies]. Details - ImportResultOutputID=118c06037f917ee2ac252ec7f9524ab2 DependenciesID=0ed6d6c86225f98742cced7a90b23f4c StaticDependenciesID=9f85c707ded5a055c372360e62404c01 
Importing 'GUID: fe393ace9b354375a9cb14cdbbc28be4 - Path: Assets/TextMesh Pro/Shaders/TMP_SDF-Mobile.shader' with importer (ShaderImporter)
Imported 'GUID: fe393ace9b354375a9cb14cdbbc28be4' -> (Import Result ID: 'aebd699953afae87e3a86567495e509f') in 0.004 seconds [static and dynamic dependencies]. Details - ImportResultOutputID=4781b56e21d96e2d3afea9b67cd9b9d5 DependenciesID=a0b75e676dba309a5e2e04ffac8ee44f StaticDependenciesID=a743aca24678a94aa9ede781450c49d1 
Importing 'GUID: 2f52e8cb070aaf94289b130df84e2882 - Path: Assets/TextMesh Pro/Shaders/TMP_SDF-Mobile SSD SpaceWarp.shader' with importer (ShaderImporter)
Imported 'GUID: 2f52e8cb070aaf94289b130df84e2882' -> (Import Result ID: 'b55609c057fd21cec9dd313753d08975') in 0.005 seconds [static and dynamic dependencies]. Details - ImportResultOutputID=4ce0ac0198ec32e4e7b6a8c29a2f5ddd DependenciesID=dcf1e05c842e14a99c0427379410e856 StaticDependenciesID=0798d7b9cd37c0fbbefb423bf67be1f3 
Importing 'GUID: cf81c85f95fe47e1a27f6ae460cf182c - Path: Assets/TextMesh Pro/Shaders/TMP_Sprite.shader' with importer (ShaderImporter)
Imported 'GUID: cf81c85f95fe47e1a27f6ae460cf182c' -> (Import Result ID: '7ad45ac2613aeedd1d2b532ef9978a5e') in 0.003 seconds [static and dynamic dependencies]. Details - ImportResultOutputID=abfa37260af827f315d5fd1555503941 DependenciesID=01165bc29c8f1ec667e44239674fa3de StaticDependenciesID=39f011be319bc6da9b468ba34ba35675 
Importing 'GUID: 90ccf74b92e54aa438d6942d18369bf4 - Path: Assets/AssetArt/New Material.mat' with importer (NativeFormatImporter)
Imported 'GUID: 90ccf74b92e54aa438d6942d18369bf4' -> (Import Result ID: '3f637fb35431eee1c84e10cb09994436') in 0.002 seconds [static dependencies only]. Details - ImportResultOutputID=de8cf0bdb78c5b20050eaf44263ceb6a DependenciesID=8ba581884b9f0f019b8124d50bcfc6ed StaticDependenciesID=18f82aa427ad8f5d3f3b6c124ab03b7e 
Importing 'GUID: b38f904eb09e4bd48a46a63750942109 - Path: Assets/ZFramework/Runtime/Module/DebugerModule/DebuggerSkin.guiskin' with importer (NativeFormatImporter)
Imported 'GUID: b38f904eb09e4bd48a46a63750942109' -> (Import Result ID: 'f5837ce693436dfa891ab772373abc6b') in 0.005 seconds [static dependencies only]. Details - ImportResultOutputID=0ac52f75a547e9fd254c870aa6866278 DependenciesID=f51fe1ab37d09d8e450efb247aa5262c StaticDependenciesID=2a62badf2390dac58d505e67468e2c6c 
Importing 'GUID: e73a58f6e2794ae7b1b7e50b7fb811b0 - Path: Assets/TextMesh Pro/Resources/Fonts & Materials/LiberationSans SDF - Drop Shadow.mat' with importer (NativeFormatImporter)
Imported 'GUID: e73a58f6e2794ae7b1b7e50b7fb811b0' -> (Import Result ID: 'ee2c75307f48ec1197e360628602c13e') in 0.002 seconds [static dependencies only]. Details - ImportResultOutputID=88f815c0edef55493545dd7260b6379b DependenciesID=b79def06f88fde6b893489567baf3f51 StaticDependenciesID=25d7d83a7f517e8311fbffea992a3f04 
Importing 'GUID: 79459efec17a4d00a321bdcc27bbc385 - Path: Assets/TextMesh Pro/Resources/Fonts & Materials/LiberationSans SDF - Outline.mat' with importer (NativeFormatImporter)
Imported 'GUID: 79459efec17a4d00a321bdcc27bbc385' -> (Import Result ID: '3b57ebee99fdce0bfb58d7e66f2c8f4e') in 0.001 seconds [static dependencies only]. Details - ImportResultOutputID=f742fd837be57d5b294f4214e1f60ced DependenciesID=8445c68f13f86418b5a4a2b82d88c894 StaticDependenciesID=e474ba9eda4578498cb4030c48932375 
Importing 'GUID: 1af7a1b121ae17541a1967d430cef006 - Path: Assets/ZFramework/Runtime/Module/AudioModule/Resources/AudioMixer.mixer' with importer (NativeFormatImporter)
Imported 'GUID: 1af7a1b121ae17541a1967d430cef006' -> (Import Result ID: '1f26f070ed3b50f6eae8ebaed571f3c4') in 0.001 seconds [static dependencies only]. Details - ImportResultOutputID=b5a4a0f59efebb40fc0feb938787f13e DependenciesID=f181553f32d035581293dfc43b723405 StaticDependenciesID=9862989d468f625f0e2ccbbd5febdd2b 
Importing 'GUID: c2369fcfa3a4d724092d6c9a9f82f452 - Path: Assets/AssetRaw/Fonts/HuntingInDarkness/NotoSansSC-Regular.otf' with importer (TrueTypeFontImporter)
Imported 'GUID: c2369fcfa3a4d724092d6c9a9f82f452' -> (Import Result ID: '82bbb4a8a8b0f4fbf2267448d12a0499') in 0.026 seconds [static and dynamic dependencies]. Details - ImportResultOutputID=b83cf6b76d0837a01e8b9758e9eb73d9 DependenciesID=a9d60131af7be94c7865fee69e02b180 StaticDependenciesID=a5870b92ebc726f4dcbdf5d23b008dc6 
Importing 'GUID: e3265ab4bf004d28a9537516768c1c75 - Path: Assets/TextMesh Pro/Fonts/LiberationSans.ttf' with importer (TrueTypeFontImporter)
Imported 'GUID: e3265ab4bf004d28a9537516768c1c75' -> (Import Result ID: '4fef55742424127c36bf7db0512fdec3') in 0.259 seconds [static and dynamic dependencies]. Details - ImportResultOutputID=0961a0baf0eafb599aee9d0864ed0035 DependenciesID=e4b3644651f9af817efb80a834f4335a StaticDependenciesID=a82a4771e68d6caa4ccdf71d60fcbe9d 
Importing 'GUID: 0b2840bd44a28ba4092f61f3ab84278a - Path: Packages/com.leonz.z-editor-tools/Model/fb.fbx' with importer (FBXImporter)
Imported 'GUID: 0b2840bd44a28ba4092f61f3ab84278a' -> (Import Result ID: '17d941871c074a6668d3e4ff6957d561') in 0.261 seconds [static and dynamic dependencies]. Details - ImportResultOutputID=36e1dc453051e962d5251af74b5f9c37 DependenciesID=8322f6349b4ce15e0a393b8714eeb329 StaticDependenciesID=519c9bedc1c8a7da9dad488217d432f0 
Importing 'GUID: 50fd67a84c64e184c85bf3e1e343ba87 - Path: Assets/Editor/I2Localization/I2Languages.asset' with importer (NativeFormatImporter)
Imported 'GUID: 50fd67a84c64e184c85bf3e1e343ba87' -> (Import Result ID: 'c9d81993177ef1437b2fef591f408334') in 0.003 seconds [static dependencies only]. Details - ImportResultOutputID=aa5f862a5de6f45bf4aac7aad2c58256 DependenciesID=51520e3233f3aa529521a3651ef41f6d StaticDependenciesID=9957786cbbf0f2ec83792e1427a96f54 
Importing 'GUID: 6013809ac57d4f44fa923e6a84f761b5 - Path: Assets/GameScripts/GameLogic/HuntingInDarkness/Content/Hunt/Tiles/StartingCamp.asset' with importer (NativeFormatImporter)
Imported 'GUID: 6013809ac57d4f44fa923e6a84f761b5' -> (Import Result ID: '988c050a9cc7b92ecfcdb52fc25dc470') in 0.001 seconds [static dependencies only]. Details - ImportResultOutputID=f52b202c4b0fec46f01e81e5a01f83d3 DependenciesID=419560be995a7078399ed2a5bf575b14 StaticDependenciesID=d146b44f81a4d2db434cd090bd9a2e65 
Importing 'GUID: 60094c9dc03ac5246ac03ee0cfaba61d - Path: Assets/AssetRaw/Configs/HuntingInDarkness/PlayableWorkshopCatalog.asset' with importer (NativeFormatImporter)
Imported 'GUID: 60094c9dc03ac5246ac03ee0cfaba61d' -> (Import Result ID: 'ed8e81ffc8078b0bfeb7eefadf5fe8a7') in 0.002 seconds [static dependencies only]. Details - ImportResultOutputID=daec9ad17db4df416704ccbaa3c2a36d DependenciesID=5f315f2ae302f0fc842cdac5b04eb37f StaticDependenciesID=b3148873019189e0fe06da611d1152e2 
Importing 'GUID: a0612c9cfafc3ef46aee76e4bf53f246 - Path: Assets/AssetRaw/Configs/HuntingInDarkness/SettlementExtensions/BasicArmor.asset' with importer (NativeFormatImporter)
Imported 'GUID: a0612c9cfafc3ef46aee76e4bf53f246' -> (Import Result ID: 'a15c9120fa0a89b9b5a0ea54f0a9d953') in 0.001 seconds [static dependencies only]. Details - ImportResultOutputID=696d3069d77409e5400bcdeeb6ce0ef7 DependenciesID=cb7ed23475cbcf9976033f8262f5c6db StaticDependenciesID=545115f3666bfbae432d02f32b3e23be 
Importing 'GUID: c0d90477c8489f0438ae73994ff045b9 - Path: Assets/Editor/AssetBundleCollector/AssetBundleCollectorSetting.asset' with importer (NativeFormatImporter)
Imported 'GUID: c0d90477c8489f0438ae73994ff045b9' -> (Import Result ID: '95f0711fdea50a704032c265c64d3a23') in 0.001 seconds [static dependencies only]. Details - ImportResultOutputID=cdbc0992051b44277d8f003a14f91ed9 DependenciesID=af17df9cb0e55c1da75f28b854b94b99 StaticDependenciesID=a4d2401076c8ccc6a68df3846bdbd34b 
Importing 'GUID: d0c7fcbce2a24d2c81f0fe24b60ec7d5 - Path: Assets/GameScripts/GameLogic/HuntingInDarkness/Content/Hunt/Events/BrokenRoadEcho.asset' with importer (NativeFormatImporter)
Imported 'GUID: d0c7fcbce2a24d2c81f0fe24b60ec7d5' -> (Import Result ID: '0d753c3aedef0cb68b3b1dadb54b74ae') in 0.001 seconds [static dependencies only]. Details - ImportResultOutputID=1b0b725376f63e25e7467204e3f6c1e6 DependenciesID=d3adfaa5f06fd03e9d0820df7ec8ff1c StaticDependenciesID=9268faf79426f338dd7d16570fff36d7 
Importing 'GUID: e059e7c381dfffb4a9d049bd71002371 - Path: Assets/GameScripts/GameLogic/HuntingInDarkness/Content/Hunt/Events/CorpseGlow.asset' with importer (NativeFormatImporter)
Imported 'GUID: e059e7c381dfffb4a9d049bd71002371' -> (Import Result ID: 'cf57efba98d41e05d5da07e80113b599') in 0.001 seconds [static dependencies only]. Details - ImportResultOutputID=fe436f994f41da39fd37df756f5aaa94 DependenciesID=f6c681c6bd585a192a476d698e831dcc StaticDependenciesID=62432ef07b90930d7048172ef6016aef 
Importing 'GUID: 01e777d168733af45ba3eb08c8be0a81 - Path: Assets/GameScripts/GameLogic/HuntingInDarkness/SO/Character/ActionCard SO/Move.asset' with importer (NativeFormatImporter)
Imported 'GUID: 01e777d168733af45ba3eb08c8be0a81' -> (Import Result ID: '2ab9cee1de161998c32f0b089c8fb5e5') in 0.001 seconds [static dependencies only]. Details - ImportResultOutputID=6199eb609344fc5ab1646f3e551efa04 DependenciesID=ad544450d54e6dba38668cfbc61d51a7 StaticDependenciesID=293ed797131f99c1e05419d0cc8cc421 
Importing 'GUID: 31507b52057c1c94fbc12f41f84f9bdc - Path: Assets/GameScripts/GameLogic/HuntingInDarkness/Content/Combat/SurvivalEvents/LuckySurvivor.asset' with importer (NativeFormatImporter)
Imported 'GUID: 31507b52057c1c94fbc12f41f84f9bdc' -> (Import Result ID: '5b0039bdc8b77ba2f0e7b65494964cae') in 0.001 seconds [static dependencies only]. Details - ImportResultOutputID=e542957e863152ea094e60b92156ce6e DependenciesID=de0bbe44857b31f953ba5c50cc816390 StaticDependenciesID=e509154d5c039febc031226487c1ef6e 
Importing 'GUID: 71c869daeab8fed47ae26709dcd5771b - Path: Assets/GameScripts/GameLogic/HuntingInDarkness/Content/Settlement/Progression/Items/StoneTool.asset' with importer (NativeFormatImporter)
Imported 'GUID: 71c869daeab8fed47ae26709dcd5771b' -> (Import Result ID: 'f96dbbb2569378f82e36f8e2f845ef05') in 0.001 seconds [static dependencies only]. Details - ImportResultOutputID=394e172d001b8adc92fa6d9b05f351a1 DependenciesID=08848e418f34626fa55bb8867946bc8d StaticDependenciesID=48670b541ef68942b8533f14f340bafe 
Importing 'GUID: 910280386493a6e41b3739f37c29e998 - Path: Assets/GameScripts/GameLogic/HuntingInDarkness/Content/Settlement/Symptoms/PlayableSymptomCatalog.asset' with importer (NativeFormatImporter)
Imported 'GUID: 910280386493a6e41b3739f37c29e998' -> (Import Result ID: '937100c58bf239e22b50fdacf4e5fbe2') in 0.001 seconds [static dependencies only]. Details - ImportResultOutputID=9e92d483879e7c76781b199f99dde7f1 DependenciesID=725febd1254edd0c164d4e1a68799e0c StaticDependenciesID=17d4a927461a3e744fac2afaceeabef9 
Importing 'GUID: d10b94c768943144aa9e3bd93bdd5eab - Path: Assets/GameScripts/GameLogic/HuntingInDarkness/Content/Hunt/Tiles/BrokenRuins.asset' with importer (NativeFormatImporter)
Imported 'GUID: d10b94c768943144aa9e3bd93bdd5eab' -> (Import Result ID: '5e865f1c91afb21db91761a6512c6f69') in 0.001 seconds [static dependencies only]. Details - ImportResultOutputID=284fe7691a451504b0b3199dc2fb5987 DependenciesID=724acf6bfef97401a956f74e0cf13f9c StaticDependenciesID=86193e5c02a102827e6f8b258f4859d0 
Importing 'GUID: e1746c0691e955f4f8cf6639728a2f0c - Path: Assets/GameScripts/GameLogic/HuntingInDarkness/Content/Settlement/Events/BreathingStatue.asset' with importer (NativeFormatImporter)
Imported 'GUID: e1746c0691e955f4f8cf6639728a2f0c' -> (Import Result ID: '4fa9c82a8c6e478ded55162a6193ee9a') in 0.001 seconds [static dependencies only]. Details - ImportResultOutputID=d17b5365722aa4ba9c8f74a1d66bafb2 DependenciesID=d5592e489764bb460ae15e65c64df50b StaticDependenciesID=020836280fa38d645343b3942ff23e8d 
Importing 'GUID: 42940ddbb310f7c4faf9d2e10e4065ea - Path: Assets/GameScripts/GameLogic/HuntingInDarkness/SO/Boss/HitLocation/HitLocations ScriptObjects/Legging.asset' with importer (NativeFormatImporter)
Imported 'GUID: 42940ddbb310f7c4faf9d2e10e4065ea' -> (Import Result ID: '8bfff546681fd9d8f57f8e7e3776b2f8') in 0.001 seconds [static dependencies only]. Details - ImportResultOutputID=b08646adf4efd5928a9bacff811b5fb0 DependenciesID=dc2bc632aa28580ef97a0a62b8332b43 StaticDependenciesID=711b062664db7e5815b54e8f20081d83 
Importing 'GUID: 82d3979997c86da4288a14a92f7b2b7e - Path: Assets/GameScripts/GameLogic/HuntingInDarkness/Content/Settlement/Progression/Inventions/WeaponTraining.asset' with importer (NativeFormatImporter)
Imported 'GUID: 82d3979997c86da4288a14a92f7b2b7e' -> (Import Result ID: '2016991379ecfdcee8c36d51f3d21c07') in 0.001 seconds [static dependencies only]. Details - ImportResultOutputID=57fa5747c8d962961fc3935ebbe5fcc2 DependenciesID=75f32be971bcf2eae10898cf4527621c StaticDependenciesID=b6d412a1bf3e03c2181a2dd367f29644 
Importing 'GUID: 92395c87edb70c944a4d8705fea4fffc - Path: Assets/GameScripts/GameLogic/HuntingInDarkness/Content/Combat/PlayableBoss/PlayableBossConfig.asset' with importer (NativeFormatImporter)
Imported 'GUID: 92395c87edb70c944a4d8705fea4fffc' -> (Import Result ID: '4e168e2173009fbf0e76f616d163d028') in 0.002 seconds [static dependencies only]. Details - ImportResultOutputID=fb1bec2d2a5247466a3fb84a0e0ae2dd DependenciesID=b8ddff46cde767de191087bc53817070 StaticDependenciesID=933a50b3fd731d11392064965398e43b 
Importing 'GUID: b26cb8ff8d6efed4287e910f67040590 - Path: Assets/GameScripts/GameLogic/HuntingInDarkness/Content/Settlement/Progression/Items/StoneKnife.asset' with importer (NativeFormatImporter)
Imported 'GUID: b26cb8ff8d6efed4287e910f67040590' -> (Import Result ID: 'c6e4787190314ad54fa36485e0292fc6') in 0.001 seconds [static dependencies only]. Details - ImportResultOutputID=c2c3714426f8e8d4fd05a2b5c3e20c5f DependenciesID=00f6ae9d432793bcf3c02c479433282f StaticDependenciesID=4fdd3bce4f44385ccc7e4768070f16b8 
Importing 'GUID: 13a8a84f37ede4760a590fd13172bdd4 - Path: Packages/com.unity.ai.navigation/EditorResources/NavigationWindowIcon.asset' with importer (NativeFormatImporter)
Imported 'GUID: 13a8a84f37ede4760a590fd13172bdd4' -> (Import Result ID: '7a914d2f982b7f5a49733d3a21b10266') in 0.002 seconds [static dependencies only]. Details - ImportResultOutputID=16ba24e92506475d3de391f20fe8ae69 DependenciesID=6a60407057ad57a9ca1fd4f91212b7a0 StaticDependenciesID=007082e9a7ffe674113b91489ea37495 
Importing 'GUID: 13fc75c68456a7d4fae80f31274af677 - Path: Assets/GameScripts/GameLogic/HuntingInDarkness/Content/Combat/SurvivalEvents/PlayableSurvivalEventCatalog.asset' with importer (NativeFormatImporter)
Imported 'GUID: 13fc75c68456a7d4fae80f31274af677' -> (Import Result ID: '7f0b5482026780a40bfade3825dbe63a') in 0.001 seconds [static dependencies only]. Details - ImportResultOutputID=405dd54fa3eb1722c51695d603c3f360 DependenciesID=183d489ac1aabefefc9136d6b4d943be StaticDependenciesID=d5835acce0ef1daea26d86b83be389f1 
Importing 'GUID: 2303d4bffac5ae04489f47b7fcbf5ba3 - Path: Assets/GameScripts/GameLogic/HuntingInDarkness/3DCardTest/EquipData.asset' with importer (NativeFormatImporter)
Imported 'GUID: 2303d4bffac5ae04489f47b7fcbf5ba3' -> (Import Result ID: '77779420abc57a1e4238698d9be40615') in 0.001 seconds [static dependencies only]. Details - ImportResultOutputID=70805f80a4932a942e8d5fe28b36766e DependenciesID=db6e7609d734ce82f6acaf30d62b1d6b StaticDependenciesID=50fbbfff59a4ed6f8c6855a085a5322c 
Importing 'GUID: 2314ca48b045a2b4c995c2283d7ca108 - Path: Assets/GameScripts/GameLogic/HuntingInDarkness/Content/Hunt/PlayableHuntContentCatalog.asset' with importer (NativeFormatImporter)
Imported 'GUID: 2314ca48b045a2b4c995c2283d7ca108' -> (Import Result ID: '9b9ea1d6234f24394e907d95ec046126') in 0.002 seconds [static dependencies only]. Details - ImportResultOutputID=0a28593bc6c3ee2bb593eec18309dbd4 DependenciesID=077f368d7981056d96162a1a9700033f StaticDependenciesID=d51da4405771fc717dd29f8ee74a5c04 
Importing 'GUID: 33f68fc54e2849e44ac8b43c5d77aaa5 - Path: Assets/GameScripts/GameLogic/HuntingInDarkness/Content/Combat/PlayableCards/PlayableEncourage.asset' with importer (NativeFormatImporter)
Imported 'GUID: 33f68fc54e2849e44ac8b43c5d77aaa5' -> (Import Result ID: '1d694220f6366f145227d5083ee26d9a') in 0.001 seconds [static dependencies only]. Details - ImportResultOutputID=773eb547daf7bd894f65c14acc2898ed DependenciesID=59e0fa1dd5a428a88b9d2b5533c14e1e StaticDependenciesID=c13b7f6197a04a14c6608215c81919ad 
Importing 'GUID: 43fa2a6e5a634d5795acf7c3519e58ab - Path: Assets/GameScripts/GameLogic/HuntingInDarkness/Content/Hunt/Destinations/EchoingBrokenRoad.asset' with importer (NativeFormatImporter)
Imported 'GUID: 43fa2a6e5a634d5795acf7c3519e58ab' -> (Import Result ID: 'd606de230567f3f90c560b5e28d4e5f6') in 0.001 seconds [static dependencies only]. Details - ImportResultOutputID=6f0dbb02725a14b5062839ac07253ce1 DependenciesID=7f06b857668c83fc52ef4462565b0385 StaticDependenciesID=9cdfe4469c41f5912ee7ba6960b34ad4 
Importing 'GUID: 63376393abac94c4a9b4ea48abad2cbb - Path: Assets/GameScripts/GameLogic/HuntingInDarkness/Content/Settlement/Progression/Items/StoneSling.asset' with importer (NativeFormatImporter)
Imported 'GUID: 63376393abac94c4a9b4ea48abad2cbb' -> (Import Result ID: 'fcb3daa4b6b6e1553c07733673257ba2') in 0.001 seconds [static dependencies only]. Details - ImportResultOutputID=648fab3a13eb9d605164e6fa7a694f3d DependenciesID=0946781f98afdb5c1e91d7b503eb0894 StaticDependenciesID=4c70139abaac7ebff1e7c8fb667e4c26 
Importing 'GUID: 73e59a4be4c34f629c43b2fcfb4c2f3d - Path: Assets/GameScripts/GameLogic/HuntingInDarkness/Content/Settlement/CampaignCalendarConfig.asset' with importer (NativeFormatImporter)
Imported 'GUID: 73e59a4be4c34f629c43b2fcfb4c2f3d' -> (Import Result ID: '99d729ac933dae572134d346bcd12426') in 0.001 seconds [static dependencies only]. Details - ImportResultOutputID=00990e28d7a9a16c02de93ef932f80f6 DependenciesID=20cd590fbbc94e26f657692bc417f15c StaticDependenciesID=0491c2a5e0d83365bd8f55685dc752e0 
Importing 'GUID: b3a9e5377fb8e154d8b81f41dafa08cc - Path: Assets/GameScripts/GameLogic/HuntingInDarkness/Content/Settlement/Hunters/WarriorChen.asset' with importer (NativeFormatImporter)
Imported 'GUID: b3a9e5377fb8e154d8b81f41dafa08cc' -> (Import Result ID: '3dce06266ac8d7034cc4de4ed6add16a') in 0.001 seconds [static dependencies only]. Details - ImportResultOutputID=f993e20a0cff9262e4870e168fa54908 DependenciesID=58c06c44f14609bc8edbb937c7b0ac28 StaticDependenciesID=77daa5c1f5aec6feb95d72de8fc3672d 
Importing 'GUID: c37aaeff1af01ad46b09e370a0e04308 - Path: Packages/com.leonz.z-editor-tools/Editor/vFolders/vFolders Data.asset' with importer (NativeFormatImporter)
Imported 'GUID: c37aaeff1af01ad46b09e370a0e04308' -> (Import Result ID: '3af592799a4b6f8d9a7974133324ac23') in 0.001 seconds [static dependencies only]. Details - ImportResultOutputID=b6ff27780e573883ef53fd9e67d8d45b DependenciesID=a6528897f4315cf874228b1b1ab4ad21 StaticDependenciesID=cfb26c99982eff864b8e02d8a9ae7fd2 
Importing 'GUID: 6462c1d744bd5cc499fcf8bf55f94791 - Path: Assets/ZFramework/Settings/Resources/YooAssetSettings.asset' with importer (NativeFormatImporter)
Imported 'GUID: 6462c1d744bd5cc499fcf8bf55f94791' -> (Import Result ID: '26a5f1288ebf7dda032f0c0dbf6fbcca') in 0.001 seconds [static dependencies only]. Details - ImportResultOutputID=68935e3686a93af7ec52cc292f795b32 DependenciesID=f93c3a019a180ae29e7fd57e377816d7 StaticDependenciesID=306fef9665f980270676d9bf75036ab1 
Importing 'GUID: 6464f94e35720a0449dbde57e6b8caab - Path: Assets/GameScripts/GameLogic/HuntingInDarkness/Content/Settlement/Events/ScavengersReturn.asset' with importer (NativeFormatImporter)
Imported 'GUID: 6464f94e35720a0449dbde57e6b8caab' -> (Import Result ID: '0d32d18a5fc8fe03127fe16ecc02504c') in 0.001 seconds [static dependencies only]. Details - ImportResultOutputID=cd9da365c9b7b72c33fb06ff6c0cfd2a DependenciesID=f31f008eff0d0d95d275cf179ddfe063 StaticDependenciesID=632e0376fd73f59a60a470e280d9229b 
Importing 'GUID: 64ed7f93fcb01e245867739b63393422 - Path: Assets/GameScripts/GameLogic/HuntingInDarkness/Content/Hunt/Destinations/SunkenFungalMarsh.asset' with importer (NativeFormatImporter)
Imported 'GUID: 64ed7f93fcb01e245867739b63393422' -> (Import Result ID: 'd2321272a9f763bd059cbecc44300fb2') in 0.001 seconds [static dependencies only]. Details - ImportResultOutputID=bb7608d0d498773f8714928efa2f7527 DependenciesID=94c2a116d4a3b05d7d92a13e4a75f310 StaticDependenciesID=fd0d0ce4aa7b6ab7b3dc41c93d045ced 
Importing 'GUID: 843cf265f798c1442a744800555aa7fe - Path: Assets/GameScripts/GameLogic/HuntingInDarkness/Content/Hunt/Destinations/StoneForestOutskirts.asset' with importer (NativeFormatImporter)
Imported 'GUID: 843cf265f798c1442a744800555aa7fe' -> (Import Result ID: '1dd876f4cec1c2f191c2a6ff34b349f8') in 0.001 seconds [static dependencies only]. Details - ImportResultOutputID=dcd54582aced63000c9912f434dd0029 DependenciesID=b6184a6138e72ee4a5c403ee24331f4e StaticDependenciesID=b04bde55e8ba5ad63aa7bf44d3c7b2d6 
Importing 'GUID: a4b7206f97075334da584a042a019614 - Path: Assets/GameScripts/GameLogic/HuntingInDarkness/SO/Character/ActionCard SO/Dash.asset' with importer (NativeFormatImporter)
Imported 'GUID: a4b7206f97075334da584a042a019614' -> (Import Result ID: '3a341133a61f4394a0ac94de8401c783') in 0.001 seconds [static dependencies only]. Details - ImportResultOutputID=ddee040130ffbbbfcab8d4d2de839bec DependenciesID=69f3f5543038d9fe9c2dfca0a2387fcb StaticDependenciesID=370c897e65264ca0391b02477317e6f9 
Importing 'GUID: 550c6e6e390753f45a5f978c3d947067 - Path: Assets/GameScripts/GameLogic/HuntingInDarkness/SO/Weapon/Weapon SO/Fist.asset' with importer (NativeFormatImporter)
Imported 'GUID: 550c6e6e390753f45a5f978c3d947067' -> (Import Result ID: '2c28f354698193a95803ce62efb40e0b') in 0.001 seconds [static dependencies only]. Details - ImportResultOutputID=18cedcd06ddce4d4b43365c3d23a2f18 DependenciesID=6952787b966f22c3dbe0216332cf71a8 StaticDependenciesID=0dc81e719a5cdbc77d82efc534e9506e 
Importing 'GUID: 7511af9086647fe4ebc2f18ab09b6784 - Path: Assets/GameScripts/GameLogic/HuntingInDarkness/Content/Combat/PlayableBoss/HitLocations/Torso.asset' with importer (NativeFormatImporter)
Imported 'GUID: 7511af9086647fe4ebc2f18ab09b6784' -> (Import Result ID: '7de1220034ffed78924faa617b7be6b9') in 0.000 seconds [static dependencies only]. Details - ImportResultOutputID=d8a8c0793935b18a894ed1d0642a1d55 DependenciesID=07dbcc5c049102c20751b6d3688ab827 StaticDependenciesID=c88b4f4be6803bc0a42f635469fccdb9 
Importing 'GUID: c52860b81e8456248979e0f9e1af358b - Path: Assets/GameScripts/GameLogic/HuntingInDarkness/SO/Character/ActionCard SO/Heavy Attack.asset' with importer (NativeFormatImporter)
Imported 'GUID: c52860b81e8456248979e0f9e1af358b' -> (Import Result ID: 'ee0912edf6100f1a10ef71c888d7fa61') in 0.001 seconds [static dependencies only]. Details - ImportResultOutputID=67e1a25a3f554b8a4fa3042a021976a8 DependenciesID=38a35b21e4c9a597f4a93c4c9d037499 StaticDependenciesID=a2e28b9cf51df46ccc13466ebe0840ba 
Importing 'GUID: f55568ba5d1ee4940822f5aa52aa54a2 - Path: Assets/GameScripts/GameLogic/HuntingInDarkness/Content/Settlement/Hunters/ShamanYu.asset' with importer (NativeFormatImporter)
Imported 'GUID: f55568ba5d1ee4940822f5aa52aa54a2' -> (Import Result ID: '12df3bafbf392633798c760a0ab3581a') in 0.001 seconds [static dependencies only]. Details - ImportResultOutputID=bd3ef61322d7539f2180ff41230fc5d0 DependenciesID=583cd277b8383e3ead45228a97ec3be7 StaticDependenciesID=a491b22f8ff1b1bfa72e66573a42f392 
Importing 'GUID: 16207ba10d2610441a2de33f28e0bb14 - Path: Assets/GameScripts/GameLogic/HuntingInDarkness/Content/Combat/PlayableBoss/PlayableBossAttack.asset' with importer (NativeFormatImporter)
Imported 'GUID: 16207ba10d2610441a2de33f28e0bb14' -> (Import Result ID: '4d0ce9fa6445660d27f9f9b2a5d0f505') in 0.000 seconds [static dependencies only]. Details - ImportResultOutputID=90b457e8a6e82173c765703b772bea10 DependenciesID=387a521585780dc68135b02f246e0e08 StaticDependenciesID=5ecee100bb42b7ef610bbf8f3d3009ed 
Importing 'GUID: 362956ad2bca81f4fa188e997f7b26cf - Path: Assets/GameScripts/GameLogic/HuntingInDarkness/SO/Boss/HitLocation/HitLocations ScriptObjects/Shoulder Pad.asset' with importer (NativeFormatImporter)
Imported 'GUID: 362956ad2bca81f4fa188e997f7b26cf' -> (Import Result ID: '90f7601bf249054a7a4a7e25c0329029') in 0.001 seconds [static dependencies only]. Details - ImportResultOutputID=2980cf7672dc627a3dd0b808175bf7c9 DependenciesID=227c1db892d84837538f7a274978cbe3 StaticDependenciesID=6e6501f7518b1058b77e68f6c488924c 
Importing 'GUID: 4672d02bd95489744b57790ba2fb5586 - Path: Assets/Editor/UIScriptGenerator/ScriptGeneratorSetting.asset' with importer (NativeFormatImporter)
Imported 'GUID: 4672d02bd95489744b57790ba2fb5586' -> (Import Result ID: '2a1ee58cde33864785174ed64e9e4b9b') in 0.001 seconds [static dependencies only]. Details - ImportResultOutputID=6b0e221baf410946b85d45442249da70 DependenciesID=3e7003f5ffc7ae406450e1f959b5af70 StaticDependenciesID=db6f92eefd188e12196405c0e7076f9c 
Importing 'GUID: 66a8ed7009865bb42bb2d7699814792d - Path: Packages/com.leonz.z-editor-tools/Editor/vHierarchy/vHierarchy Palette.asset' with importer (NativeFormatImporter)
Imported 'GUID: 66a8ed7009865bb42bb2d7699814792d' -> (Import Result ID: '042c2da60ffb802072f55c6099e7f382') in 0.001 seconds [static dependencies only]. Details - ImportResultOutputID=26b9cf07122534e0c752659513a19d0b DependenciesID=0dde0701f598da68e7d76e83d3dbad6e StaticDependenciesID=1a066c7ea958b7bf59981454a99a7315 
Importing 'GUID: 767d6f38f7fa4b34bb2ae1fc07f58a7f - Path: Assets/ZFramework/Settings/UpdateSetting.asset' with importer (NativeFormatImporter)
Imported 'GUID: 767d6f38f7fa4b34bb2ae1fc07f58a7f' -> (Import Result ID: '6fcb503f8b9fd768dfeb79338291d218') in 0.001 seconds [static dependencies only]. Details - ImportResultOutputID=3af6d44c7212db06e2da5ec4cab30185 DependenciesID=39d836fa9819acaa0d931902d678eafe StaticDependenciesID=79a1d2889314bd879e87b9796c8070de 
Importing 'GUID: b61bf39b4dd717c4cb28581fc9e881a9 - Path: Assets/GameScripts/GameLogic/HuntingInDarkness/Content/Combat/PlayableCards/PlayableAdvance.asset' with importer (NativeFormatImporter)
Imported 'GUID: b61bf39b4dd717c4cb28581fc9e881a9' -> (Import Result ID: 'b7e8051af33b48892d085f5aeae95376') in 0.001 seconds [static dependencies only]. Details - ImportResultOutputID=830f8dc13f0a96efe154f3a1a1cd0e5f DependenciesID=933d0fc406afea8bec288adb294025ee StaticDependenciesID=3543f4076e73f8fbed57b1088bd6bc8d 
Importing 'GUID: f600f4dcd03e7ec4da31eded0485b94e - Path: Assets/GameScripts/GameLogic/HuntingInDarkness/Content/Hunt/Events/BogUndertow.asset' with importer (NativeFormatImporter)
Imported 'GUID: f600f4dcd03e7ec4da31eded0485b94e' -> (Import Result ID: '24af046eb0d2ac734cd97fce683d79fc') in 0.000 seconds [static dependencies only]. Details - ImportResultOutputID=f40cb6271cb997d46c502dbd47b4542e DependenciesID=2f30a282927d64959d781ed759543e6e StaticDependenciesID=3e4f12373345a84bd5dccc0c9d7031f7 
Importing 'GUID: 27c859a1b7db5f5438086399e85e275f - Path: Assets/GameScripts/GameLogic/HuntingInDarkness/Content/Settlement/Growth/PlayableGrowthMilestoneCatalog.asset' with importer (NativeFormatImporter)
Imported 'GUID: 27c859a1b7db5f5438086399e85e275f' -> (Import Result ID: 'a2c9bcb8cb857d90a49aa9ae6b1718e1') in 0.001 seconds [static dependencies only]. Details - ImportResultOutputID=a704980143707d48bb5b4b84482ae786 DependenciesID=9d598ede41e2fd77a76ecc47d0f2f6e4 StaticDependenciesID=e1c7166724d1f0ea8180809f08ed1256 
Importing 'GUID: 278e3384600c4ac45b1d8077908ce503 - Path: Assets/GameScripts/GameLogic/HuntingInDarkness/Content/Hunt/Items/MushroomFlesh.asset' with importer (NativeFormatImporter)
Imported 'GUID: 278e3384600c4ac45b1d8077908ce503' -> (Import Result ID: '57fd8436796c17fd8c446b984b6002eb') in 0.000 seconds [static dependencies only]. Details - ImportResultOutputID=736ef00c724350c3ccb968d313edc869 DependenciesID=2370d24db76c0e1c995f0c3ab6574481 StaticDependenciesID=29f2d2761a63662b067bf45ecc2b1016 
Importing 'GUID: 37b60a8bb1936bc4f95447443c6550f1 - Path: Assets/GameScripts/GameLogic/HuntingInDarkness/Content/Combat/PlayableCharacterS/PlayableHunterSlot2.asset' with importer (NativeFormatImporter)
Imported 'GUID: 37b60a8bb1936bc4f95447443c6550f1' -> (Import Result ID: '2be452ba385a25effe472aeac68e0a71') in 0.001 seconds [static dependencies only]. Details - ImportResultOutputID=96b39aaadeca251928c68c960318e9af DependenciesID=0569b935abed71d9aab4d86aa72d830b StaticDependenciesID=a51bf9e8520c2b1735af3b231b377072 
Importing 'GUID: 87d8f6dc1076430f8328f6a3358018e8 - Path: Assets/GameScripts/GameLogic/HuntingInDarkness/Content/Hunt/Items/MetalFragment.asset' with importer (NativeFormatImporter)
Imported 'GUID: 87d8f6dc1076430f8328f6a3358018e8' -> (Import Result ID: '21973790238927046e31be79edd968cf') in 0.001 seconds [static dependencies only]. Details - ImportResultOutputID=a2106efb327c808e7460b62d813342a5 DependenciesID=26abc87896a81058ff0c9b0ff4a5c436 StaticDependenciesID=f4576574cfd51a6ed323a837dcd587b9 
Importing 'GUID: d776919eda908084daa75e03be20b12e - Path: Packages/com.leonz.z-editor-tools/Editor/vFolders/vFolders Palette.asset' with importer (NativeFormatImporter)
Imported 'GUID: d776919eda908084daa75e03be20b12e' -> (Import Result ID: 'c2657821c3a8e56d15f1309c319a38b5') in 0.001 seconds [static dependencies only]. Details - ImportResultOutputID=04d743f0c8e90073ec10650801eb89e0 DependenciesID=7b3a9fe949557aa999d4fc645eb6142d StaticDependenciesID=2a6a656cf4e7d6a01283df3670641191 
Importing 'GUID: 1876ed6afe56df948a8e9146299d1f5f - Path: Assets/GameScripts/GameLogic/HuntingInDarkness/Content/Combat/PlayableBoss/HitLocations/Underbelly.asset' with importer (NativeFormatImporter)
Imported 'GUID: 1876ed6afe56df948a8e9146299d1f5f' -> (Import Result ID: 'c6a5a22515497080ae3918492ae76594') in 0.000 seconds [static dependencies only]. Details - ImportResultOutputID=85ff61e8eeefafab101b8098e4964754 DependenciesID=a4dad461baac8e846879cf39a38e4380 StaticDependenciesID=e83ff403035cb1875107d244c00c9180 
Importing 'GUID: 18edb8645e68c0a459bc28562e0c3519 - Path: Assets/GameScripts/GameLogic/HuntingInDarkness/Content/Hunt/Events/StatueGesture.asset' with importer (NativeFormatImporter)
Imported 'GUID: 18edb8645e68c0a459bc28562e0c3519' -> (Import Result ID: '6a7778a85bbacda649607a12657ebc89') in 0.000 seconds [static dependencies only]. Details - ImportResultOutputID=4bcc632ff50b59e43d5c46e2c30f8155 DependenciesID=da0a77894f5bb17dfaab690be88bbc85 StaticDependenciesID=d922bb0ec0db02b42f5d22f0b0d6786d 
Importing 'GUID: 58fb668b4e6e0e443ab0955fb39135a5 - Path: Assets/GameScripts/GameLogic/HuntingInDarkness/SO/Boss/HitLocation/HitLocations ScriptObjects/Head.asset' with importer (NativeFormatImporter)
Imported 'GUID: 58fb668b4e6e0e443ab0955fb39135a5' -> (Import Result ID: '0394a405f17300d0d0d0a4b0cf786aa4') in 0.001 seconds [static dependencies only]. Details - ImportResultOutputID=2d6b863a947a98e956471ba09b1718cb DependenciesID=93387f73ab8a6e0ad644b07809d6c4ee StaticDependenciesID=4b11e2d2fc40f56f4ca504ad96b723ff 
Importing 'GUID: 6812d43c61abcf640816fea8c82c56e3 - Path: Assets/GameScripts/GameLogic/HuntingInDarkness/SO/Boss/HitLocation/HitLocations ScriptObjects/Leg.asset' with importer (NativeFormatImporter)
Imported 'GUID: 6812d43c61abcf640816fea8c82c56e3' -> (Import Result ID: 'a0820bc4d25fcf2fe57c00728ffed31d') in 0.001 seconds [static dependencies only]. Details - ImportResultOutputID=73ab178cac9b33b0e8974aa942f9025e DependenciesID=5021a318c548891ee3806b7b87285c73 StaticDependenciesID=8579ca87e1f51bf87d0a33ad2a4801dd 
Importing 'GUID: 689ced0bd6c7f894889d07a637c1cc74 - Path: Assets/GameScripts/GameLogic/HuntingInDarkness/SO/Boss/HitLocation/HitLocations ScriptObjects/Scarred Body Armor.asset' with importer (NativeFormatImporter)
Imported 'GUID: 689ced0bd6c7f894889d07a637c1cc74' -> (Import Result ID: '5d0ea6f0b34e06efc5a2aefe22f6040c') in 0.001 seconds [static dependencies only]. Details - ImportResultOutputID=47ee265015cab306cee74d978077cee7 DependenciesID=162ac5232086dc61f6852a5a8911944c StaticDependenciesID=869ee46d39e1e44bce0491f7d8a12882 
Importing 'GUID: 688dc197c33fa6248b89db1f8e6ffd37 - Path: Assets/GameScripts/GameLogic/HuntingInDarkness/GameplayBase/Config/CharacterConfig/CharacterConfig2.asset' with importer (NativeFormatImporter)
Imported 'GUID: 688dc197c33fa6248b89db1f8e6ffd37' -> (Import Result ID: '91d5a2e87238a72f920b8b7d19b0f0b2') in 0.001 seconds [static dependencies only]. Details - ImportResultOutputID=b3fde883c213716743e51468fa200f1a DependenciesID=d06f9ee1688c63cd3704bf008b23eda8 StaticDependenciesID=18b4eb4b5d29256b7f2388a4c1ad632c 
Importing 'GUID: 981f5f4241c3d334194e1855cd7e73ec - Path: Assets/GameScripts/GameLogic/HuntingInDarkness/GameplayBase/Config/CharacterConfig/CharacterConfig1.asset' with importer (NativeFormatImporter)
Imported 'GUID: 981f5f4241c3d334194e1855cd7e73ec' -> (Import Result ID: '2ec22eb336cd804fa34a2fd7f3de37f4') in 0.001 seconds [static dependencies only]. Details - ImportResultOutputID=d96a7704142ef22f7ead769171cece48 DependenciesID=fc86a174e92dbc6ce341fd2c6c09a97a StaticDependenciesID=d0d612fd278f98ea861b9be6dd1361e0 
Importing 'GUID: c8cc2afb38af99742a7c873ed149f7f3 - Path: Assets/GameScripts/GameLogic/HuntingInDarkness/SO/Boss/HitLocation/HitLocations ScriptObjects/Arm.asset' with importer (NativeFormatImporter)
Imported 'GUID: c8cc2afb38af99742a7c873ed149f7f3' -> (Import Result ID: '63020d45ed5d3562e2794c68c7ef9ec0') in 0.001 seconds [static dependencies only]. Details - ImportResultOutputID=fe1c7b986177ca0de2e69f09e57fda03 DependenciesID=97063f34448d57ec34b9cd9f46fe2cd4 StaticDependenciesID=46d746551d9a141312f8011912cc89e2 
Importing 'GUID: d83222627b2bf78418ae1a72a4489485 - Path: Assets/GameScripts/GameLogic/HuntingInDarkness/Content/Settlement/PlayableSettlementContentCatalog.asset' with importer (NativeFormatImporter)
Imported 'GUID: d83222627b2bf78418ae1a72a4489485' -> (Import Result ID: '31d0982b73201a4ec0fed0d64adfc33c') in 0.002 seconds [static dependencies only]. Details - ImportResultOutputID=8f04a86b7333d5c19a13ab67fe6121f1 DependenciesID=beae6b6f674a732079c9d029959379e8 StaticDependenciesID=b6d20407ade80696ec15bb9d1527c31e 
Importing 'GUID: d8f33e30b491ab94288a1bc4ef5fe104 - Path: Packages/com.leonz.z-editor-tools/Editor/vInspector/vInspector Data.asset' with importer (NativeFormatImporter)
Imported 'GUID: d8f33e30b491ab94288a1bc4ef5fe104' -> (Import Result ID: 'b51a750f36aa613219879cb2bb612221') in 0.001 seconds [static dependencies only]. Details - ImportResultOutputID=0549596f0017c03e5593c100e1af593f DependenciesID=cd15a626bbbb73d94a25ab97f76233ea StaticDependenciesID=cb8bc80080622e45bf833c14eb7bf19e 
Importing 'GUID: d8dcc56bb2db5ea4a9d1e39d38be5008 - Path: Assets/GameScripts/GameLogic/HuntingInDarkness/Content/Combat/PlayableBoss/HitLocations/Head.asset' with importer (NativeFormatImporter)
Imported 'GUID: d8dcc56bb2db5ea4a9d1e39d38be5008' -> (Import Result ID: '1b0bd7027c3f5624b75bcb92c241d8ed') in 0.000 seconds [static dependencies only]. Details - ImportResultOutputID=75e7db014c3fcf88df948523447b8270 DependenciesID=59ab2ab8c138ada8f0415c637a2e7b8c StaticDependenciesID=fefeac8dde6c69def6646a88bb32dd9e 
Importing 'GUID: f8ab2e4560ff3934b9f563f6bed6f005 - Path: Assets/GameScripts/GameLogic/HuntingInDarkness/Content/Settlement/Progression/Inventions/Training.asset' with importer (NativeFormatImporter)
Imported 'GUID: f8ab2e4560ff3934b9f563f6bed6f005' -> (Import Result ID: '231a37b12c03119d85e2d10a4d2d2669') in 0.000 seconds [static dependencies only]. Details - ImportResultOutputID=9eaf2df11f5517eeb88371f3bf4988f1 DependenciesID=091d03fad7b35021fd15d726beca695f StaticDependenciesID=c5b70d581871d4d2e9caeb23232dcce7 
Importing 'GUID: 29acea6d34f976d4db229b661d8a8784 - Path: Assets/GameScripts/GameLogic/HuntingInDarkness/Content/Combat/Encounters/PlayableEncounterCatalog.asset' with importer (NativeFormatImporter)
Imported 'GUID: 29acea6d34f976d4db229b661d8a8784' -> (Import Result ID: 'bd486685e7acae20789fc6d4545a5f33') in 0.001 seconds [static dependencies only]. Details - ImportResultOutputID=305900096e1bb36326c2c900ce225900 DependenciesID=c0fd96e1ffdba930d13dbc5b0ad0e02e StaticDependenciesID=8a91ce90be268fc037cc7322509291d6 
Importing 'GUID: 397bf671e3302424185ecb93a1b6db02 - Path: Assets/ZFramework/Settings/AudioSetting.asset' with importer (NativeFormatImporter)
Imported 'GUID: 397bf671e3302424185ecb93a1b6db02' -> (Import Result ID: 'fa074993f54b0b8b9f75277f8e4c6f03') in 0.001 seconds [static dependencies only]. Details - ImportResultOutputID=ba4c71df4c6c1485d54a823af156fba4 DependenciesID=ff91c60f8794e0eed0ad920e6d35d286 StaticDependenciesID=a0a7c3b5cf0bc021a4f967575c0f32f9 
Importing 'GUID: 495139ebbf283464eab4df7cd5d58b06 - Path: Assets/GameScripts/GameLogic/HuntingInDarkness/SO/Weapon/Weapon SO/Wood Sword.asset' with importer (NativeFormatImporter)
Imported 'GUID: 495139ebbf283464eab4df7cd5d58b06' -> (Import Result ID: '2e5c2bb6fb7e06e16b8cf47c3e68337b') in 0.000 seconds [static dependencies only]. Details - ImportResultOutputID=e82f3167a63c6dc92f7f320610b1681d DependenciesID=9036686fddbe397310da2be123044487 StaticDependenciesID=86c0aba54eb6206835eb519926914e94 
Importing 'GUID: 691e29270485bb1408f1ec7b625089a5 - Path: Assets/GameScripts/GameLogic/HuntingInDarkness/Content/Combat/PlayableCombatEquipmentCatalog.asset' with importer (NativeFormatImporter)
Imported 'GUID: 691e29270485bb1408f1ec7b625089a5' -> (Import Result ID: '915162a8f7bc316356b2a33d418d55e7') in 0.001 seconds [static dependencies only]. Details - ImportResultOutputID=8709e74aa2efc4bc9c26307285486e8f DependenciesID=92e090a8839e5ca2ea4e5f5a02b3a83b StaticDependenciesID=56ee4768697d3700579342701e4eadf0 
Importing 'GUID: 79ab0c889b3a7b540986043e8b077479 - Path: Assets/GameScripts/GameLogic/HuntingInDarkness/Content/Combat/PlayableCharacterSlot4.asset' with importer (NativeFormatImporter)
Imported 'GUID: 79ab0c889b3a7b540986043e8b077479' -> (Import Result ID: '14cb81272cb4c2483334d2a1b1d0959c') in 0.001 seconds [static dependencies only]. Details - ImportResultOutputID=8fdbc0d417433cfe84b57e6a83778b79 DependenciesID=a71fef6dbe1e1ef21d3a8f42abd6bd32 StaticDependenciesID=469fce0ce2c81c7e9ad7b27d9cfb6c6a 
Importing 'GUID: f952c082cb03451daed3ee968ac6c63e - Path: Assets/TextMesh Pro/Resources/Style Sheets/Default Style Sheet.asset' with importer (NativeFormatImporter)
Imported 'GUID: f952c082cb03451daed3ee968ac6c63e' -> (Import Result ID: '4ef01ddc44c540224f4360c1d89f4065') in 0.001 seconds [static dependencies only]. Details - ImportResultOutputID=8dd71883b584e82682a3aae71db361b6 DependenciesID=30e9c6cdc461a4a15f47478accc884d7 StaticDependenciesID=092b7866c0a78e8bc74bdb91d58a75ea 
Importing 'GUID: 1a989285997ad244b9d46a3beea209a8 - Path: Assets/GameScripts/GameLogic/HuntingInDarkness/GameplayBase/Config/BossConfig/BossConfig.asset' with importer (NativeFormatImporter)
Imported 'GUID: 1a989285997ad244b9d46a3beea209a8' -> (Import Result ID: '1470bcee905486ea4d07c28010c4f9f0') in 0.001 seconds [static dependencies only]. Details - ImportResultOutputID=6a382ef70fedeba803729f64ffcb66d2 DependenciesID=944e7613aebf4229932931819fff7bb1 StaticDependenciesID=66e3addbd31aa64f6dd6ed29ebcaa6a3 
Importing 'GUID: 2a8683b4a15ced5419ac2907488acab9 - Path: Assets/GameScripts/GameLogic/HuntingInDarkness/Content/Combat/PlayableCharacterS/PlayableHunterSlot4.asset' with importer (NativeFormatImporter)
Imported 'GUID: 2a8683b4a15ced5419ac2907488acab9' -> (Import Result ID: '9f1e7313cc72293bb2dc342a97c281c9') in 0.001 seconds [static dependencies only]. Details - ImportResultOutputID=929d40d1c1a8fa51d8773dd0f4c7399a DependenciesID=3f34a7c31f886433e229e05830407640 StaticDependenciesID=f3e343cdfea436cedb3446cb0986d952 
Importing 'GUID: 3a1d1dbb74a2b504dace801c04d51657 - Path: Assets/GameScripts/GameLogic/HuntingInDarkness/Content/Settlement/Hunters/ScoutLin.asset' with importer (NativeFormatImporter)
Imported 'GUID: 3a1d1dbb74a2b504dace801c04d51657' -> (Import Result ID: '68001b6d2f56dad35982d04ca5ea98a4') in 0.000 seconds [static dependencies only]. Details - ImportResultOutputID=076cfe2dce8abe1298f25fa632140d64 DependenciesID=59c2079cba15657056d570ec4a14ff88 StaticDependenciesID=4ef8ae10c63baaa3e3841ba1c3b7b4b3 
Importing 'GUID: 5a1e9d2c7b4f6a8e9c0d1e2f3a4b5c6d - Path: Assets/AssetRaw/Configs/HuntingInDarkness/SettlementExtensions/BasicMedicine.asset' with importer (NativeFormatImporter)
Imported 'GUID: 5a1e9d2c7b4f6a8e9c0d1e2f3a4b5c6d' -> (Import Result ID: 'ba344062387dd98e3e0e3e3084fe3435') in 0.001 seconds [static dependencies only]. Details - ImportResultOutputID=76e8dfef0c2f21df621fe6f11b0c1834 DependenciesID=7ccc53f21d085904e97bfb1be023c7ff StaticDependenciesID=398c34b3444ae37d3ea8399672ada39a 
Importing 'GUID: baf3fb62f56c7ab42816a28f86105389 - Path: Assets/AssetRaw/Configs/HuntingInDarkness/CardPrefabCatalog.asset' with importer (NativeFormatImporter)
Imported 'GUID: baf3fb62f56c7ab42816a28f86105389' -> (Import Result ID: 'e623892000127afcd8ea5b2d4e5cec97') in 0.001 seconds [static dependencies only]. Details - ImportResultOutputID=f5ee24cb4cc3f39e72761fa25c90257e DependenciesID=c6714d288f8c1f4d3517baba8058ceed StaticDependenciesID=de0415876c366b8fa3792200ef934efb 
Importing 'GUID: baff40aea9b745047975fe446fa39fce - Path: Assets/GameScripts/GameLogic/HuntingInDarkness/SO/Character/ActionCard SO/BasicAttack.asset' with importer (NativeFormatImporter)
Imported 'GUID: baff40aea9b745047975fe446fa39fce' -> (Import Result ID: '628c4956795c4d31b633dc757fa26f53') in 0.000 seconds [static dependencies only]. Details - ImportResultOutputID=8eacd94179bafd5a6e12d8cc9f55aa6e DependenciesID=6a619ea8afc3af2a2ea9d8433f1669c7 StaticDependenciesID=0590ba4a7ee41207765ad050b848933e 
Importing 'GUID: da4e5e30c926f8144bec417b1974f48d - Path: Assets/GameScripts/GameLogic/HuntingInDarkness/SO/Boss/ActionCard/Attack.asset' with importer (NativeFormatImporter)
Imported 'GUID: da4e5e30c926f8144bec417b1974f48d' -> (Import Result ID: '4e738ddbb5a4cb594f0afd9a56da9852') in 0.000 seconds [static dependencies only]. Details - ImportResultOutputID=9b9c2e1cce4ddba0cbc5f5a4535bd883 DependenciesID=3503638075d9fa154e7c60cdeed41373 StaticDependenciesID=2faa6d7c47f83bf206450e5e5956526c 
Importing 'GUID: eaa6505530fa9d141ba26750404aaa6a - Path: Assets/AssetRaw/Configs/HuntingInDarkness/PlayableBootstrapSettings.asset' with importer (NativeFormatImporter)
Imported 'GUID: eaa6505530fa9d141ba26750404aaa6a' -> (Import Result ID: '089514ea87c57d9259faf764f86c6de8') in 0.003 seconds [static dependencies only]. Details - ImportResultOutputID=c2d753567faed4d097c7d1241e3e83d4 DependenciesID=ae0b0eed42aebd0af04cd1eedfd4a5eb StaticDependenciesID=89eb3e90fd2481a5f6de665e3c8c9975 
Importing 'GUID: 1bee435e4a486534b9598e60253f73e7 - Path: Assets/GameScripts/GameLogic/HuntingInDarkness/Content/Hunt/Items/SoftOrgan.asset' with importer (NativeFormatImporter)
Imported 'GUID: 1bee435e4a486534b9598e60253f73e7' -> (Import Result ID: 'd3614401b3c5cdd4f432ea0118987d0e') in 0.000 seconds [static dependencies only]. Details - ImportResultOutputID=bf475c8ebdb749936da1a8ba85726785 DependenciesID=1ab69983d262f2c4a71ad25d64e1f966 StaticDependenciesID=3811defaa9746e373bda959522ea5651 
Importing 'GUID: 2be0ab4d1156fc8478f4dc6501901bc0 - Path: Assets/GameScripts/GameLogic/HuntingInDarkness/SO/Boss/HitLocation/HitLocations ScriptObjects/Brassart.asset' with importer (NativeFormatImporter)
Imported 'GUID: 2be0ab4d1156fc8478f4dc6501901bc0' -> (Import Result ID: 'a93b5ca4ed9162aaf081393239456242') in 0.000 seconds [static dependencies only]. Details - ImportResultOutputID=0a992084926a27dae7021890eb0a8000 DependenciesID=44290eb93fcb12c1d9d7e2cd63107ece StaticDependenciesID=05a4b3efbe966eb980a33246e88f8508 
Importing 'GUID: 3b4f4c30524ac7e49bad8e75e6464058 - Path: Assets/GameScripts/GameLogic/HuntingInDarkness/Content/Hunt/Tiles/MushroomForest.asset' with importer (NativeFormatImporter)
Imported 'GUID: 3b4f4c30524ac7e49bad8e75e6464058' -> (Import Result ID: '3fa12fe2310209e633df9850931e546c') in 0.000 seconds [static dependencies only]. Details - ImportResultOutputID=4ee52bc1f60eaa700d883a4daecfdd0f DependenciesID=54449b90116bdec5b90e5d04618e79d3 StaticDependenciesID=5343ed692e0cf4f445689d43ccbfb338 
Importing 'GUID: 9b217aea163c37a4dafe3de18a5db71a - Path: Assets/GameScripts/GameLogic/HuntingInDarkness/Content/Settlement/Events/AshMarket.asset' with importer (NativeFormatImporter)
Imported 'GUID: 9b217aea163c37a4dafe3de18a5db71a' -> (Import Result ID: 'ae9660fe605afa39852e65abef480a02') in 0.000 seconds [static dependencies only]. Details - ImportResultOutputID=b226b012caedb17ff3876ccc31bd15e2 DependenciesID=210e7a1e44c363ab2d8773e8eb86c09f StaticDependenciesID=2eec1a6026334a2bd9953d8420126ad0 
Importing 'GUID: 9b283cab0dd1f694a8be9940b9503141 - Path: Assets/AssetRaw/Configs/HuntingInDarkness/PlayableWeaponMasteryCatalog.asset' with importer (NativeFormatImporter)
Imported 'GUID: 9b283cab0dd1f694a8be9940b9503141' -> (Import Result ID: 'c6c5584f31964776794b37839f61f334') in 0.000 seconds [static dependencies only]. Details - ImportResultOutputID=6590f29d4cf4ceff53d9c69f4518219e DependenciesID=570d0c3c8ffc10de6a13641c7f71f78c StaticDependenciesID=5f2e07199fa8dd1d6f72bd49a0986d8b 
Importing 'GUID: abd9452727e032045b83589cd7aaef34 - Path: Packages/com.leonz.z-editor-tools/Editor/vHierarchy/vHierarchy Data.asset' with importer (NativeFormatImporter)
Imported 'GUID: abd9452727e032045b83589cd7aaef34' -> (Import Result ID: '6b9a4f327b904a706501261154f27873') in 0.002 seconds [static dependencies only]. Details - ImportResultOutputID=dde14d500efffb1519820371ef50170d DependenciesID=9c331fff649322717cd6ed832c8b6a3d StaticDependenciesID=38c65ec88e5f474e6a11b1ac441fd3b7 
Importing 'GUID: bbdb198c4c6e406479b4717a7d1d8aa2 - Path: Assets/GameScripts/GameLogic/HuntingInDarkness/Content/Settlement/Progression/Inventions/Tools.asset' with importer (NativeFormatImporter)
Imported 'GUID: bbdb198c4c6e406479b4717a7d1d8aa2' -> (Import Result ID: '1c20bd124e173b1e9059aee503151ce2') in 0.000 seconds [static dependencies only]. Details - ImportResultOutputID=a1ac93d538b10fdc43e08e7d19f4825f DependenciesID=ca08a408255f55900d2ea3889538a116 StaticDependenciesID=9c1c1de9967f7c3d92565df96644d760 
Importing 'GUID: cbb01204deae5a240b4f33db920cfcd5 - Path: Assets/GameScripts/GameLogic/HuntingInDarkness/Content/Hunt/Events/FungalWhisper.asset' with importer (NativeFormatImporter)
Imported 'GUID: cbb01204deae5a240b4f33db920cfcd5' -> (Import Result ID: '0205af58698082994b165be7ccf557bb') in 0.000 seconds [static dependencies only]. Details - ImportResultOutputID=b0743482a126bbaf3fe6e8e5d714b449 DependenciesID=06e3ce1f7acb5bda0e765697708f45d7 StaticDependenciesID=ab16045750d96aa53d70a822fe8ccddb 
Importing 'GUID: 3c9c7ad63c5145f42bcb764a87d0f908 - Path: Assets/GameScripts/GameLogic/HuntingInDarkness/Content/Hunt/Tiles/StatuePlains.asset' with importer (NativeFormatImporter)
Imported 'GUID: 3c9c7ad63c5145f42bcb764a87d0f908' -> (Import Result ID: '3c7d3cf0532b12cd7775dc65583ea2c2') in 0.000 seconds [static dependencies only]. Details - ImportResultOutputID=9b3c5f1f4d5163f2b4eb199447325384 DependenciesID=3aaeb2cbf81b03b9ecd039ab1bb52df3 StaticDependenciesID=abd485b3b8e7f222afb563cd5b64acfd 
Importing 'GUID: 4c330bd3302a68d478084c015d5a828e - Path: Assets/GameScripts/GameLogic/HuntingInDarkness/SO/Character/ActionCard SO/Charged Attack.asset' with importer (NativeFormatImporter)
Imported 'GUID: 4c330bd3302a68d478084c015d5a828e' -> (Import Result ID: '0e41e03b542749dcbca01c10102fc2fe') in 0.000 seconds [static dependencies only]. Details - ImportResultOutputID=00b2a20865f52f909864a25c0ea6c96d DependenciesID=ac79c02d917d121c67785d635e5162a3 StaticDependenciesID=45c957ee384a9de2ece22fa8105f6a4b 
Importing 'GUID: 5cc179a3fc5a72a41b2511fead2a9978 - Path: Assets/GameScripts/GameLogic/HuntingInDarkness/Content/Combat/PlayableCharacterS/PlayableHunterSlot1.asset' with importer (NativeFormatImporter)
Imported 'GUID: 5cc179a3fc5a72a41b2511fead2a9978' -> (Import Result ID: '17f2e313d115b86d49453cc38bb8d279') in 0.000 seconds [static dependencies only]. Details - ImportResultOutputID=007a53f9ccf3875ac9cd2c0c1408e2cc DependenciesID=55e52021f8732248265c18c68b2be4a0 StaticDependenciesID=ac89ee4a3cba2763aaf4be1c6ccc76cd 
Importing 'GUID: 5c680ebdd664dd04bb04c44876557ef9 - Path: Assets/GameScripts/GameLogic/HuntingInDarkness/Content/Combat/PlayableCharacterS/PlayableHunterSlot3.asset' with importer (NativeFormatImporter)
Imported 'GUID: 5c680ebdd664dd04bb04c44876557ef9' -> (Import Result ID: '9940be8337b13ea0092289334291106e') in 0.000 seconds [static dependencies only]. Details - ImportResultOutputID=27d1f3fb55d265c89270dc4026d73e77 DependenciesID=324b5df4dd21b89367215797a178dc0d StaticDependenciesID=002145ddafb91e282727e9bbe92e3d8a 
Importing 'GUID: 9cde4642e9a49844fb711f6a7c990ae7 - Path: Assets/GameScripts/GameLogic/HuntingInDarkness/Content/Hunt/Destinations/PlayableHuntDestinationCatalog.asset' with importer (NativeFormatImporter)
Imported 'GUID: 9cde4642e9a49844fb711f6a7c990ae7' -> (Import Result ID: 'db57013737d0d46da2e405bf2e49e785') in 0.000 seconds [static dependencies only]. Details - ImportResultOutputID=e9b031fb661dc3134d6cc59053c37df1 DependenciesID=3d12086b93112c355de57991afe93f4e StaticDependenciesID=6efa768bb3caa1238ed0ea44b362f02c 
Importing 'GUID: fc4cbca6803a94644bb1bbb7480254c9 - Path: Assets/GameScripts/GameLogic/HuntingInDarkness/Content/Hunt/Items/BrokenStone.asset' with importer (NativeFormatImporter)
Imported 'GUID: fc4cbca6803a94644bb1bbb7480254c9' -> (Import Result ID: '8360e497f63469c2bee0e07338e2e0ce') in 0.000 seconds [static dependencies only]. Details - ImportResultOutputID=957a1befa062a48fc18f5e6c51073fc1 DependenciesID=391748a73c5f19ca6060055f11625c6f StaticDependenciesID=6017f48d66aacd739906ddbe2e61a012 
Importing 'GUID: 1d485a10e89a91247a0243d19166f1d2 - Path: Assets/GameScripts/GameLogic/HuntingInDarkness/Content/Combat/PermanentInjuries/PlayablePermanentInjuryCatalog.asset' with importer (NativeFormatImporter)
Imported 'GUID: 1d485a10e89a91247a0243d19166f1d2' -> (Import Result ID: 'f56b7a51e0ada04a61a383782efe07d5') in 0.000 seconds [static dependencies only]. Details - ImportResultOutputID=e450d77496e18cf03bab52d80481e7ac DependenciesID=626ce8dc886f87612a353a4d8d567ecc StaticDependenciesID=bed5822f244c3b9f93efb5914d28c2e8 
Importing 'GUID: 3d41d18b144b92f4a9790632396e6e65 - Path: Assets/GameScripts/GameLogic/HuntingInDarkness/Content/Settlement/Events/SilentOffering.asset' with importer (NativeFormatImporter)
Imported 'GUID: 3d41d18b144b92f4a9790632396e6e65' -> (Import Result ID: '09c95d154cd787fd28751b4984384bb6') in 0.000 seconds [static dependencies only]. Details - ImportResultOutputID=fe6baac2a526aaefb0f1e2890d44756c DependenciesID=4bf4e8d3cd74fa7cc1dfbebb55793cd6 StaticDependenciesID=0271a9f39dd89cab6d4c982ecda55742 
Importing 'GUID: 3d933f60f6dbcd64c8a4a73f7f13a504 - Path: Assets/AssetRaw/Configs/HuntingInDarkness/HuntingInDarknessContentSources.asset' with importer (NativeFormatImporter)
Imported 'GUID: 3d933f60f6dbcd64c8a4a73f7f13a504' -> (Import Result ID: '40c5b072ab30560c980d1e8be8d745e4') in 0.004 seconds [static dependencies only]. Details - ImportResultOutputID=ee3f4cbe7057e7c0e8a801f4d4d85d8b DependenciesID=b8b16077a86ee01055b6ed743b4ab9fb StaticDependenciesID=6c1105d9c638eee145907f02057bcd2c 
Importing 'GUID: ad4e9c1d66557fa4cb81662832fb8f29 - Path: Assets/GameScripts/GameLogic/HuntingInDarkness/Content/Settlement/Progression/Items/ToughMembraneCuirass.asset' with importer (NativeFormatImporter)
Imported 'GUID: ad4e9c1d66557fa4cb81662832fb8f29' -> (Import Result ID: '3e5dfe59b5f8c216b81e0fea77e56801') in 0.001 seconds [static dependencies only]. Details - ImportResultOutputID=8a27dc078ad7a1d0b2ea74fec6c9fee8 DependenciesID=9fed8a3ac57eeaca89df8b4016b89ce9 StaticDependenciesID=6ccb26b76af14dc0a24b16c64dfc713d 
Importing 'GUID: cd72cba580ddb414996d2efec12ef753 - Path: Assets/GameScripts/GameLogic/HuntingInDarkness/SO/Boss/ActionCard/HeavyAttack.asset' with importer (NativeFormatImporter)
Imported 'GUID: cd72cba580ddb414996d2efec12ef753' -> (Import Result ID: '95b43f751c4be5cf22f4f2957bedce50') in 0.000 seconds [static dependencies only]. Details - ImportResultOutputID=edff6028d6c3ab434d82f18ac70daee1 DependenciesID=7d569c9cb49a245e1cdb7ceeb54c1daf StaticDependenciesID=b7cb3351a8ebac9e57f1210b043f4eff 
Importing 'GUID: 2e498d1c8094910479dc3e1b768306a4 - Path: Assets/TextMesh Pro/Resources/Fonts & Materials/LiberationSans SDF - Fallback.asset' with importer (NativeFormatImporter)
Imported 'GUID: 2e498d1c8094910479dc3e1b768306a4' -> (Import Result ID: 'bb2cabcad5453226fef958eb62521642') in 0.005 seconds [static dependencies only]. Details - ImportResultOutputID=94ce4dace069634644df4d315a8acf11 DependenciesID=75bb57a4f3c024be439699e59bc03246 StaticDependenciesID=2d5af908d69b0d8f511fa44de2419b70 
Importing 'GUID: 3eb4bde5df120b6479cd14d949ae8df6 - Path: Assets/GameScripts/GameLogic/HuntingInDarkness/Content/Combat/PlayableBoss/HitLocations/Forelimbs.asset' with importer (NativeFormatImporter)
Imported 'GUID: 3eb4bde5df120b6479cd14d949ae8df6' -> (Import Result ID: '162c0317aa80fe5e8afe78fa80f99945') in 0.000 seconds [static dependencies only]. Details - ImportResultOutputID=75c6d5d01ac53b4b32e5463f849c22fc DependenciesID=eb781a618827a854869c0c6c6efcf93d StaticDependenciesID=c991a8fb7830de03f7ad40e98cff5297 
Importing 'GUID: 5ebb557887657bd40b787add40b0e4df - Path: Packages/com.leonz.z-editor-tools/Editor/vFav/vFavorites Data.asset' with importer (NativeFormatImporter)
Imported 'GUID: 5ebb557887657bd40b787add40b0e4df' -> (Import Result ID: '4d6386ed33a037fb12a2472a5e37f5e6') in 0.001 seconds [static dependencies only]. Details - ImportResultOutputID=7a53b15018bbe8d7975e230490b7c0de DependenciesID=a31390cfb8f469bd1f2aa6631acd46a5 StaticDependenciesID=d8cfcfc656d645b4e289b522bfa958ff 
Importing 'GUID: 9e9a380f22ab2704fbde1aa8ac3b96d7 - Path: Assets/GameScripts/GameLogic/HuntingInDarkness/Content/Settlement/Events/BoneWind.asset' with importer (NativeFormatImporter)
Imported 'GUID: 9e9a380f22ab2704fbde1aa8ac3b96d7' -> (Import Result ID: '913ebd1e2d2ca9c1b6cb1cc3f9e0bcff') in 0.000 seconds [static dependencies only]. Details - ImportResultOutputID=1e811db58450ba13d81c865f6cfe26e5 DependenciesID=bfdeeab480031f8e91654b329845c9d3 StaticDependenciesID=fdb85dfada1a894ef5845e40017b428e 
Importing 'GUID: ae69877306ed57e44a68bb29c3a64cc2 - Path: Assets/GameScripts/GameLogic/HuntingInDarkness/Content/Combat/PlayableCards/PlayableFocus.asset' with importer (NativeFormatImporter)
Imported 'GUID: ae69877306ed57e44a68bb29c3a64cc2' -> (Import Result ID: 'f54f5762d946c2eac0e7aad3d0054209') in 0.000 seconds [static dependencies only]. Details - ImportResultOutputID=e7f8693909c1a793b820297ad705cbae DependenciesID=73de59bfbc4870fa772e6b94378f2f9f StaticDependenciesID=8e546cdacbfde91c8099230adb7c0d22 
Importing 'GUID: ae1b500b4382ce84db5dd66e8c01c0f2 - Path: Assets/ZFramework/Settings/ProcedureSetting.asset' with importer (NativeFormatImporter)
Imported 'GUID: ae1b500b4382ce84db5dd66e8c01c0f2' -> (Import Result ID: '2b2a866113c00340bcc52f325feca031') in 0.001 seconds [static dependencies only]. Details - ImportResultOutputID=0056a8bc1e8b50c223d02ec8d1306552 DependenciesID=cecd1874cac881134c4950b10fb5bd46 StaticDependenciesID=9d1f917b6caf6663842879202a8a2e58 
Importing 'GUID: eef026a634fdf0843a138a198536c31f - Path: Assets/GameScripts/GameLogic/HuntingInDarkness/SO/Character/ActionCard SO/Rest.asset' with importer (NativeFormatImporter)
Imported 'GUID: eef026a634fdf0843a138a198536c31f' -> (Import Result ID: '1a7386961c334b724773d9830add8616') in 0.001 seconds [static dependencies only]. Details - ImportResultOutputID=86e81fa7e5363095e388a4709a0fbf95 DependenciesID=c272b0defa40f891cd4740311fb80672 StaticDependenciesID=2b29604c3b1f735ab099f97c2593cc18 
Importing 'GUID: ee37638ae0b7e8445a5e9d42d25b1e66 - Path: Assets/GameScripts/GameLogic/HuntingInDarkness/GameplayBase/Config/CharacterConfig/CharacterConfig3.asset' with importer (NativeFormatImporter)
Imported 'GUID: ee37638ae0b7e8445a5e9d42d25b1e66' -> (Import Result ID: '8081020e3b09bfb3cdcf28dded7e6d34') in 0.001 seconds [static dependencies only]. Details - ImportResultOutputID=01ac7785ed1be3b7eea5787066fb7a32 DependenciesID=370a648913071747b6c09c9648079b8e StaticDependenciesID=dd13d8bdd6524104636c98c4a730be10 
Importing 'GUID: 3f5b5dff67a942289a9defa416b206f3 - Path: Assets/TextMesh Pro/Resources/TMP Settings.asset' with importer (NativeFormatImporter)
Imported 'GUID: 3f5b5dff67a942289a9defa416b206f3' -> (Import Result ID: '6d638787565bad871187bbec41714c84') in 0.008 seconds [static dependencies only]. Details - ImportResultOutputID=f3a7f958421f64c2182feeeb9c024eba DependenciesID=0478b6be44323c5e35431e8151f80390 StaticDependenciesID=3fca809e513f4cdbb252a4ec9d190c38 
Importing 'GUID: 7fbc75f252af6694ea5e7a9465553adc - Path: Assets/GameScripts/GameLogic/HuntingInDarkness/Content/Hunt/Tiles/ShallowSwamp.asset' with importer (NativeFormatImporter)
Imported 'GUID: 7fbc75f252af6694ea5e7a9465553adc' -> (Import Result ID: 'e2af6047bd41456b4ae6cae06e45dd20') in 0.001 seconds [static dependencies only]. Details - ImportResultOutputID=fd08e0e65cc84b4c4893c46098593759 DependenciesID=4019344f5a55d418d2ede9be8285a186 StaticDependenciesID=1cf6580b4d1715c9dc655819f8b8d6a2 
Importing 'GUID: 8f586378b4e144a9851e7b34d9b748ee - Path: Assets/TextMesh Pro/Resources/Fonts & Materials/LiberationSans SDF.asset' with importer (NativeFormatImporter)
Imported 'GUID: 8f586378b4e144a9851e7b34d9b748ee' -> (Import Result ID: 'c0ffb082f7c0b9b03adbae7291e7eb7e') in 0.000 seconds [static dependencies only]. Details - ImportResultOutputID=240fd601d528dfe2404501a6b4c703ff DependenciesID=e849d54cf4faa7df2f07d964f42a4002 StaticDependenciesID=20b4c96f0720c45df1ce59a0a252c81a 
Importing 'GUID: bf1660e9edb47234d8aaa429be15d980 - Path: Assets/GameScripts/GameLogic/HuntingInDarkness/Content/Combat/PlayableCards/PlayableStrike.asset' with importer (NativeFormatImporter)
Imported 'GUID: bf1660e9edb47234d8aaa429be15d980' -> (Import Result ID: '6f19fc64af24120c4df7e46c3285eb8a') in 0.000 seconds [static dependencies only]. Details - ImportResultOutputID=3813ad4e46ca268c44e857044f397988 DependenciesID=aee5c69fc779f3f54df6b59936ac32db StaticDependenciesID=9d7acba84c2d71e8c02970eb8a9381eb 
Importing 'GUID: df6a6289992d3406cb4cad0c522e4adf - Path: Packages/com.unity.ai.navigation/EditorResources/d_NavigationWindowIcon.asset' with importer (NativeFormatImporter)
Imported 'GUID: df6a6289992d3406cb4cad0c522e4adf' -> (Import Result ID: 'b1ed5d226d75e2657220bda55821de93') in 0.001 seconds [static dependencies only]. Details - ImportResultOutputID=b1db8e2fb15c3656dc06797eecfdb63f DependenciesID=50eb4d975aa98e27f632d75763849fb0 StaticDependenciesID=247c2d037d6caba847a87ca55740e76e 
Importing 'GUID: 203bedb65db239c4aa5d9cf073cd3b73 - Path: Packages/com.unity.ai.navigation/ValidationExceptions.json' with importer (TextScriptImporter)
Imported 'GUID: 203bedb65db239c4aa5d9cf073cd3b73' -> (Import Result ID: '08a5f0c11b38fe56a297971fe79b8a6c') in 0.002 seconds [static dependencies only]. Details - ImportResultOutputID=5a6261e6dc2fee3aae3e0f49891abc3e DependenciesID=f8ce1e3cde9064bea0af623c1629ec6a StaticDependenciesID=431b959dcb8f30fb27c849dbe898acd1 
Importing 'GUID: 30b312a167534621b316172253b08723 - Path: Packages/com.unity.modules.subsystems/package.json' with importer (PackageManifestImporter)
Imported 'GUID: 30b312a167534621b316172253b08723' -> (Import Result ID: '8de3c95a973b224317dacce37e7702be') in 0.002 seconds [static dependencies only]. Details - ImportResultOutputID=5d4e1d411c6d1280fee0fd81da9b9a41 DependenciesID=9bafb435c48c4c7755bdc5bb1d9e1cec StaticDependenciesID=034ab05de2525bb2e7313dffcd919fd1 
Importing 'GUID: 40551812c908533438dbfc2b727c9950 - Path: Assets/Editor/AssetBundleCollector/AssetBundleCollectorConfig.xml' with importer (TextScriptImporter)
Imported 'GUID: 40551812c908533438dbfc2b727c9950' -> (Import Result ID: '8a74f0f058ba602c1fb60206b6a22602') in 0.002 seconds [static dependencies only]. Details - ImportResultOutputID=ca65515c9e9b99c690b400ebb8771ddb DependenciesID=b45fc7ecbab35c5d172e83c18b4ca40c StaticDependenciesID=bfee20ecc720ddd84df3f8f0a3914a79 
Importing 'GUID: 40bf3cec17fa0b49fe04443c8332d638 - Path: Packages/com.unity.modules.jsonserialize/package.json' with importer (PackageManifestImporter)
Imported 'GUID: 40bf3cec17fa0b49fe04443c8332d638' -> (Import Result ID: 'dc74478dc2f485010c09954444c98194') in 0.001 seconds [static dependencies only]. Details - ImportResultOutputID=891918617c984cf929da287de3b28243 DependenciesID=524dced8f9c0c46e1d588e7a9474a18d StaticDependenciesID=b59c7ab5c87288ceda6dd56f34a61b18 
Importing 'GUID: 6022bdd5b2896a54f94123b812705321 - Path: Packages/com.unity.ide.visualstudio/CHANGELOG.md' with importer (TextScriptImporter)
Imported 'GUID: 6022bdd5b2896a54f94123b812705321' -> (Import Result ID: '5d9875f8d4d2f0718659e7ff9d8abcc5') in 0.001 seconds [static dependencies only]. Details - ImportResultOutputID=1941ca0c40c65e62afa8fd4e3b8d975f DependenciesID=a5f1d00025f0356dcf3df5ebc1ade82f StaticDependenciesID=86a37e8db945c05de976ab310fb21f50 
Importing 'GUID: 80062d1eec9b0fc40955977abcefc674 - Path: Assets/TurnBasedPack/BuffSystem/README.md' with importer (TextScriptImporter)
Imported 'GUID: 80062d1eec9b0fc40955977abcefc674' -> (Import Result ID: '0b0c336a58970e3bcf93fe5051671cb0') in 0.002 seconds [static dependencies only]. Details - ImportResultOutputID=3a6b8b42fa32075b3ee37cbd430da821 DependenciesID=b4212217ab0e7bc4a2df5858befd16ac StaticDependenciesID=696d8cda250f25334892f8c818e3b3f5 
Importing 'GUID: 80beef77cb19e713c7c2d481b65ed485 - Path: Packages/com.unity.modules.screencapture/package.json' with importer (PackageManifestImporter)
Imported 'GUID: 80beef77cb19e713c7c2d481b65ed485' -> (Import Result ID: '40284b2f6ac03e3c1f0319ad2de0d592') in 0.001 seconds [static dependencies only]. Details - ImportResultOutputID=983250a2dc621a762e73ead2ce94efd8 DependenciesID=8e2e5e210ea5303aae0d9c94826b11c6 StaticDependenciesID=c244387a612b232878d621294bb55c24 
Importing 'GUID: 906c12bc9cd95d3963c6d58f62522c78 - Path: Packages/com.unity.modules.cloth/package.json' with importer (PackageManifestImporter)
Imported 'GUID: 906c12bc9cd95d3963c6d58f62522c78' -> (Import Result ID: 'bb313a688d1cb078f04f5a3f1cfe37a9') in 0.002 seconds [static dependencies only]. Details - ImportResultOutputID=516616d488b80658f1bc6d39e6323fe4 DependenciesID=4aa163d41a31346f5b98e50998b13713 StaticDependenciesID=87400f95dbec46a5627999cf50b5fd5f 
Importing 'GUID: d0e3ad91972c66f5238f5b9b7d5ae58a - Path: Packages/com.unity.modules.unitywebrequesttexture/package.json' with importer (PackageManifestImporter)
Imported 'GUID: d0e3ad91972c66f5238f5b9b7d5ae58a' -> (Import Result ID: 'b621ba6139909d8442e35d1d7718c9a5') in 0.003 seconds [static dependencies only]. Details - ImportResultOutputID=50532d8986b57e8cf0f67d010ae5faa9 DependenciesID=32b938d165224a703beb063403f94944 StaticDependenciesID=9da613ee2b9ef1bce0abd958a1dc87ec 
Importing 'GUID: e0ae6629cc70b514889df37fccb76832 - Path: Packages/com.unity.ugui/README.md' with importer (TextScriptImporter)
Imported 'GUID: e0ae6629cc70b514889df37fccb76832' -> (Import Result ID: '663e8375886f8c1198921d298275dfb9') in 0.003 seconds [static dependencies only]. Details - ImportResultOutputID=e372dbcb867529f2c4f22e24ad4af854 DependenciesID=3c59f91060dfdb53cd5d13772b73248e StaticDependenciesID=0e77767d89645a8f22d8e88d714ea11b 
Importing 'GUID: f0f13f2ab3d6d13cfc6e4656824bfca8 - Path: Packages/com.unity.modules.ai/package.json' with importer (PackageManifestImporter)
Imported 'GUID: f0f13f2ab3d6d13cfc6e4656824bfca8' -> (Import Result ID: '1d7d3cf8766bab9a6f8885e67c93d81a') in 0.002 seconds [static dependencies only]. Details - ImportResultOutputID=084f1efaf4086fe15fda68049aa031a1 DependenciesID=807cb0af003aef104ad4845fd8ad70c0 StaticDependenciesID=26374c5b47a646e5ccb80182d31db66c 
Importing 'GUID: 319b8889f363f5947acf209c17a94149 - Path: Packages/com.unity.ugui/package.json' with importer (PackageManifestImporter)
Imported 'GUID: 319b8889f363f5947acf209c17a94149' -> (Import Result ID: '267f4a56b72601e0a86c1aade395db18') in 0.002 seconds [static dependencies only]. Details - ImportResultOutputID=5b6ae5fb292bd8d7fb20de3b752e521a DependenciesID=5168ef5dec85bd1823b7c56ebc88260a StaticDependenciesID=6f650b5bca82a4759799f0ef4d2cf89b 
Importing 'GUID: 51bd45ca4f0f28342a12f4b0c80e9f4f - Path: Packages/com.unity.nuget.newtonsoft-json/README.md' with importer (TextScriptImporter)
Imported 'GUID: 51bd45ca4f0f28342a12f4b0c80e9f4f' -> (Import Result ID: '103b5f3ac073a9af110bdd1e2b34610d') in 0.003 seconds [static dependencies only]. Details - ImportResultOutputID=e261ed62c985b710abdee8ae17cf1147 DependenciesID=8c4c9b9a597f60e1b78104e68279c75d StaticDependenciesID=03d62af84158e20071613a01771c1699 
Importing 'GUID: 8143d3a8390f2c64685e3bc272bd9e90 - Path: Packages/com.unity.ext.nunit/package.json' with importer (PackageManifestImporter)
Imported 'GUID: 8143d3a8390f2c64685e3bc272bd9e90' -> (Import Result ID: 'f3b26fa2a6bc766a8c54f1140c11f34d') in 0.002 seconds [static dependencies only]. Details - ImportResultOutputID=264406b949d15288ec3eebefc5dc3490 DependenciesID=7b17765aeefe14878660e65d47711710 StaticDependenciesID=a41aa71367c150510862fb3cc97ef875 
Importing 'GUID: a1b2496d9eca3a040a54579b29de425c - Path: Packages/com.zframework.ecs/package.json' with importer (PackageManifestImporter)
Imported 'GUID: a1b2496d9eca3a040a54579b29de425c' -> (Import Result ID: '5ccd09ec08abe73a72d935c4b0d8551d') in 0.002 seconds [static dependencies only]. Details - ImportResultOutputID=a6c424c5a737eef681d4f8402254f807 DependenciesID=5db835d950547d5a43c8ee2d0eadc822 StaticDependenciesID=f6f6958451d5b7d6bf3e8ee92af93d92 
Importing 'GUID: d1a9a71f68bb0d04db91ddaa3329abf9 - Path: Packages/com.cysharp.unitask/package.json' with importer (PackageManifestImporter)
Imported 'GUID: d1a9a71f68bb0d04db91ddaa3329abf9' -> (Import Result ID: '8bf3f0d8bc0b11aded9941dae1adad74') in 0.002 seconds [static dependencies only]. Details - ImportResultOutputID=9101a9e04045ebb5be95b641d175b5a5 DependenciesID=aa16caa9d3c38420217915ca6c2d1364 StaticDependenciesID=44e613e336f8343c9e23ece3f8639268 
Importing 'GUID: e147e471b0519214bb9c98fdd6189ca7 - Path: Assets/ZFramework/README.md' with importer (TextScriptImporter)
Imported 'GUID: e147e471b0519214bb9c98fdd6189ca7' -> (Import Result ID: 'fb41028e292c200a32c8cb0245fb41cb') in 0.002 seconds [static dependencies only]. Details - ImportResultOutputID=c55058c69de276f8c29eda0ce69fe0e7 DependenciesID=c327a6427b1078d3bfd0cee3019fa0f8 StaticDependenciesID=224c449a25043b97e2fd4fd018886a98 
Importing 'GUID: e1ef8466c8fd01a549f10baa4d51fa17 - Path: Packages/com.unity.modules.assetbundle/package.json' with importer (PackageManifestImporter)
Imported 'GUID: e1ef8466c8fd01a549f10baa4d51fa17' -> (Import Result ID: 'ec6fee1f0c2d381b39ff1115c6f942ec') in 0.002 seconds [static dependencies only]. Details - ImportResultOutputID=c14d0c80429a1b2e07a8aa59da3e090e DependenciesID=a3792c15aed70d7464df409c1c0bb21a StaticDependenciesID=696289b7988734643a818e8f6583aa0a 
Importing 'GUID: 42fe78c8fe682715a2cb531422e6ccb3 - Path: Packages/com.unity.modules.imgui/package.json' with importer (PackageManifestImporter)
Imported 'GUID: 42fe78c8fe682715a2cb531422e6ccb3' -> (Import Result ID: '4aa81f0764ac01e969684679d10380c9') in 0.001 seconds [static dependencies only]. Details - ImportResultOutputID=f3517442a7b9f2e47ee8fa5d575508d6 DependenciesID=71f2082766b933690e9c4a0289669571 StaticDependenciesID=4d880b72f9a8cee82e3213d6b75f80e2 
Importing 'GUID: 92a378669877c05c6071d0fed687bb95 - Path: Packages/com.unity.modules.tilemap/package.json' with importer (PackageManifestImporter)
Imported 'GUID: 92a378669877c05c6071d0fed687bb95' -> (Import Result ID: '6f57079b20ac940598b62875ba6a4cca') in 0.002 seconds [static dependencies only]. Details - ImportResultOutputID=f33f95d07119304837f09eeace9783ca DependenciesID=53601d3633b1f4b128b6e771bd4ad48e StaticDependenciesID=1325c35e683f5e2d4ec3bb3937b224d1 
Importing 'GUID: 13bdcb7b9338452f81fc75f54b538bf3 - Path: Assets/TurnBasedPack/ActionQueue/GETTING_STARTED.md' with importer (TextScriptImporter)
Imported 'GUID: 13bdcb7b9338452f81fc75f54b538bf3' -> (Import Result ID: 'bbe174fb10b9572617ade6ffa0038e13') in 0.002 seconds [static dependencies only]. Details - ImportResultOutputID=59e606842d8c3dbdeec4dda7bb1b4aa5 DependenciesID=dec6b75f967024ffd9d5728a5cb1b77b StaticDependenciesID=ac10d2748a15065121f94b4df60bb610 
Importing 'GUID: 93c1484372a5f5448ab6371fdb212c20 - Path: Packages/com.unity.scriptablebuildpipeline/LICENSE.md' with importer (TextScriptImporter)
Imported 'GUID: 93c1484372a5f5448ab6371fdb212c20' -> (Import Result ID: 'c3f595037371f0aa975065d10f88a540') in 0.001 seconds [static dependencies only]. Details - ImportResultOutputID=6633d6cf10f66a4a2ba6115321c2366e DependenciesID=0117a1b4625065261428d9ac58b58a2c StaticDependenciesID=05c15f226def4d217c1611fe6290eb37 
Importing 'GUID: a3f71b076c36a204a864f8c44142b3a9 - Path: Packages/com.unity.ide.visualstudio/ValidationConfig.json' with importer (TextScriptImporter)
Imported 'GUID: a3f71b076c36a204a864f8c44142b3a9' -> (Import Result ID: '7cf57d9759c2247f75f1e7a9ec2445fe') in 0.002 seconds [static dependencies only]. Details - ImportResultOutputID=19c3fbebd06da2dad5631c31cf41ef36 DependenciesID=a13a4820bd484d1310de6af57733047f StaticDependenciesID=c0a184fdc422c4bd38ab280c6438a8f1 
Importing 'GUID: b3c18e70f6a2495d8d2e4c7a109f6352 - Path: Packages/com.leonz.z-editor-tools/readme.txt' with importer (TextScriptImporter)
Imported 'GUID: b3c18e70f6a2495d8d2e4c7a109f6352' -> (Import Result ID: '30a646731f7df0ff15b9d3d12e0feaf0') in 0.001 seconds [static dependencies only]. Details - ImportResultOutputID=33b8a03a3caa9f7a3434bc32cd78003c DependenciesID=02ed1d2fbb01b87c0d9885e91fb7e390 StaticDependenciesID=f1be5f5a63db57f5ce94d7c0c7a966b0 
Importing 'GUID: d3cbe921f7b3d9a3257e7c61a5761796 - Path: Packages/com.unity.modules.terrainphysics/package.json' with importer (PackageManifestImporter)
Imported 'GUID: d3cbe921f7b3d9a3257e7c61a5761796' -> (Import Result ID: '72b2ef1c311a08ccb583b008a195ca52') in 0.001 seconds [static dependencies only]. Details - ImportResultOutputID=4293423a982649a317eebc9f11bbd1b8 DependenciesID=66a7e029c097bdb78f32c10c185151fb StaticDependenciesID=8c632b87a98afca082e3521c3fa70ba3 
Importing 'GUID: d38d5a5256466c349a81338d02621916 - Path: Packages/com.unity.scriptablebuildpipeline/package.json' with importer (PackageManifestImporter)
Imported 'GUID: d38d5a5256466c349a81338d02621916' -> (Import Result ID: 'a3c3ce2dfdd2389de3ee9e2bbf9a3d8e') in 0.001 seconds [static dependencies only]. Details - ImportResultOutputID=395d32373561deb5d1f1941e818ae5c4 DependenciesID=1abda75d7fc7dfe8a14f6688e9791282 StaticDependenciesID=959f87a7b440fa8c3f05f62e00b8d44e 
Importing 'GUID: 24efe08f95549ab4699df4c1b55703e5 - Path: Packages/com.unity.nuget.newtonsoft-json/LICENSE.md' with importer (TextScriptImporter)
Imported 'GUID: 24efe08f95549ab4699df4c1b55703e5' -> (Import Result ID: '063f1962cb291e68647c270393a1031f') in 0.002 seconds [static dependencies only]. Details - ImportResultOutputID=deeef29049f43f54f589096df9d0c728 DependenciesID=dfd02a7882a3716ae4ab0d00e4186872 StaticDependenciesID=f43f22f5b641a9f28e5304fe43612769 
Importing 'GUID: 644686d452642234cb73944616376d89 - Path: Assets/GameScripts/GameLogic/HuntingInDarkness/Content/Settlement/Tables/inventions.json' with importer (TextScriptImporter)
Imported 'GUID: 644686d452642234cb73944616376d89' -> (Import Result ID: '1e4d2a4475bd1cf3769331dee548d6cd') in 0.001 seconds [static dependencies only]. Details - ImportResultOutputID=d24dd0d4067c6552970146cab08996c0 DependenciesID=0313fe670667f3807db98b02c5b85f0a StaticDependenciesID=a19bd4d76bd67944b7697ffe6a9f272d 
Importing 'GUID: 9422d9b1fde3cf644b4a0dddd10a7348 - Path: Packages/com.unity.nuget.newtonsoft-json/Third Party Notices.md' with importer (TextScriptImporter)
Imported 'GUID: 9422d9b1fde3cf644b4a0dddd10a7348' -> (Import Result ID: 'a806d3cb219743239b865a75227ad292') in 0.002 seconds [static dependencies only]. Details - ImportResultOutputID=906205049c14497590ba5594e7aebab2 DependenciesID=9094f2e656fbac4080706eb25f852636 StaticDependenciesID=84d3efcd4dcbb7ff722172eebc843b82 
Importing 'GUID: f49bbe06ffa5ae24abe32abdab430c24 - Path: Packages/com.unity.ext.nunit/CHANGELOG.md' with importer (TextScriptImporter)
Imported 'GUID: f49bbe06ffa5ae24abe32abdab430c24' -> (Import Result ID: '73df9b854e60b41c1315e0b27419ce8d') in 0.002 seconds [static dependencies only]. Details - ImportResultOutputID=945d29778b841dd42ae530509c752d59 DependenciesID=9c31728a5bc7053f95a7b1fb6a1cfe50 StaticDependenciesID=410734ce4ce7e93ff2f7ebd3ff5fd429 
Importing 'GUID: 05f5bfd584002f948982a1498890f9a9 - Path: Packages/com.unity.ugui/PackageConversionData.json' with importer (TextScriptImporter)
Imported 'GUID: 05f5bfd584002f948982a1498890f9a9' -> (Import Result ID: 'f6aa43cd75e48c8b152cb335d590e48f') in 0.002 seconds [static dependencies only]. Details - ImportResultOutputID=5eec638ae99a7edcb4f82e41b05f8a27 DependenciesID=487c39f7aab1ffc4e046d229fddfd7a8 StaticDependenciesID=952e69d160217ba7192965c1c340aa2c 
Importing 'GUID: 05f7f519769978b79b31d063a7fc6fa1 - Path: Packages/com.unity.modules.unitywebrequestassetbundle/package.json' with importer (PackageManifestImporter)
Imported 'GUID: 05f7f519769978b79b31d063a7fc6fa1' -> (Import Result ID: 'a2428138bb98233944a2aafe3d6068e3') in 0.001 seconds [static dependencies only]. Details - ImportResultOutputID=a676fdc87741fdb3d4562c9b189a12fc DependenciesID=aabd8b0ccbf47161a492481a46662859 StaticDependenciesID=5c7167364987969ddac6803c68b62994 
Importing 'GUID: 156c7bea2196d0047b84b06aa2342495 - Path: Assets/AssetRaw/Configs/HuntingInDarkness/Tables/recipes.json' with importer (TextScriptImporter)
Imported 'GUID: 156c7bea2196d0047b84b06aa2342495' -> (Import Result ID: 'a8959a217d33181ac8c579a77cbaf5b3') in 0.002 seconds [static dependencies only]. Details - ImportResultOutputID=32f229f62ee40bc3e7e84fba681ebf3f DependenciesID=0e2ddf04830b7ea1536025060ad5f5b1 StaticDependenciesID=320a6e23ef0195d81f2de06ee55b7fba 
Importing 'GUID: 55168635aadd81d49aa7c61d49f1f145 - Path: Packages/com.zframework.ecs/README.md' with importer (TextScriptImporter)
Imported 'GUID: 55168635aadd81d49aa7c61d49f1f145' -> (Import Result ID: '3b764016972596fd32dcbdeadb77c623') in 0.001 seconds [static dependencies only]. Details - ImportResultOutputID=e66b9684048f3da49635c40ac02688d3 DependenciesID=8164a52f982458f6e6f8a74af6fe23f8 StaticDependenciesID=4a4a01c73472e33e976e71c85bd5cb7d 
Importing 'GUID: 5598b14661b5f4c43bed757f34b6d172 - Path: Packages/com.unity.ide.rider/LICENSE.md' with importer (TextScriptImporter)
Imported 'GUID: 5598b14661b5f4c43bed757f34b6d172' -> (Import Result ID: 'd21ca3482e53c4fd76d1fda350b0578c') in 0.001 seconds [static dependencies only]. Details - ImportResultOutputID=cde8f984a8e2f2eb60d9c6fa2972a2df DependenciesID=6ddc5afefb657b232f70717f3159d65a StaticDependenciesID=b75f2a0f23a7794443e32d5ee5f325ce 
Importing 'GUID: 552d612838977104b9bb3c91df401915 - Path: Packages/com.tuyoogame.yooasset/package.json' with importer (PackageManifestImporter)
Imported 'GUID: 552d612838977104b9bb3c91df401915' -> (Import Result ID: '148ae36523a3246b3db51b0a44a13d24') in 0.002 seconds [static dependencies only]. Details - ImportResultOutputID=b1dbb1dbd7d8b45a07cb2c38f1ac2cf3 DependenciesID=a0cc5092fb687a90748a8083b60636ad StaticDependenciesID=69d4be94401acddc80595801ed46c168 
Importing 'GUID: 656f74f6edaa396458412b9e3903d8cd - Path: Packages/com.unity.ide.visualstudio/package.json' with importer (PackageManifestImporter)
Imported 'GUID: 656f74f6edaa396458412b9e3903d8cd' -> (Import Result ID: '5af772f1b4299f6e57512043a9f237a2') in 0.001 seconds [static dependencies only]. Details - ImportResultOutputID=bd2fb47f70d8c7a684e97663f9880ed9 DependenciesID=1c16ae18681f6b26b78022e42f6e10a6 StaticDependenciesID=6e0930ec95dd223bb6ea53ffe7ba92d1 
Importing 'GUID: 953fab16d15d5885b3600fcd6388b2ad - Path: Packages/com.unity.modules.imageconversion/package.json' with importer (PackageManifestImporter)
Imported 'GUID: 953fab16d15d5885b3600fcd6388b2ad' -> (Import Result ID: 'eab50940bd9f5b093e9eda2bf36c835a') in 0.002 seconds [static dependencies only]. Details - ImportResultOutputID=21af7c3c6098e54697c36eeb0f93f731 DependenciesID=8ced61bcf47a53b3c5905f4090a8f299 StaticDependenciesID=4d043332e4c17c1d228b0d8179869c0b 
Importing 'GUID: a54aa1f6080ceb646ba15ad8a30ec785 - Path: Assets/AssetRaw/Configs/HuntingInDarkness/Tables/bloodlines.json' with importer (TextScriptImporter)
Imported 'GUID: a54aa1f6080ceb646ba15ad8a30ec785' -> (Import Result ID: 'c4ca7723f1936c77b1bde03b9c559ea7') in 0.001 seconds [static dependencies only]. Details - ImportResultOutputID=89321701a598dbb79da3147ba7579509 DependenciesID=b5ebe6c9a456e0debe89c561fbed8cda StaticDependenciesID=d480f1ed2203a203dd19904009964e31 
Importing 'GUID: b5930dbc378b45d406aeb881f06b6dfa - Path: Packages/com.unity.modules.physicscore2d/package.json' with importer (PackageManifestImporter)
Imported 'GUID: b5930dbc378b45d406aeb881f06b6dfa' -> (Import Result ID: 'b51bbb9c5b98ded89b72d33ee557b0fc') in 0.002 seconds [static dependencies only]. Details - ImportResultOutputID=17eebdd45c9292f6cb08e3796d0e3496 DependenciesID=5b1bc71c32d10ce6947fcfc3045f7e27 StaticDependenciesID=664b17d6e972722642f9984854123fd2 
Importing 'GUID: 16f24f695cc06684991baf4b1bc6ad22 - Path: Packages/com.unity.nuget.newtonsoft-json/CHANGELOG.md' with importer (TextScriptImporter)
Imported 'GUID: 16f24f695cc06684991baf4b1bc6ad22' -> (Import Result ID: '83c3ad37367373acc06ee24a12f970b2') in 0.002 seconds [static dependencies only]. Details - ImportResultOutputID=f9a7147d566c0e7adfc44e3d48d0d9e2 DependenciesID=7bf1f9a647801cb10211a3236fb8e203 StaticDependenciesID=da0777aab9a6707c1314313bff95f9de 
Importing 'GUID: 26a4f29db434fd79025c91f6126382cc - Path: Packages/com.unity.modules.unityanalytics/package.json' with importer (PackageManifestImporter)
Imported 'GUID: 26a4f29db434fd79025c91f6126382cc' -> (Import Result ID: 'ed39bdd269e08d8121c9c2236915bb5d') in 0.002 seconds [static dependencies only]. Details - ImportResultOutputID=64cd0125ffa27280e42f5bc3480004c0 DependenciesID=23697ad1e7f6846e5150a87e93a90ba2 StaticDependenciesID=6855b55737049f0c1ae5d9130125163a 
Importing 'GUID: 66c95bb3c74257f41bae2622511dc02d - Path: Packages/com.unity.ide.rider/package.json' with importer (PackageManifestImporter)
Imported 'GUID: 66c95bb3c74257f41bae2622511dc02d' -> (Import Result ID: 'f38c09e6d23993a48f89f9277553bf3a') in 0.002 seconds [static dependencies only]. Details - ImportResultOutputID=753b89f6ec8b203ae7055a6309b6a460 DependenciesID=29e20924e4e4b0a832cae4f7b1db45fa StaticDependenciesID=ef252a7647d9802443c916be9f035494 
Importing 'GUID: 8645aa9c3c74fb34ba9499e14fb332b5 - Path: Packages/com.unity.ide.rider/CHANGELOG.md' with importer (TextScriptImporter)
Imported 'GUID: 8645aa9c3c74fb34ba9499e14fb332b5' -> (Import Result ID: '53ecf5ac24e8c4abd4dea121f5b6c0e2') in 0.001 seconds [static dependencies only]. Details - ImportResultOutputID=de737ed9d3962fc628bfed8f4dc5e53b DependenciesID=cdfe6b75a6c4ff0d0973a2aa12faec2a StaticDependenciesID=a7bc5d7d5f48c63995b432041a5c4f81 
Importing 'GUID: 96d14b71b907bb52333b2886e665aba6 - Path: Packages/com.unity.modules.video/package.json' with importer (PackageManifestImporter)
Imported 'GUID: 96d14b71b907bb52333b2886e665aba6' -> (Import Result ID: '1c92b7bcd5476f86035b28a57a9985c9') in 0.002 seconds [static dependencies only]. Details - ImportResultOutputID=97331c0a394344b81f304a267aa0ee32 DependenciesID=125111c6b1feee1f879efe833d44ed95 StaticDependenciesID=aa1c2b44ae1e74931e0ca7df3ec20c71 
Importing 'GUID: b6029123aa4ab4e0481a4b3ad8a15af9 - Path: Packages/com.unity.ide.rider/ValidationExceptions.json' with importer (TextScriptImporter)
Imported 'GUID: b6029123aa4ab4e0481a4b3ad8a15af9' -> (Import Result ID: 'a2d0a7a97ac9da7285c8adf3ca943799') in 0.001 seconds [static dependencies only]. Details - ImportResultOutputID=55256b0d5d199522400a8d1caab188e5 DependenciesID=e75367375f57cc61cbae5f1981890c50 StaticDependenciesID=ce98d22337052d7c5e969ac7f148b745 
Importing 'GUID: b65d54b4fa104f648413cc11cbef6196 - Path: Assets/TurnBasedPack/ActionQueue/PERFORMANCE.md' with importer (TextScriptImporter)
Imported 'GUID: b65d54b4fa104f648413cc11cbef6196' -> (Import Result ID: 'c0e27328358ebac062fd31d74ba82d7a') in 0.001 seconds [static dependencies only]. Details - ImportResultOutputID=6e6c541825f382b5bd692819cdc931bb DependenciesID=59d7ab6d091bf4fa82fe79ece82581ea StaticDependenciesID=0a81919560e0e77f0b3ac5fb7d6e6b95 
Importing 'GUID: d691174143fd3774ba63d7c493633b99 - Path: Packages/com.unity.test-framework/CHANGELOG.md' with importer (TextScriptImporter)
Imported 'GUID: d691174143fd3774ba63d7c493633b99' -> (Import Result ID: 'ed2f129c87415d6b82cacf9dae533fdc') in 0.001 seconds [static dependencies only]. Details - ImportResultOutputID=1936c6ff096691d4d18b8017532b2908 DependenciesID=9afe147a08d2e949a22012dc7e06eec3 StaticDependenciesID=70ecfeb74330c6c28b50ef789230c228 
Importing 'GUID: d6a2e6e4803de7b43baacdc355fc144d - Path: Packages/com.unity.test-framework/package.json' with importer (PackageManifestImporter)
Imported 'GUID: d6a2e6e4803de7b43baacdc355fc144d' -> (Import Result ID: '476a00c284cf560985e8dd6c7e42c07e') in 0.002 seconds [static dependencies only]. Details - ImportResultOutputID=1092eca2d2285e475995db7caa1b616f DependenciesID=724471009afb517cc09af198dc15cacd StaticDependenciesID=4b97988a630b00edd6aeea01dc247ee7 
Importing 'GUID: d683a20b1b4bb4b409b2d642100e0f6c - Path: Packages/com.unity.scriptablebuildpipeline/README.md' with importer (TextScriptImporter)
Imported 'GUID: d683a20b1b4bb4b409b2d642100e0f6c' -> (Import Result ID: '7fd404f0fec0e6b9f3560c6d8b9d5ed7') in 0.001 seconds [static dependencies only]. Details - ImportResultOutputID=ce585b9eafa86b97e8da0f140e0ecdbe DependenciesID=df1bc7b4c27f49e632a2a4ebc4d19dbc StaticDependenciesID=b4775d77510e897f861c56898c055401 
Importing 'GUID: f60624a4d64faea4eb410856a1298f18 - Path: Assets/TurnBasedPack/PreviewSystem/README.md' with importer (TextScriptImporter)
Imported 'GUID: f60624a4d64faea4eb410856a1298f18' -> (Import Result ID: '765d351c2085e595937dc94b56a192e6') in 0.001 seconds [static dependencies only]. Details - ImportResultOutputID=70dcd3650549ad9ac3dfe551271a9bab DependenciesID=0821b2a758b3cbe12c7f4e16f36b8d08 StaticDependenciesID=b93c5f995896a026820e37557502f918 
Importing 'GUID: 87d720faa37005c08600090e04d8c739 - Path: Packages/com.unity.modules.particlesystem/package.json' with importer (PackageManifestImporter)
Imported 'GUID: 87d720faa37005c08600090e04d8c739' -> (Import Result ID: '2e9f4521bca9c1865042742c5b1e4cc9') in 0.001 seconds [static dependencies only]. Details - ImportResultOutputID=ab3ee686cd4ed15f5f20d2c8a27562c1 DependenciesID=8502a938c7a4810364469d926ee09ae4 StaticDependenciesID=2fb71a650dacf458b8746320c54d56d4 
Importing 'GUID: b708e6b3649d748419e65f02afb8656b - Path: Packages/com.zframework.rts/package.json' with importer (PackageManifestImporter)
Imported 'GUID: b708e6b3649d748419e65f02afb8656b' -> (Import Result ID: '599caa5fc0a0847ff58c6d067e64eeb6') in 0.002 seconds [static dependencies only]. Details - ImportResultOutputID=1fa6fda47aa53df93fe69f3aa4cbf420 DependenciesID=9638307b361ce146ed43acb5d2b4bdb5 StaticDependenciesID=53c1c0e387c7e0ea092a75832ca2e9cc 
Importing 'GUID: c7e34c0086672464bacf51bddd572402 - Path: Packages/com.zframework.rts/README.md' with importer (TextScriptImporter)
Imported 'GUID: c7e34c0086672464bacf51bddd572402' -> (Import Result ID: 'a80727ce0c4317b5ed75f97b24f3044b') in 0.001 seconds [static dependencies only]. Details - ImportResultOutputID=dd7297a09eae3794dc78a9b8e4e186fd DependenciesID=fb748499e81545d170907bf438bf06d4 StaticDependenciesID=f7223ca7dfbe75d658f3d842cf192641 
Importing 'GUID: f7a8357347c80dc69c08d0b1a05e2122 - Path: Packages/com.unity.modules.physics2d/package.json' with importer (PackageManifestImporter)
Imported 'GUID: f7a8357347c80dc69c08d0b1a05e2122' -> (Import Result ID: 'bafead4f8ec7c5f239150d6e9c0c9dce') in 0.001 seconds [static dependencies only]. Details - ImportResultOutputID=919e2a11128050effa789097769a2a78 DependenciesID=630c9fc2548870db888e618fccce2fec StaticDependenciesID=da48bb7bff659db2a18109d0117e6b3e 
Importing 'GUID: 78e5667e52329c3ceef41288763404ae - Path: Packages/com.unity.modules.vectorgraphics/package.json' with importer (PackageManifestImporter)
Imported 'GUID: 78e5667e52329c3ceef41288763404ae' -> (Import Result ID: 'c31ea1bfb1fdafc0988bb5d7d35d1f26') in 0.001 seconds [static dependencies only]. Details - ImportResultOutputID=4ecdabad2dfa4bdbd05a32eab7720e4f DependenciesID=ad0a6f33ec05f6b7f4750529ac2248ad StaticDependenciesID=4ab57d3dafe36498c41bd929910abde5 
Importing 'GUID: 7809f42f64c877f4b90ac233e5ec2372 - Path: Packages/com.unity.ide.visualstudio/ThirdPartyNotices.md' with importer (TextScriptImporter)
Imported 'GUID: 7809f42f64c877f4b90ac233e5ec2372' -> (Import Result ID: 'ccbc4f4530fb2db1c1b6cb66bac914af') in 0.002 seconds [static dependencies only]. Details - ImportResultOutputID=c7ed823f89e5956b26baeec2474c94e1 DependenciesID=a42519e745ab068429f9dc987d435609 StaticDependenciesID=b9aed07e3cf496376d805925e92e6551 
Importing 'GUID: 788fbcfc0abc6c54b9504cfee3176c22 - Path: Packages/com.unity.ide.visualstudio/ValidationExceptions.json' with importer (TextScriptImporter)
Imported 'GUID: 788fbcfc0abc6c54b9504cfee3176c22' -> (Import Result ID: 'c7503be85e0c5716f6c7cb849b1e665b') in 0.001 seconds [static dependencies only]. Details - ImportResultOutputID=b6066c2e3c3ac6a150a3b2e7617b8233 DependenciesID=5127b2520147c455cd8b2bac4a1e1ddb StaticDependenciesID=59d0b70f97e90de14fefe6f2948ed4f7 
Importing 'GUID: 9812b3b71e5939a4c93ff1cd64a30d7a - Path: Assets/ZFramework/package.json' with importer (TextScriptImporter)
Imported 'GUID: 9812b3b71e5939a4c93ff1cd64a30d7a' -> (Import Result ID: '579a0f293c1cc5e2c6739c4309eb1bbd') in 0.001 seconds [static dependencies only]. Details - ImportResultOutputID=08e88333e9a8d31e43d0a5c412451332 DependenciesID=21d20567c5ba31c89856912f68b8c3b3 StaticDependenciesID=10f54f66cb7cf6e10136f1f83f59f65d 
Importing 'GUID: a8a90c35b04530c4f971aaef6fdf3612 - Path: Packages/com.unity.nuget.newtonsoft-json/link.xml' with importer (TextScriptImporter)
Imported 'GUID: a8a90c35b04530c4f971aaef6fdf3612' -> (Import Result ID: '2f7938311f07b073b54b3ec54c06e26a') in 0.001 seconds [static dependencies only]. Details - ImportResultOutputID=621bafaa599061d934bceb05659a724d DependenciesID=a0b469596892392b1ce255db8769569f StaticDependenciesID=29243a467fcfeeacec460bfbeb8fe39f 
Importing 'GUID: b83f06ac0c0696e9563230865ca72b81 - Path: Packages/com.unity.modules.wind/package.json' with importer (PackageManifestImporter)
Imported 'GUID: b83f06ac0c0696e9563230865ca72b81' -> (Import Result ID: 'f36c8f4f417f1773147c655ffce47cc5') in 0.002 seconds [static dependencies only]. Details - ImportResultOutputID=48a5258515ca15f6f7f90d7b79f1d94b DependenciesID=f614ea98cbba1e6b2be7c357a79ecc27 StaticDependenciesID=214e53020ac2c522a920f4b27fdae6a9 
Importing 'GUID: c851bee4305bddf438cc6ffc515991ce - Path: Packages/com.unity.ugui/CHANGELOG.md' with importer (TextScriptImporter)
Imported 'GUID: c851bee4305bddf438cc6ffc515991ce' -> (Import Result ID: 'aa6ad949289b0abfc77e2a60013c399e') in 0.001 seconds [static dependencies only]. Details - ImportResultOutputID=1564753c8a5b332d7dc32e5d6570cca2 DependenciesID=097d60947ce27abfec8a46bb06501a82 StaticDependenciesID=46c4174d059f8ae4e6271f9343fa2321 
Importing 'GUID: c8eae5c427e0ca341acee76984019ca4 - Path: Assets/AssetRaw/Fonts/HuntingInDarkness/OFL.txt' with importer (TextScriptImporter)
Imported 'GUID: c8eae5c427e0ca341acee76984019ca4' -> (Import Result ID: 'f78b9a169797428ecd0b5046498fd649') in 0.002 seconds [static dependencies only]. Details - ImportResultOutputID=f401968924c0fd78a7ef4dde4d418189 DependenciesID=a0045a46cd1b34ba596d0d3a88cb7223 StaticDependenciesID=d3ae0aa1af51f3c8a8a2911280798c75 
Importing 'GUID: d82c1b31c7e74239bff1220585707d2b - Path: Assets/TextMesh Pro/Resources/LineBreaking Leading Characters.txt' with importer (TextScriptImporter)
Imported 'GUID: d82c1b31c7e74239bff1220585707d2b' -> (Import Result ID: 'cf158a1d91e378da351726e763d8e9ec') in 0.002 seconds [static dependencies only]. Details - ImportResultOutputID=656c264a72560bc6d5d4ff81ebbbd71e DependenciesID=4e6e89a4ab3905d54f456a42e77b9712 StaticDependenciesID=85f0df90a7ef3fe77205b54087a779fc 
Importing 'GUID: d85e5eeaf8f135aeaaebdc8aa3cff6c3 - Path: Packages/com.unity.modules.umbra/package.json' with importer (PackageManifestImporter)
Imported 'GUID: d85e5eeaf8f135aeaaebdc8aa3cff6c3' -> (Import Result ID: '4ae1fdeb05ae8a397aa888415dfd9196') in 0.002 seconds [static dependencies only]. Details - ImportResultOutputID=4d25716d6c3e24bf1a7a8cbf11399c74 DependenciesID=290a701eddc7932857d1c24c573f9cd9 StaticDependenciesID=fc61e42e835b01adaab38e5f28a07fab 
Importing 'GUID: f8d4e5c2f2df25449ae8c391afbe5114 - Path: Packages/com.unity.nuget.newtonsoft-json/package.json' with importer (PackageManifestImporter)
Imported 'GUID: f8d4e5c2f2df25449ae8c391afbe5114' -> (Import Result ID: '75fe7a5fb05fedbe40ace362d35137c2') in 0.001 seconds [static dependencies only]. Details - ImportResultOutputID=bd3c6d73d5bd56ad948b0d222ae9abd2 DependenciesID=1870e858c24ebd0ebca9834d8b8f4257 StaticDependenciesID=334d89eed6c17b08be5b3c60c2eab7e9 
Importing 'GUID: 79b997f4e71edff41a1642c754e72769 - Path: Assets/TurnBasedPack/ActionQueue/README.md' with importer (TextScriptImporter)
Imported 'GUID: 79b997f4e71edff41a1642c754e72769' -> (Import Result ID: 'bad47f0e440c47589ce6f09751571f83') in 0.001 seconds [static dependencies only]. Details - ImportResultOutputID=8acb5f4c03a5a34b2493ddd525c939a7 DependenciesID=248233a64f91287af6082164314c8ea9 StaticDependenciesID=bc86bf31e9dd20b93befc333ca534a79 
Importing 'GUID: e9df95f53f1c1d0c9199e235d6c42b50 - Path: Packages/com.unity.modules.audio/package.json' with importer (PackageManifestImporter)
Imported 'GUID: e9df95f53f1c1d0c9199e235d6c42b50' -> (Import Result ID: '2d2e957f4839dae1509d5bfe16a67dc5') in 0.001 seconds [static dependencies only]. Details - ImportResultOutputID=7bff69c037aa519a654c229c1b6809dd DependenciesID=bbbe179b0f7a387cc5e06d23de59dc61 StaticDependenciesID=e44769c2a101a8e3bc38974302a225f8 
Importing 'GUID: f91a00d2dca52b843b2d50ccf750737d - Path: Packages/com.unity.ext.nunit/LICENSE.md' with importer (TextScriptImporter)
Imported 'GUID: f91a00d2dca52b843b2d50ccf750737d' -> (Import Result ID: '65316072997326f19d005abd515f9d8a') in 0.002 seconds [static dependencies only]. Details - ImportResultOutputID=a949505b9be9d4b9aaa9bcda37ebfbf2 DependenciesID=7e6396aa8db4cc7b71e87d24197a28e8 StaticDependenciesID=e1db019cf45a17a5c88a23076085f86f 
Importing 'GUID: 1a4266815e998967becf686f9c71f0a6 - Path: Packages/com.unity.modules.physics/package.json' with importer (PackageManifestImporter)
Imported 'GUID: 1a4266815e998967becf686f9c71f0a6' -> (Import Result ID: '055d3a4f59480e2a32caad607ffa27d5') in 0.002 seconds [static dependencies only]. Details - ImportResultOutputID=2c72742771a2c41ecd040e5a25968787 DependenciesID=bdc8602b909bd97540f8182571ab9f31 StaticDependenciesID=b125306088622e4408f44addb4a60213 
Importing 'GUID: 2a32e230eed309144a69d91ec3f752f4 - Path: Assets/AssetRaw/Configs/HuntingInDarkness/Tables/events.json' with importer (TextScriptImporter)
Imported 'GUID: 2a32e230eed309144a69d91ec3f752f4' -> (Import Result ID: '3bde0a5eb08c40eed174d193c1b4febc') in 0.001 seconds [static dependencies only]. Details - ImportResultOutputID=9e8c89e74f6aa10e476626861c6a1b41 DependenciesID=7a4464574bd47589664076607c6a9dfd StaticDependenciesID=828fa328abcc19020e4dd6bee4749be2 
Importing 'GUID: 2a2dffcbb02a04c46aaa6a1985bbe5d9 - Path: Assets/AssetRaw/Configs/HuntingInDarkness/Tables/card-interaction-events.json' with importer (TextScriptImporter)
Imported 'GUID: 2a2dffcbb02a04c46aaa6a1985bbe5d9' -> (Import Result ID: 'cb5a20febbc3aa916b2a3274e8d6452f') in 0.002 seconds [static dependencies only]. Details - ImportResultOutputID=7fc80b648ecdb32fcc06cc7067dfa4ad DependenciesID=c644c05a07bfcdaceaa29fa4436d65cf StaticDependenciesID=52fecc3c1c45c9660b1e42a4afcf3b01 
Importing 'GUID: 6a052d984b59f624f9a084bb3ee4204f - Path: Assets/AssetRaw/Configs/HuntingInDarkness/Tables/hunt-events.json' with importer (TextScriptImporter)
Imported 'GUID: 6a052d984b59f624f9a084bb3ee4204f' -> (Import Result ID: 'df8c4393616304a9b5fbac17601523c3') in 0.001 seconds [static dependencies only]. Details - ImportResultOutputID=7bd23f00b80e606df538ad3af71458d0 DependenciesID=443070b2ce8bb0043aaa7ee76db188d2 StaticDependenciesID=6448289262251b199edf45e4c34d0349 
Importing 'GUID: 6aba9ff6fed3495bb8408c4471cdfb7c - Path: Assets/AssetRaw/Configs/HuntingInDarkness/Tables/symptoms.json' with importer (TextScriptImporter)
Imported 'GUID: 6aba9ff6fed3495bb8408c4471cdfb7c' -> (Import Result ID: '87c5a74130b8dda1400afa3a9b697099') in 0.002 seconds [static dependencies only]. Details - ImportResultOutputID=c4b4520a6d8e82455d11cdbef1f61a42 DependenciesID=7e6d407e90132e90d3b90f6a8aca854c StaticDependenciesID=94fae3c2c23ecb9423c4a948f6878533 
Importing 'GUID: 6afb166a156df2d20433d981f4bb2832 - Path: Packages/com.unity.modules.vehicles/package.json' with importer (PackageManifestImporter)
Imported 'GUID: 6afb166a156df2d20433d981f4bb2832' -> (Import Result ID: 'f67407be6d460176782b81d28c7f9e14') in 0.001 seconds [static dependencies only]. Details - ImportResultOutputID=b9584b21688236880549537b502bc979 DependenciesID=d8f7d57ff02978897a86041376ffd6ce StaticDependenciesID=efd00ecf72e15a5677804836c34a7f26 
Importing 'GUID: 9a7a7f3a2e8f4b0db1f4d0c9e7a6b521 - Path: Packages/com.leonz.z-editor-tools/README.md' with importer (TextScriptImporter)
Imported 'GUID: 9a7a7f3a2e8f4b0db1f4d0c9e7a6b521' -> (Import Result ID: 'cb1c786415568034b36c94b645120f0d') in 0.001 seconds [static dependencies only]. Details - ImportResultOutputID=168c70cb4a2d8575073b94b12791453f DependenciesID=6f2db1d6c7642c5adada594493cc0bd9 StaticDependenciesID=884ac38b7f964d40a4d5bfef98649ab2 
Importing 'GUID: fa27413e9edb06a6058d6c894eca0338 - Path: Packages/com.unity.modules.unitywebrequestwww/package.json' with importer (PackageManifestImporter)
Imported 'GUID: fa27413e9edb06a6058d6c894eca0338' -> (Import Result ID: '8aff4d3bde27cada86a76f1f99f1448a') in 0.001 seconds [static dependencies only]. Details - ImportResultOutputID=ef4111052f639e700ab30e1188cae7f8 DependenciesID=64abdf9a39b495239060d15622b19f6c StaticDependenciesID=97a6dd1d7e0e608aee09209f7f2b4d99 
Importing 'GUID: fade42e8bc714b018fac513c043d323b - Path: Assets/TextMesh Pro/Resources/LineBreaking Following Characters.txt' with importer (TextScriptImporter)
Imported 'GUID: fade42e8bc714b018fac513c043d323b' -> (Import Result ID: 'fe581e79132fc424ad4da52d630d985a') in 0.001 seconds [static dependencies only]. Details - ImportResultOutputID=e7a4faf6f5567055bb2bb9f81ed43db7 DependenciesID=cce79b0880f1b3976a2087b69ca4cc0c StaticDependenciesID=915e4db435fc099b3458af0d6dacb5db 
Importing 'GUID: 0be8ea7a86b52594ab6d7ff3828d8622 - Path: Assets/AssetRaw/Configs/HuntingInDarknessBootstrap.json' with importer (TextScriptImporter)
Imported 'GUID: 0be8ea7a86b52594ab6d7ff3828d8622' -> (Import Result ID: '54859c58bd93d8499f94c1421868292a') in 0.002 seconds [static dependencies only]. Details - ImportResultOutputID=0fba572411bd223a1b08ce1df7841a0a DependenciesID=fdab5fa16c595f77de2df5b538cdb3e0 StaticDependenciesID=68637ca0f0a1e51ebea7aa15c9396d1a 
Importing 'GUID: 4b518b37798c97b0f860962cbf615533 - Path: Packages/com.unity.modules.unitywebrequestaudio/package.json' with importer (PackageManifestImporter)
Imported 'GUID: 4b518b37798c97b0f860962cbf615533' -> (Import Result ID: '6a3bdfbd56c9e6c8fe0479025913647e') in 0.001 seconds [static dependencies only]. Details - ImportResultOutputID=91f22434b9ab55a5c83f3c60940e8474 DependenciesID=73df2ace5f4f3360912ea6171610c121 StaticDependenciesID=53c953cd0acf9b05670731dce566b073 
Importing 'GUID: 9b1a5759726ef9d39a0ab82047b615f1 - Path: Packages/com.unity.modules.hierarchycore/package.json' with importer (PackageManifestImporter)
Imported 'GUID: 9b1a5759726ef9d39a0ab82047b615f1' -> (Import Result ID: 'fa148ed711bd3e080a8e835b177c5c6f') in 0.002 seconds [static dependencies only]. Details - ImportResultOutputID=1299c778185973c2d3f2bb276cd8d0e7 DependenciesID=6b51779d84b5eaf6d804da9781a2705a StaticDependenciesID=47355a3424173941f09b40fa4a0e4c37 
Importing 'GUID: db680274cf006c548abff57b7e1894b4 - Path: Packages/com.tuyoogame.yooasset/CHANGELOG.md' with importer (TextScriptImporter)
Imported 'GUID: db680274cf006c548abff57b7e1894b4' -> (Import Result ID: '58b32d6cb8301e48ef5e7d183c2b7d01') in 0.001 seconds [static dependencies only]. Details - ImportResultOutputID=8aca20fa9787313d2342d36467f517e4 DependenciesID=f5615160802b125feb71bf7cf690e059 StaticDependenciesID=664adc4933645deec4f68ef5ba8faa43 
Importing 'GUID: eb7f165f4002c4f4bb7cf6eb7f1166d9 - Path: Packages/com.unity.scriptablebuildpipeline/CHANGELOG.md' with importer (TextScriptImporter)
Imported 'GUID: eb7f165f4002c4f4bb7cf6eb7f1166d9' -> (Import Result ID: '39955deb5c682dbed65e979ffca5c40e') in 0.002 seconds [static dependencies only]. Details - ImportResultOutputID=765a5e40d132770ffa71f081b4aef0db DependenciesID=dfaedeecba1e2931ca66638d3e4d2fc0 StaticDependenciesID=504c5dca80cf14e74ef26b463d509291 
Importing 'GUID: fbee67e09f48e4652bfa085460c895c7 - Path: Packages/com.unity.ai.navigation/package.json' with importer (PackageManifestImporter)
Imported 'GUID: fbee67e09f48e4652bfa085460c895c7' -> (Import Result ID: '6f9664ce12ab7ceb82c5862dae50729a') in 0.002 seconds [static dependencies only]. Details - ImportResultOutputID=22607adfb1393afa01510500938527ea DependenciesID=584553c585dd9b35ef107426cc0b160d StaticDependenciesID=e45b4c8b20ac3d24243939e4f55275e6 
Importing 'GUID: 2c814623cb42764d304be0c5ddd03ceb - Path: Packages/com.unity.modules.xr/package.json' with importer (PackageManifestImporter)
Imported 'GUID: 2c814623cb42764d304be0c5ddd03ceb' -> (Import Result ID: '0d9175bc1dd47336e71d01ac77371dc2') in 0.001 seconds [static dependencies only]. Details - ImportResultOutputID=7f441ac2d6a687e067f2d83f9a07d6bb DependenciesID=73f5c45432c5cd4dc3bd9d0666d8c84e StaticDependenciesID=77e9d30246e389396b4a6173a4f6663f 
Importing 'GUID: 2ceea604067c4ef4a3ecb8ec79676c1d - Path: Assets/TurnBasedPack/ActionQueue/PORTING.md' with importer (TextScriptImporter)
Imported 'GUID: 2ceea604067c4ef4a3ecb8ec79676c1d' -> (Import Result ID: 'e1647afd32c2aa05239fd134c32f6f67') in 0.001 seconds [static dependencies only]. Details - ImportResultOutputID=bcef4d473f9225aa5e46633d2409fd26 DependenciesID=8c3bd5c8e0b4af032474508fe2445297 StaticDependenciesID=24c3c64143ead913bd4547549a13902d 
Importing 'GUID: 4c413a81cadcce7038e446e56570117e - Path: Packages/com.unity.modules.adaptiveperformance/package.json' with importer (PackageManifestImporter)
Imported 'GUID: 4c413a81cadcce7038e446e56570117e' -> (Import Result ID: '2bcec5b001621b555a89008556fd889c') in 0.002 seconds [static dependencies only]. Details - ImportResultOutputID=e58e4e674ae30d7b75f4a6d1a5cb9032 DependenciesID=dee357e1aa1e2f89a9ed5ae6449b58ff StaticDependenciesID=3a4d31e25901b63c9d9135b3327d42f9 
Importing 'GUID: 4c5640e415edbe342bbe339175268dfc - Path: Packages/com.unity.nuget.newtonsoft-json/Runtime/AOT/Newtonsoft.Json.xml' with importer (TextScriptImporter)
Imported 'GUID: 4c5640e415edbe342bbe339175268dfc' -> (Import Result ID: '46315095ff638cd9e509a40bfade82c9') in 0.002 seconds [static dependencies only]. Details - ImportResultOutputID=e5b88eb46f7e1e4d9ff61c1b6da19dba DependenciesID=80a4e27f48ee07a2850a8f98645e7894 StaticDependenciesID=c89a50b79366b1915bc66f42a34111ae 
Importing 'GUID: 4cef3127da2e43458fa14d3b395922eb - Path: Packages/com.leonz.scene-tools/README.md' with importer (TextScriptImporter)
Imported 'GUID: 4cef3127da2e43458fa14d3b395922eb' -> (Import Result ID: '69d5f420147d6c28110f50a64de0fcd0') in 0.002 seconds [static dependencies only]. Details - ImportResultOutputID=b339e32d76ce5060245980c731f1d11f DependenciesID=788118722609796ed9de82ca46d493fa StaticDependenciesID=c4487ed7abcfee7064cf8f6ce13e51ca 
Importing 'GUID: 7c2d9e1a4b5f4680a3c6d8e0f1234567 - Path: Assets/GameScripts/GameLogic/HuntingInDarkness/Content/Settlement/Tables/facilities.json' with importer (TextScriptImporter)
Imported 'GUID: 7c2d9e1a4b5f4680a3c6d8e0f1234567' -> (Import Result ID: '0d9f44a91997ed185349bebde2e0209d') in 0.001 seconds [static dependencies only]. Details - ImportResultOutputID=648ab96133d5f5d27966af01202a21b1 DependenciesID=06f786662f82f100ca14708b1b1a877f StaticDependenciesID=47df1d1d72eb3dda1f4e30d717874f02 
Importing 'GUID: 8c2b910c19609904ea5a547a1ec3d80d - Path: Assets/AssetRaw/Configs/HuntingInDarkness/Tables/items.json' with importer (TextScriptImporter)
Imported 'GUID: 8c2b910c19609904ea5a547a1ec3d80d' -> (Import Result ID: '1d29d822c425f67da6a21ad4304434f2') in 0.002 seconds [static dependencies only]. Details - ImportResultOutputID=def14a7d1ba90858d02d0475324339ae DependenciesID=1b12a936a2160064de0beb2576804ff1 StaticDependenciesID=b17b25f174c8ea08c7e0aecdbbbf5cb3 
Importing 'GUID: ccdfde25179bd45acb7145793b3b87f8 - Path: Packages/com.unity.ai.navigation/CHANGELOG.md' with importer (TextScriptImporter)
Imported 'GUID: ccdfde25179bd45acb7145793b3b87f8' -> (Import Result ID: '684d55f40447d8bdda8ba40eaf3893de') in 0.002 seconds [static dependencies only]. Details - ImportResultOutputID=3173559f8b7b1cc9efd8ad37c5b9ee89 DependenciesID=fe51266a2ec32c7f22686e5142245ab4 StaticDependenciesID=0cb2a252be514838d7d169f37308ce74 
Importing 'GUID: ec02776fe29df900b897106d61977735 - Path: Packages/com.unity.modules.director/package.json' with importer (PackageManifestImporter)
Imported 'GUID: ec02776fe29df900b897106d61977735' -> (Import Result ID: 'c105d0537bd11edb8fdfd5649d0e00da') in 0.001 seconds [static dependencies only]. Details - ImportResultOutputID=d3cc052d8f895db30a66424de2b1783d DependenciesID=7d93a6263b7f32b08c02e969a68769cd StaticDependenciesID=995e7b4ac97d7d0755f57739f9902f1e 
Importing 'GUID: ecc65c411a104208a5ab88821791dbe3 - Path: Packages/com.leonz.scene-tools/package.json' with importer (PackageManifestImporter)
Imported 'GUID: ecc65c411a104208a5ab88821791dbe3' -> (Import Result ID: '236df077b0b4cce3fa72513c74a0a8c2') in 0.002 seconds [static dependencies only]. Details - ImportResultOutputID=e345908db067255ebaf9ac6f332ca8ce DependenciesID=851fa3d64eac45321c9849617e20f88a StaticDependenciesID=f3f32240c3a15d23b3ef164d6822a58d 
Importing 'GUID: 4d3d51749e989f747b2674e0b4d9b3d7 - Path: Packages/com.unity.ugui/LICENSE.md' with importer (TextScriptImporter)
Imported 'GUID: 4d3d51749e989f747b2674e0b4d9b3d7' -> (Import Result ID: '77814971a10dbe75136787d304114031') in 0.001 seconds [static dependencies only]. Details - ImportResultOutputID=a63b6dbba38e2df053a1afb5e5f27b0d DependenciesID=9d7cb8d7eeb9fe82b3009f665230b89a StaticDependenciesID=345cfb86d6a607d3328652f0d2ab698a 
Importing 'GUID: 5da62a0c1c5218c4aa16b74546a7822d - Path: Packages/com.unity.ext.nunit/README.md' with importer (TextScriptImporter)
Imported 'GUID: 5da62a0c1c5218c4aa16b74546a7822d' -> (Import Result ID: '2bf107e8543fb2ffdfd921b00d0eb978') in 0.001 seconds [static dependencies only]. Details - ImportResultOutputID=0d5bbd70dce055095913655b62b8118a DependenciesID=01b20d59c6d94e96ccee1800e3a79d81 StaticDependenciesID=21843600c22f7838e0cc573d206368e2 
Importing 'GUID: 6d56244f8c39a851975d3c0bd432c66f - Path: Packages/com.unity.modules.terrain/package.json' with importer (PackageManifestImporter)
Imported 'GUID: 6d56244f8c39a851975d3c0bd432c66f' -> (Import Result ID: '9c308acd54b9e02830a7a9aa11332cfb') in 0.002 seconds [static dependencies only]. Details - ImportResultOutputID=0147ed4a7bf27ee69660cd49b175a05f DependenciesID=116335bb763fdfa9c848adf761e1c399 StaticDependenciesID=b9ad004fd01d96093b309d2e4ec21b71 
Importing 'GUID: 6d86a78cd97b8e346a9bf9933034b57c - Path: Assets/ZFramework/CHANGELOG.md' with importer (TextScriptImporter)
Imported 'GUID: 6d86a78cd97b8e346a9bf9933034b57c' -> (Import Result ID: '50f8f16f635b52d6745c6c939283ab32') in 0.001 seconds [static dependencies only]. Details - ImportResultOutputID=0eae7d2ddab23f83752a1b1ae393ee75 DependenciesID=989b3810638bd6ca155a404e93c1a4cf StaticDependenciesID=366ce448bf426e9060f4a09867799507 
Importing 'GUID: 6d4e2a91c8f3470ab5e19d7f3c2a8461 - Path: Packages/com.leonz.z-editor-tools/CHANGELOG.md' with importer (TextScriptImporter)
Imported 'GUID: 6d4e2a91c8f3470ab5e19d7f3c2a8461' -> (Import Result ID: '3167b14adc3cddd6ae89baf2b615778c') in 0.001 seconds [static dependencies only]. Details - ImportResultOutputID=2e782d87b142ec3eb8a9c41533dfcc6b DependenciesID=0f7417e11707ffbcc34b80fd7614baa1 StaticDependenciesID=c1d778c600d4371a15670405a5ae02a6 
Importing 'GUID: 8d21b5ada364456e9155ef74c707176f - Path: Assets/TurnBasedPack/PresentationSystem/README.md' with importer (TextScriptImporter)
Imported 'GUID: 8d21b5ada364456e9155ef74c707176f' -> (Import Result ID: 'a112f27cef5a25111768df99ef2fbb00') in 0.001 seconds [static dependencies only]. Details - ImportResultOutputID=b79f4ba2b6a351598a9b936ac7bdf36a DependenciesID=6d83f580a37192d9d386f0d49ff44cb2 StaticDependenciesID=90ff4c4ce2ee70d6577e3f32056d0893 
Importing 'GUID: 9d72aaead5aa4db893d5c2e3c3907270 - Path: Assets/AssetRaw/Configs/HuntingInDarkness/Tables/hunters.json' with importer (TextScriptImporter)
Imported 'GUID: 9d72aaead5aa4db893d5c2e3c3907270' -> (Import Result ID: 'dd0aa06484d0e30ad2fb659bf58b283c') in 0.002 seconds [static dependencies only]. Details - ImportResultOutputID=6a86e8f1765cd7c1ed3091ec504c7134 DependenciesID=f3bc99b7499d96a14d123733cab45ca8 StaticDependenciesID=6a27eeba640c6430e76496d280c56c9d 
Importing 'GUID: bd1af0a6633ee94ae21c7d1d702cdc12 - Path: Packages/com.unity.modules.androidjni/package.json' with importer (PackageManifestImporter)
Imported 'GUID: bd1af0a6633ee94ae21c7d1d702cdc12' -> (Import Result ID: '81447ae4672061c388ba02df11c36b55') in 0.001 seconds [static dependencies only]. Details - ImportResultOutputID=58196444acd2f5a146944d8272e88433 DependenciesID=4e4f8d1653ad2b7303c0ceae0d881629 StaticDependenciesID=b79f2d1e0586b05487c288837e9abba3 
Importing 'GUID: cd78ce5b75b8be84d8b94cd99903161f - Path: Packages/com.unity.ide.visualstudio/CONTRIBUTING.md' with importer (TextScriptImporter)
Imported 'GUID: cd78ce5b75b8be84d8b94cd99903161f' -> (Import Result ID: 'b72c586efdc8be23462fc2fdc123d00f') in 0.001 seconds [static dependencies only]. Details - ImportResultOutputID=ecbe4eca93914e99baab207aecab86e8 DependenciesID=b24149edbd39c22a402f16f56e228cb8 StaticDependenciesID=85309b64a1a0fe615b2110e3bf253dc5 
Importing 'GUID: 0e0afa652c0031c48896a97b424d027b - Path: Packages/com.unity.ugui/PackageConversionData_Assets.json' with importer (TextScriptImporter)
Imported 'GUID: 0e0afa652c0031c48896a97b424d027b' -> (Import Result ID: '03a7c00c8f94d69236ae0a74b84f5b91') in 0.001 seconds [static dependencies only]. Details - ImportResultOutputID=1c704b850f8573286bfa1a80c5c8b511 DependenciesID=62883c0ba5c4a7e1a673a90e871d4d96 StaticDependenciesID=d51e229e029e6d0b0724b2f9f5d74c58 
Importing 'GUID: 1e0d246fe7975284aa80f31c816ed619 - Path: Assets/AssetRaw/Configs/HuntingInDarkness/Tables/bloodline-events.json' with importer (TextScriptImporter)
Imported 'GUID: 1e0d246fe7975284aa80f31c816ed619' -> (Import Result ID: '13348521e8ec4b479a7ef07022c7d12c') in 0.001 seconds [static dependencies only]. Details - ImportResultOutputID=5ca03a03077fac5467c97c818c9d1b2d DependenciesID=823cd198000b0974cd3acb11b94e1bba StaticDependenciesID=151e46a422acdddbebb646f49cb768bb 
Importing 'GUID: 3ec7596410385054a9e0bc90377fbe63 - Path: Packages/com.unity.test-framework/LICENSE.md' with importer (TextScriptImporter)
Imported 'GUID: 3ec7596410385054a9e0bc90377fbe63' -> (Import Result ID: '9199e6682ecd75f5577a3dcdb4edce85') in 0.001 seconds [static dependencies only]. Details - ImportResultOutputID=959ccfaae8af3bee24774a436e83cdbb DependenciesID=4d7ff492807ba871779b726b298d63f6 StaticDependenciesID=b820e90a31107d4faea90565ffd2170f 
Importing 'GUID: 5e83f8baac96eaa47bdd9ca781cd2002 - Path: Packages/com.unity.ide.rider/CONTRIBUTING.md' with importer (TextScriptImporter)
Imported 'GUID: 5e83f8baac96eaa47bdd9ca781cd2002' -> (Import Result ID: '0d6dea838beef5e23fb6061ec49daef9') in 0.002 seconds [static dependencies only]. Details - ImportResultOutputID=a8142ac6ee7a0491cb998632afc8922d DependenciesID=e95e85d475baf06b3e0e069ba7a1dee8 StaticDependenciesID=3e01f44163bbe45a896626658f088704 
Importing 'GUID: 6e59c59b81ab47f9b6ec5781fa725d2c - Path: Assets/TextMesh Pro/Fonts/LiberationSans - OFL.txt' with importer (TextScriptImporter)
Imported 'GUID: 6e59c59b81ab47f9b6ec5781fa725d2c' -> (Import Result ID: '00c08f9fcf6ea25d5112df20caad7c61') in 0.001 seconds [static dependencies only]. Details - ImportResultOutputID=a66dd03cd804d42e8ad85b6b82c5145c DependenciesID=2cc7a21dece3a80a10d0cea40c7ec3dd StaticDependenciesID=7eedd06086d386057b4560681c6ac8df 
Importing 'GUID: 7ef8348b8ea834d7e1bc214b07f7fb87 - Path: Packages/com.unity.modules.animation/package.json' with importer (PackageManifestImporter)
Imported 'GUID: 7ef8348b8ea834d7e1bc214b07f7fb87' -> (Import Result ID: 'aa73f4f9a81bb9f1a72e79a3cd4911c5') in 0.002 seconds [static dependencies only]. Details - ImportResultOutputID=71365924848c115c14d4e8a430945e5d DependenciesID=7ef63017efdd83a1108a0552f5da04f6 StaticDependenciesID=01f29a190f6e79cbc51d5448fb8d4436 
Importing 'GUID: ae37d193392b87649b9b6fa7c9628e7e - Path: Packages/com.tuyoogame.yooasset/RuntimeExtension/link.xml' with importer (TextScriptImporter)
Imported 'GUID: ae37d193392b87649b9b6fa7c9628e7e' -> (Import Result ID: '28ec77f5be4d15b8cab6df3690faa0e8') in 0.002 seconds [static dependencies only]. Details - ImportResultOutputID=21eb1fdb51eb980c9e1c2d3cce75fa54 DependenciesID=c6262351df2663b54cc6e6edf0c06b68 StaticDependenciesID=cf8b66342a62c5c60a0054038d54161b 
Importing 'GUID: eed0720297f943c0a5132eab1a467c7c - Path: Packages/com.leonz.z-editor-tools/package.json' with importer (PackageManifestImporter)
Imported 'GUID: eed0720297f943c0a5132eab1a467c7c' -> (Import Result ID: '719e26bb6162a0d90b94a5758636e86c') in 0.002 seconds [static dependencies only]. Details - ImportResultOutputID=88832bb18788cc2a3c83ac56c9432a8e DependenciesID=72ce544d556264bbb635c75d59b6d2e0 StaticDependenciesID=de3e0f5296e4a101708e23da363b49b2 
Importing 'GUID: fed01095b990a354289891ead909238f - Path: Packages/com.unity.nuget.newtonsoft-json/Runtime/Newtonsoft.Json.xml' with importer (TextScriptImporter)
Imported 'GUID: fed01095b990a354289891ead909238f' -> (Import Result ID: '40dbedbda2bfd00670f015024c5efb6b') in 0.003 seconds [static dependencies only]. Details - ImportResultOutputID=1a77166256dec369b8ea760f3327d8e3 DependenciesID=445355b4cec91c16e14999338429d87a StaticDependenciesID=c68069a018ac896707f64f19ab8f96fe 
Importing 'GUID: 1fe9e6e1ae93cf64bbdfbd29300752e1 - Path: Packages/com.unity.ide.visualstudio/LICENSE.md' with importer (TextScriptImporter)
Imported 'GUID: 1fe9e6e1ae93cf64bbdfbd29300752e1' -> (Import Result ID: 'a20c0f1a3d867a3b5b2789a3f4461eb7') in 0.001 seconds [static dependencies only]. Details - ImportResultOutputID=5e7ff9fa6bf010f188b9597dc9395ff9 DependenciesID=c27b26b641e274d1624812f84039430f StaticDependenciesID=d0976f8c5349b72355beeb43ac0d4710 
Importing 'GUID: 3fec07d458534d34ea14d1b1a0a5100b - Path: Packages/com.tuyoogame.yooasset/LICENSE.md' with importer (TextScriptImporter)
Imported 'GUID: 3fec07d458534d34ea14d1b1a0a5100b' -> (Import Result ID: 'cd9ca896fa82dc2cbe26b78da768302e') in 0.001 seconds [static dependencies only]. Details - ImportResultOutputID=937da2073fe8ddbd41ecb1f0789d7aa9 DependenciesID=c3b57eee800504f3e5b378da9fcfb66b StaticDependenciesID=7ab0ee70f918bca268257240dc2eac4c 
Importing 'GUID: 3fdd83b151eb8d25c5e2f82fc39dcb04 - Path: Packages/com.unity.modules.unitywebrequest/package.json' with importer (PackageManifestImporter)
Imported 'GUID: 3fdd83b151eb8d25c5e2f82fc39dcb04' -> (Import Result ID: 'e59db8c48f1c6fc224861371ef84ee98') in 0.002 seconds [static dependencies only]. Details - ImportResultOutputID=609e642c4d5fd6e0b6d325d2f170eb1c DependenciesID=8d95c7e221f42c1b21093d8de29a9f14 StaticDependenciesID=464feb2dc08708dd25b5d93d953930bd 
Importing 'GUID: 4f0f9b9f3ed97ad2b9ba8f1a8e4666c2 - Path: Packages/com.unity.modules.uielements/package.json' with importer (PackageManifestImporter)
Imported 'GUID: 4f0f9b9f3ed97ad2b9ba8f1a8e4666c2' -> (Import Result ID: '5e5f6fd610a7e9756e33a1fa20f77ff8') in 0.001 seconds [static dependencies only]. Details - ImportResultOutputID=14c0f2b1b250cec076c4d9c62abdd5a9 DependenciesID=8d79c327733e196cccd7d98169c6611b StaticDependenciesID=59ff60bd856a86cad536fba24ca015fb 
Importing 'GUID: 6fc2b2cf518e540319637f5c5c573d3a - Path: Packages/com.unity.ai.navigation/README.md' with importer (TextScriptImporter)
Imported 'GUID: 6fc2b2cf518e540319637f5c5c573d3a' -> (Import Result ID: '31bca8772424ad2e0c5b07f2b1879d36') in 0.002 seconds [static dependencies only]. Details - ImportResultOutputID=d8a193c8c035a827d328132e94f80f56 DependenciesID=5ab94977b381447e9bc77539a4574589 StaticDependenciesID=2413fb892723cc2d8466d4821946b7ba 
Importing 'GUID: 8f2a0d7a2af44561bd7672416d3deeb5 - Path: Assets/AssetRaw/Configs/HuntingInDarkness/Tables/traits.json' with importer (TextScriptImporter)
Imported 'GUID: 8f2a0d7a2af44561bd7672416d3deeb5' -> (Import Result ID: '7590ffd19051b86d09ca3aae876cba5e') in 0.002 seconds [static dependencies only]. Details - ImportResultOutputID=5f6ccb70f6240936537d6b8454cbec4e DependenciesID=3db90a22ceef6ca2269221e9f938cc1c StaticDependenciesID=1f22d37796f7bb59bf9d3aedc474e9e9 
Importing 'GUID: 8f2eff1a75746804db6c0240420ebed9 - Path: Assets/ZFramework/Editor/Localization/Unity XCode/Xcode.txt' with importer (TextScriptImporter)
Imported 'GUID: 8f2eff1a75746804db6c0240420ebed9' -> (Import Result ID: '4a73c845a7d4701ffabee2ca092d4992') in 0.001 seconds [static dependencies only]. Details - ImportResultOutputID=77ccea76ffa7a7be6baa9183ac677bc1 DependenciesID=fefe51325c309c6be5c9138589dc0e78 StaticDependenciesID=f53c8c06f28d6f3a0b0e7cc0d97b4d5f 
Importing 'GUID: af8f9a7f066204789819c6a616afe2c0 - Path: Packages/com.unity.ai.navigation/LICENSE.md' with importer (TextScriptImporter)
Imported 'GUID: af8f9a7f066204789819c6a616afe2c0' -> (Import Result ID: '0cddeaf00714c1c4ed03818caead0826') in 0.001 seconds [static dependencies only]. Details - ImportResultOutputID=491357542e02a254dd9391902db736d6 DependenciesID=1a1336047cd90e4b31fd4d3de2eb3ebc StaticDependenciesID=811747bd4d4c9519dea24567dc22edd9 
Importing 'GUID: bfd567a3d1631a761bca9e99fa53d86d - Path: Packages/com.unity.modules.ui/package.json' with importer (PackageManifestImporter)
Imported 'GUID: bfd567a3d1631a761bca9e99fa53d86d' -> (Import Result ID: '2a7f4eb07cbf4c89cfee9f1bf250e630') in 0.001 seconds [static dependencies only]. Details - ImportResultOutputID=7bb9b76f93faf76244e454a1fca49870 DependenciesID=1ceefbeb770380c5e76c8628d359d577 StaticDependenciesID=ec1ea40555be2d91f84419406494df6b 
Importing 'GUID: bfcb3ba499f7d452b92d9a9cc3378788 - Path: Packages/com.unity.ext.nunit/Third Party Notices.md' with importer (TextScriptImporter)
Imported 'GUID: bfcb3ba499f7d452b92d9a9cc3378788' -> (Import Result ID: 'dd1937091ac82e5325856d915e29c3f0') in 0.001 seconds [static dependencies only]. Details - ImportResultOutputID=5e4cc371e5cf0c10e41ff2a5f96036fc DependenciesID=18ec6ed31238a43fd6e372fceaf4e1db StaticDependenciesID=4a9b7916198e1241ef2d4548a11e532a 
Importing 'GUID: cf18b110959e74849b675ca29f77c7dd - Path: Packages/com.tuyoogame.yooasset/README.md' with importer (TextScriptImporter)
Imported 'GUID: cf18b110959e74849b675ca29f77c7dd' -> (Import Result ID: 'a588212587997a8064b24e909a5a6ee0') in 0.001 seconds [static dependencies only]. Details - ImportResultOutputID=faa5416dfc5ce7033a81219b0f72f5fc DependenciesID=583db961fda46741cd9c997a27073ed2 StaticDependenciesID=b6d30f9ac70d00df46dc47bd77f2bcbf 
Importing 'GUID: 321856754d691044aa0650c2f099f94f - Path: Assets/Prefabs/HuntingInDarkness/Cards/WorkshopRecipeCard3D.prefab' with importer (PrefabImporter)
Imported 'GUID: 321856754d691044aa0650c2f099f94f' -> (Import Result ID: '98deb4f54bf8cbc77190187574b692f6') in 0.011 seconds [static and dynamic dependencies]. Details - ImportResultOutputID=151558f71f876efd998aaa0ac0027c7b DependenciesID=eb475fde4936c897619a648277b777aa StaticDependenciesID=f30efbcbacf8276553a816a0b40b47aa 
Importing 'GUID: 8216915d7022add43a0c207cb6111b88 - Path: Assets/Prefabs/HuntingInDarkness/Cards/ResourceCard3D.prefab' with importer (PrefabImporter)
Imported 'GUID: 8216915d7022add43a0c207cb6111b88' -> (Import Result ID: 'd8febae5be6d164fcdccda25c1ddda62') in 0.004 seconds [static and dynamic dependencies]. Details - ImportResultOutputID=12226052281f011370a161931cf328c4 DependenciesID=0ebaed55d0d737b60b2b08b5bc0cd727 StaticDependenciesID=a64e9eb956d9969102673d308f23cab3 
Importing 'GUID: e38c712e7904fdf42bd0458b769718dd - Path: Assets/ZFramework/Settings/Prefab/GameEntry.prefab' with importer (PrefabImporter)
Imported 'GUID: e38c712e7904fdf42bd0458b769718dd' -> (Import Result ID: '084bdad717cb4d50c34089d488803e52') in 0.005 seconds [static and dynamic dependencies]. Details - ImportResultOutputID=987865662ac79f6b6fa959ad2c908e9a DependenciesID=4493340b0d5850b6f0296be48bd8ef5d StaticDependenciesID=baf7205a7271d600044aee4f2df26a1f 
Importing 'GUID: a531223c637ff7341b66913b39024af8 - Path: Assets/Prefabs/HuntingInDarkness/Cards/WorkshopCard3D.prefab' with importer (PrefabImporter)
Imported 'GUID: a531223c637ff7341b66913b39024af8' -> (Import Result ID: 'fc0d34bbfdf2d4db99ebd1539052e75b') in 0.003 seconds [static and dynamic dependencies]. Details - ImportResultOutputID=72b42a2ac829040836453bb458f9c3f1 DependenciesID=6bc9ba56ecebadf6b88d9e60c968f0da StaticDependenciesID=3a75251ecb6abd5554d6affbbd4289f6 
Importing 'GUID: 4f5fbbbb040049d41a5f897d5a956bf6 - Path: Assets/ZFramework/Settings/Prefab/UIRoot.prefab' with importer (PrefabImporter)
Imported 'GUID: 4f5fbbbb040049d41a5f897d5a956bf6' -> (Import Result ID: '2ec7941cdd41b65750835680d05d9a09') in 0.005 seconds [static and dynamic dependencies]. Details - ImportResultOutputID=1cf9e53ccc3ed660466190b5096115ac DependenciesID=bbbc44c6d8fa350a7832fac8ed63afe7 StaticDependenciesID=d553494b6e643dddb2136394cb24ed9c 
Importing 'GUID: cfa50cbd44b6f1945873a5273a38ecaf - Path: Assets/Launcher/Resources/UIWindow/LoadTipsUI.prefab' with importer (PrefabImporter)
Imported 'GUID: cfa50cbd44b6f1945873a5273a38ecaf' -> (Import Result ID: '50d4fb1a4e6d5d0dc1afc5d5533d6569') in 0.006 seconds [static and dynamic dependencies]. Details - ImportResultOutputID=b3a91adde8b4930187ca273b4e2071bf DependenciesID=fd3067f60a1b06d9fcfa0f7a30a88f5f StaticDependenciesID=e94776c59fcf862ede9c0d4cbb45b75b 
Importing 'GUID: df255ef6035ade14e916133c01e493d1 - Path: Assets/Launcher/Resources/UIWindow/LoadUpdateUI.prefab' with importer (PrefabImporter)
Imported 'GUID: df255ef6035ade14e916133c01e493d1' -> (Import Result ID: 'a750b48e03f9bc8e056716f0b7fc3348') in 0.005 seconds [static and dynamic dependencies]. Details - ImportResultOutputID=84a40c8aeac3f229e02c0b09d7cff866 DependenciesID=3fc15ef136c19f5853f0a7c5f6d63b57 StaticDependenciesID=daf70a47b09e67f13a56bb1a3c0f87e6 
Importing 'GUID: 63cb84b97408b4d25a6925daccffcd22 - Path: Packages/com.unity.ai.navigation/Editor/ConversionSystem/converter_widget.uss' with importer (ScriptedImporter : UnityEditor.CoreModule:UnityEditor.UIElements.StyleSheets:StyleSheetImporter)
Imported 'GUID: 63cb84b97408b4d25a6925daccffcd22' -> (Import Result ID: '48e8051674d44ba5b1614ef70abb1d1d') in 0.005 seconds [static and dynamic dependencies]. Details - ImportResultOutputID=0a69474a4a797723a6460e391032d1f5 DependenciesID=de8aedb639a023e5870961be3cb1b548 StaticDependenciesID=b63a8bbcd25665bd9bfd2a91da908a8b 
Importing 'GUID: 786e027c73054bb98ef6b80d3b1e43d3 - Path: Assets/TurnBasedPack/ActionQueue/Editor/ActionQueueDebuggerWindow.uss' with importer (ScriptedImporter : UnityEditor.CoreModule:UnityEditor.UIElements.StyleSheets:StyleSheetImporter)
Imported 'GUID: 786e027c73054bb98ef6b80d3b1e43d3' -> (Import Result ID: 'ae867ba52578934bdf7e0b311e537a2b') in 0.047 seconds [static and dynamic dependencies]. Details - ImportResultOutputID=0fd34f966a94d7bd5da1ee0ea9f9e00a DependenciesID=44cbb7ad8c3459c2441c97d73634dfb3 StaticDependenciesID=88ed90dfa760326b48444b00374fac9d 
Importing 'GUID: 3a95ccff83ea4867b6d81e63c5ea69ea - Path: Assets/ZFramework/Editor/ArchitectureGuide/ZFrameworkArchitectureGuideWindow.uss' with importer (ScriptedImporter : UnityEditor.CoreModule:UnityEditor.UIElements.StyleSheets:StyleSheetImporter)
Imported 'GUID: 3a95ccff83ea4867b6d81e63c5ea69ea' -> (Import Result ID: '6947fa10cd8a1dbb06ee7d3ec22ab115') in 0.027 seconds [static and dynamic dependencies]. Details - ImportResultOutputID=f83b877b44d4c89faa7e0c119bcdaa90 DependenciesID=57a164e26c0c5c4bfc9147ea05e4395a StaticDependenciesID=ce246e1d5edf471296ec9c136932c58f 
Importing 'GUID: 3eb99c80b411349188e1e5167887ac6c - Path: Packages/com.unity.ai.navigation/Editor/ConversionSystem/converter_editor.uss' with importer (ScriptedImporter : UnityEditor.CoreModule:UnityEditor.UIElements.StyleSheets:StyleSheetImporter)
Imported 'GUID: 3eb99c80b411349188e1e5167887ac6c' -> (Import Result ID: '3379f154890f6fab462b58f1344dd0cb') in 0.004 seconds [static and dynamic dependencies]. Details - ImportResultOutputID=ef67b6ba6eca06e3c587abda16c6aafe DependenciesID=1aa27c8eb0afcf826ee5c88d928d1801 StaticDependenciesID=26cee8b6ddf77fbf2bfdd779efa73944 
Importing 'GUID: dfb94f0cdd8940c488a3dc285444a822 - Path: Packages/com.leonz.z-editor-tools/Editor/vTabs/StyleSheets/Extensions/common.uss' with importer (ScriptedImporter : UnityEditor.CoreModule:UnityEditor.UIElements.StyleSheets:StyleSheetImporter)
Imported 'GUID: dfb94f0cdd8940c488a3dc285444a822' -> (Import Result ID: '80ba72067de2e9eb4ac33e7618ff66ac') in 0.003 seconds [static and dynamic dependencies]. Details - ImportResultOutputID=4a20fcbadd95b349b1c83101e4bf7351 DependenciesID=c03cf1ba034be13cb7650c6c17662ea8 StaticDependenciesID=bbf350b5f41cf1badf0afd178cb98e1f 
Importing 'GUID: 9052b72c383e95043a0c7e7f369b1ad7 - Path: Packages/com.tuyoogame.yooasset/Editor/AssetBundleReporter/AssetBundleReporterWindow.uxml' with importer (ScriptedImporter : UnityEditor.UIElementsModule:UnityEditor.UIElements:UIElementsViewImporter)
Imported 'GUID: 9052b72c383e95043a0c7e7f369b1ad7' -> (Import Result ID: 'bca373f08c8e24b76c421fb4832c2876') in 0.018 seconds [static and dynamic dependencies]. Details - ImportResultOutputID=4fcba13bcd3fc8568cf076c73d67f471 DependenciesID=80e9f4d837936878bb1ba7495a8aae08 StaticDependenciesID=0017758729902650375a6358eb61e025 
Importing 'GUID: 90cc4546b2b8afe4e8c864c132a999a9 - Path: Packages/com.tuyoogame.yooasset/Editor/AssetBundleBuilder/VisualViewers/EditorSimulateBuildpipeline/EditorSimulateBuildPipelineViewer.uxml' with importer (ScriptedImporter : UnityEditor.UIElementsModule:UnityEditor.UIElements:UIElementsViewImporter)
Imported 'GUID: 90cc4546b2b8afe4e8c864c132a999a9' -> (Import Result ID: '34551c965126432fe77fac970c48648c') in 0.006 seconds [static and dynamic dependencies]. Details - ImportResultOutputID=ae4ae58a623803483bd1235e33ab527b DependenciesID=64ce2665b05c8a1396f01c85e33d4385 StaticDependenciesID=aaff24cfd7d7e3de9dd59c667ff31598 
Importing 'GUID: 31c6096c1cb29b4469096b7b4942a322 - Path: Packages/com.tuyoogame.yooasset/Editor/AssetBundleDebugger/VisualViewers/DebuggerAssetListViewer.uxml' with importer (ScriptedImporter : UnityEditor.UIElementsModule:UnityEditor.UIElements:UIElementsViewImporter)
Imported 'GUID: 31c6096c1cb29b4469096b7b4942a322' -> (Import Result ID: 'c5b39f460a364a8f2a7648a0cae6cb74') in 0.004 seconds [static and dynamic dependencies]. Details - ImportResultOutputID=aaeca63c9e0235e95eaad67b34bcad8c DependenciesID=ea1483a31110c7a975007910c0d41d0e StaticDependenciesID=bc947d68e831af0ea8b8dd61c169ae26 
Importing 'GUID: 7147c7108cba1bb4dba3a2cfc758ad43 - Path: Packages/com.tuyoogame.yooasset/Editor/AssetBundleDebugger/VisualViewers/DebuggerOperationListViewer.uxml' with importer (ScriptedImporter : UnityEditor.UIElementsModule:UnityEditor.UIElements:UIElementsViewImporter)
Imported 'GUID: 7147c7108cba1bb4dba3a2cfc758ad43' -> (Import Result ID: 'f8f6378381cccde9e1347657d189110b') in 0.004 seconds [static and dynamic dependencies]. Details - ImportResultOutputID=ebabfd33da3c103217267a5b564007f1 DependenciesID=6c5ead874620d122cfc46d0fb45eb015 StaticDependenciesID=d299ff578b316b56ef655ceed3102912 
Importing 'GUID: 932a25ffd05c13c47994d66e9d73bc37 - Path: Packages/com.tuyoogame.yooasset/Editor/AssetBundleDebugger/VisualViewers/DebuggerBundleListViewer.uxml' with importer (ScriptedImporter : UnityEditor.UIElementsModule:UnityEditor.UIElements:UIElementsViewImporter)
Imported 'GUID: 932a25ffd05c13c47994d66e9d73bc37' -> (Import Result ID: '00a290ece3fbd766056011a79a742f30') in 0.003 seconds [static and dynamic dependencies]. Details - ImportResultOutputID=19c9ae6e1adfbf0d910eecc045fc7209 DependenciesID=1bddc554435d9c092899c1b4ef10bbd6 StaticDependenciesID=60482f367f83bf2a7ba515b6719db4ae 
Importing 'GUID: 355c4ac5cdebddc4c8362bed6f17a79e - Path: Packages/com.tuyoogame.yooasset/Editor/AssetBundleCollector/AssetBundleCollectorWindow.uxml' with importer (ScriptedImporter : UnityEditor.UIElementsModule:UnityEditor.UIElements:UIElementsViewImporter)
Imported 'GUID: 355c4ac5cdebddc4c8362bed6f17a79e' -> (Import Result ID: '045cb827e547a1983758f6ae6fb99f4b') in 0.012 seconds [static and dynamic dependencies]. Details - ImportResultOutputID=352952802dc4945a1fa3cafb7c57a103 DependenciesID=34762e9df69c8af6a17d3e1feacb2225 StaticDependenciesID=80e5485d46706c912ce4430a07292c7c 
Importing 'GUID: 86d0df373d425b449a3bbc42b4b2e5bb - Path: Packages/com.tuyoogame.yooasset/Editor/AssetBundleBuilder/VisualViewers/BuiltinBuildPipeline/BuiltinBuildPipelineViewer.uxml' with importer (ScriptedImporter : UnityEditor.UIElementsModule:UnityEditor.UIElements:UIElementsViewImporter)
Imported 'GUID: 86d0df373d425b449a3bbc42b4b2e5bb' -> (Import Result ID: '72b7897d0062ab353149980247f060f9') in 0.004 seconds [static and dynamic dependencies]. Details - ImportResultOutputID=761645036bf4b93934612aa52f414c76 DependenciesID=1e14468c973c2470df0c36b0369f5721 StaticDependenciesID=c3e9dc3ca6e425a4724dea8e8ae77a59 
Importing 'GUID: d6de7697d63d64fabbfb31425d93541e - Path: Packages/com.unity.ai.navigation/Editor/ConversionSystem/converter_widget_item.uxml' with importer (ScriptedImporter : UnityEditor.UIElementsModule:UnityEditor.UIElements:UIElementsViewImporter)
Imported 'GUID: d6de7697d63d64fabbfb31425d93541e' -> (Import Result ID: '1f9d779fedbb5dcc36569f2fe5a3fdfd') in 0.010 seconds [static and dynamic dependencies]. Details - ImportResultOutputID=c7818cea8bd43067c119472a439b55d4 DependenciesID=237e716bc904ab372ca344410bc87c3f StaticDependenciesID=65e47656edb2a7e895dbb1c8aebe02bf 
Importing 'GUID: 28ba29adb4949284e8c48893218b0d9a - Path: Packages/com.tuyoogame.yooasset/Editor/AssetBundleBuilder/AssetBundleBuilderWindow.uxml' with importer (ScriptedImporter : UnityEditor.UIElementsModule:UnityEditor.UIElements:UIElementsViewImporter)
Imported 'GUID: 28ba29adb4949284e8c48893218b0d9a' -> (Import Result ID: 'c669aba5a77236293b786b8a34780cfd') in 0.003 seconds [static and dynamic dependencies]. Details - ImportResultOutputID=1f178bba4879a8d60c13b283a1ea3997 DependenciesID=f5baf51e5ce0154a24ae01158899d5b9 StaticDependenciesID=8eee15cee70033bfd60b579e616c4867 
Importing 'GUID: b87fc70b750616849942173af3bdfd90 - Path: Packages/com.tuyoogame.yooasset/Editor/AssetArtReporter/AssetArtReporterWindow.uxml' with importer (ScriptedImporter : UnityEditor.UIElementsModule:UnityEditor.UIElements:UIElementsViewImporter)
Imported 'GUID: b87fc70b750616849942173af3bdfd90' -> (Import Result ID: '158d4baa90bc69089351bc030dab8e49') in 0.006 seconds [static and dynamic dependencies]. Details - ImportResultOutputID=4bcf27f016e4783cb9b28b8cd6caff94 DependenciesID=0262b28671feb70626b2c60dd504df75 StaticDependenciesID=98896fa6fe7f2af4152114777fe69b3f 
Importing 'GUID: f8929271050855e42a1ccc6b14993a04 - Path: Packages/com.tuyoogame.yooasset/Editor/AssetBundleReporter/VisualViewers/ReporterSummaryViewer.uxml' with importer (ScriptedImporter : UnityEditor.UIElementsModule:UnityEditor.UIElements:UIElementsViewImporter)
Imported 'GUID: f8929271050855e42a1ccc6b14993a04' -> (Import Result ID: '95efa6d0b126e4cc424eede370f8d09d') in 0.003 seconds [static and dynamic dependencies]. Details - ImportResultOutputID=6a35c82790a2f1f71aca111675abbda3 DependenciesID=71cfbc301b11d726008d4fa808764be6 StaticDependenciesID=c48c19f959e80806339dde7614a51cdc 
Importing 'GUID: 790db12999afd334e8fb6ba70ef0a947 - Path: Packages/com.tuyoogame.yooasset/Editor/AssetBundleDebugger/AssetBundleDebuggerWindow.uxml' with importer (ScriptedImporter : UnityEditor.UIElementsModule:UnityEditor.UIElements:UIElementsViewImporter)
Imported 'GUID: 790db12999afd334e8fb6ba70ef0a947' -> (Import Result ID: '6197314a1fd2c10d1d43bcf18191cc96') in 0.006 seconds [static and dynamic dependencies]. Details - ImportResultOutputID=a2146dc4ce39187d243a12522a48d0f4 DependenciesID=5d138b2e0770bcc08522eb95671b2ecb StaticDependenciesID=5d884ff6e63c5648acee6ce1b2c95e65 
Importing 'GUID: aaa3e510761864dac9b71f85526490d6 - Path: Packages/com.unity.ai.navigation/Editor/ConversionSystem/converter_widget.uxml' with importer (ScriptedImporter : UnityEditor.UIElementsModule:UnityEditor.UIElements:UIElementsViewImporter)
Imported 'GUID: aaa3e510761864dac9b71f85526490d6' -> (Import Result ID: '2533ef47a1877f1b1097f2ef8bd70903') in 0.007 seconds [static and dynamic dependencies]. Details - ImportResultOutputID=c4beb2c30ab4be60c42d7901899b92f4 DependenciesID=a7b8624d98a8aa7c51a28efc59efb5b3 StaticDependenciesID=00a85e25c567c6e994e0c3e7d2cec405 
Importing 'GUID: 5bbb873a7bee2924a86c876b67bb2cb4 - Path: Packages/com.tuyoogame.yooasset/Editor/AssetArtScanner/AssetArtScannerWindow.uxml' with importer (ScriptedImporter : UnityEditor.UIElementsModule:UnityEditor.UIElements:UIElementsViewImporter)
Imported 'GUID: 5bbb873a7bee2924a86c876b67bb2cb4' -> (Import Result ID: 'a8e96cd39805558c75cca85902988b9a') in 0.010 seconds [static and dynamic dependencies]. Details - ImportResultOutputID=69f772f7943357d2d6020fc2d4d8a42b DependenciesID=4b6e3ec8a67d3d448bc1f8a06829d2c8 StaticDependenciesID=246e89dce069d6eb640c1d361e856d7b 
Importing 'GUID: 9bff4878063eaf04dab8713e1e662ac5 - Path: Packages/com.tuyoogame.yooasset/EditorExtension/ShaderVariantCollector/ShaderVariantCollectorWindow.uxml' with importer (ScriptedImporter : UnityEditor.UIElementsModule:UnityEditor.UIElements:UIElementsViewImporter)
Imported 'GUID: 9bff4878063eaf04dab8713e1e662ac5' -> (Import Result ID: '967fe31cc62690ae87546f9147295559') in 0.004 seconds [static and dynamic dependencies]. Details - ImportResultOutputID=53e157fb7e1ee1309255e17fd07175dd DependenciesID=4cdb9c683413f2c5e13ccc3b5232c71e StaticDependenciesID=d5ee98ad09debd3603b1211edcf02e77 
Importing 'GUID: 1c2478fe2eee9684e84a14a7860b178d - Path: Packages/com.tuyoogame.yooasset/Editor/AssetBundleBuilder/VisualViewers/ScriptableBuildPipeline/ScriptableBuildPipelineViewer.uxml' with importer (ScriptedImporter : UnityEditor.UIElementsModule:UnityEditor.UIElements:UIElementsViewImporter)
Imported 'GUID: 1c2478fe2eee9684e84a14a7860b178d' -> (Import Result ID: 'af05738c509d0bef8c49c49d7fbd3579') in 0.004 seconds [static and dynamic dependencies]. Details - ImportResultOutputID=3bbd586dfc155773243bccb86f40b48b DependenciesID=f3b373efc5ff63caf1d5964a3bd9a493 StaticDependenciesID=b4d96eaf372eeb08b0210d88bdb5a6ee 
Importing 'GUID: cd1eb3c3c695c494d855ea678fe7395b - Path: Packages/com.unity.ai.navigation/Editor/ConversionSystem/converter_editor.uxml' with importer (ScriptedImporter : UnityEditor.UIElementsModule:UnityEditor.UIElements:UIElementsViewImporter)
Imported 'GUID: cd1eb3c3c695c494d855ea678fe7395b' -> (Import Result ID: 'ad51f4c815fc9071f51186b28955bc4b') in 0.007 seconds [static and dynamic dependencies]. Details - ImportResultOutputID=776667d9988734892267d9fe9994ffbf DependenciesID=2eaa52a6979030a454d09cb47f7f11cc StaticDependenciesID=d0314ce2752793d5d27f072a178efe82 
Importing 'GUID: 8ed3387ab250c814e9797164c9a4b89a - Path: Packages/com.tuyoogame.yooasset/Editor/AssetBundleBuilder/VisualViewers/RawfileBuildpipeline/RawfileBuildPipelineViewer.uxml' with importer (ScriptedImporter : UnityEditor.UIElementsModule:UnityEditor.UIElements:UIElementsViewImporter)
Imported 'GUID: 8ed3387ab250c814e9797164c9a4b89a' -> (Import Result ID: 'ec5e42b29cf3ef93dd690f2f62528691') in 0.005 seconds [static and dynamic dependencies]. Details - ImportResultOutputID=a5373b0f7f5631c7ea404a01a3d0e03c DependenciesID=7dcd2b837f4feac5e23a2ccdf66f704a StaticDependenciesID=d98686ae59556377917462d842449b90 
Importing 'GUID: 5f81bc15a55ee0a49a266f9d71e2372b - Path: Packages/com.tuyoogame.yooasset/Editor/AssetBundleReporter/VisualViewers/ReporterAssetListViewer.uxml' with importer (ScriptedImporter : UnityEditor.UIElementsModule:UnityEditor.UIElements:UIElementsViewImporter)
Imported 'GUID: 5f81bc15a55ee0a49a266f9d71e2372b' -> (Import Result ID: 'cd43cba67c1250437382fa6e94b96e14') in 0.004 seconds [static and dynamic dependencies]. Details - ImportResultOutputID=149c8252df712118a62303134eb203d6 DependenciesID=09fcb68a63e38a7f48a7e6eca6fccfe4 StaticDependenciesID=dc73c27b9f1bf96159531902f3aa715c 
Importing 'GUID: cf2a9340bb457594d9bc1f80b84a89f6 - Path: Packages/com.tuyoogame.yooasset/Editor/AssetBundleReporter/VisualViewers/ReporterBundleListViewer.uxml' with importer (ScriptedImporter : UnityEditor.UIElementsModule:UnityEditor.UIElements:UIElementsViewImporter)
Imported 'GUID: cf2a9340bb457594d9bc1f80b84a89f6' -> (Import Result ID: 'e8e06f76603d24c197eba0e6b6c20f29') in 0.005 seconds [static and dynamic dependencies]. Details - ImportResultOutputID=72be87102c9c8a5c7466e2857deeea71 DependenciesID=18c3edb9ad3589d544d71e48f5565e2d StaticDependenciesID=199b93fe722405c2c22213bae6eadf2c 
Starting new worker id: 0 with log in D:/UnityProjects/ZFramework/UnityCliGameplayUxFresh/Logs/AssetImportWorkerHW0.log
Loading style catalogs (7)
	StyleSheets/Extensions/base/common.uss
	UIPackageResources/StyleSheets/Default/Variables/Public/common.uss
	StyleSheets/Northstar/common.uss
	StyleSheets/Extensions/fonts/inter.uss
	StyleSheets/Extensions/base/dark.uss
	UIPackageResources/StyleSheets/Default/Northstar/Palette/dark.uss
	Packages/com.leonz.z-editor-tools/Editor/vTabs/StyleSheets/Extensions/common.uss
Launched and connected shader compiler UnityShaderCompiler.exe after 0.01 seconds
Launched and connected shader compiler UnityShaderCompiler.exe after 0.01 seconds
Launched and connected shader compiler UnityShaderCompiler.exe after 0.01 seconds
Launched and connected shader compiler UnityShaderCompiler.exe after 0.01 seconds
DisplayProgressbar: 处理图集资源

Asset Pipeline Refresh (id=ff07b0b337f9a714c9340983633adcbd): Total: 9.219 seconds - Initiated by InitialRefreshV2(ForceSynchronousImport)
	(Values over 0.05ms)
	Summary:
		Imports: total=1170 (actual=1170, local cache=0, cache server=0)
		Asset DB Process Time: managed=47 ms, native=4452 ms
		Asset DB Callback time: managed=194 ms, native=115 ms
		Scripting: domain reloads=1, domain reload time=740 ms, compile time=3628 ms, other=40 ms
		Project Asset Count: scripts=750, non-scripts=420
		Asset File Changes: new=0, changed=5, moved=0, deleted=0
		Scan Filter Count: 0
	InvokePackagesCallback: 26.396ms
	ApplyChangesToAssetFolders: 0.685ms
	Scan: 62.856ms
	Collect global state as custom dependencies: 7.091ms
	OnSourceAssetsModified: 0.492ms
	CategorizeScriptCompilationAssets: 13.346ms
	ProcessAssetsWithTransientArtifactChanges: 28.869ms
	CategorizeAssets: 6.179ms
	CompileScripts: 3628.227ms
	ImportOutOfDateAssets: 4287.129ms (1026.451ms without children)
		ImportManagerImport: 3250.638ms (140.682ms without children)
			UpdateCategorizedAssets: 3.523ms
		UnloadImportedAssets: 1.282ms
		ReloadImportedAssets: 0.226ms
		EnsureUptoDateAssetsAreRegisteredWithGuidPM: 0.090ms
		ImportSchedulerStart: 8.659ms
	PostProcessAllAssets: 277.007ms
		ShaderAssetModifiedCallback 76.009ms
		VCAutoAddAssetPostprocess 1.471ms
		ComputeShaderImportPostprocess 0.527ms
		PostProcessCallbackCreateDeferredMaterials 0.381ms
		RaytracingShaderImportPostprocess 0.371ms
		SpeedTreeImporter.PostprocessAllAssets 0.267ms
		AssemblyValidation.PostprocessAllAssets 0.264ms
		BlockShaderImporter.PostprocessAllAssets 0.258ms
		LocalizationDatabase.AssetDatabasePostprocessCallback 0.212ms
		MonoPostProcessAllAssets: 186.816ms
			StyleCatalogPostProcessor.OnPostprocessAllAssets 96.141ms
			RetainedModeAssetPostprocessor.OnPostprocessAllAssets 43.953ms
			AssetPostprocessor.OnPostprocessAllAssets 9.877ms
			WindowAssetPostprocessingWatcher.OnPostprocessAllAssets 6.329ms
			SpritePostprocessor.OnPostprocessAllAssets 4.176ms
			BuilderAssetPostprocessor.OnPostprocessAllAssets 3.679ms
			TextAssetPostProcessor.OnPostprocessAllAssets 3.417ms
			SyncVS.PostprocessSyncProject 2.972ms
			AssetChangedListener.OnPostprocessAllAssets 2.301ms
			FolderStateChangeDetector.OnPostprocessAllAssets 2.014ms
			SpeedTree9Postprocessor.OnPostprocessAllAssets 1.174ms
			EditModeScopePostprocessor.OnPostprocessAllAssets 0.736ms
			ArtifactBrowserPostProcessor.OnPostprocessAllAssets 0.331ms
			TMPro_TexturePostProcessor.OnPostprocessAllAssets 0.258ms
			AssetEvents.OnPostprocessAllAssets 0.230ms
			AudioMixerPostprocessor.OnPostprocessAllAssets 0.228ms
			TerrainToolbarOverlayPostProcessor.OnPostprocessAllAssets 0.180ms
			SceneImportDetector.OnPostprocessAllAssets 0.174ms
			SpeedTreePostProcessor.OnPostprocessAllAssets 0.162ms
			ReferencedClipsPostProcessor.OnPostprocessAllAssets 0.159ms
			AssetDatabaseCallbacks.OnPostprocessAllAssets 0.150ms
			ConfigAssetsTracker.OnPostprocessAllAssets 0.141ms
			ScenarioDriftAssetsTracker.OnPostprocessAllAssets 0.126ms
			AudioContainerPostProcessor.OnPostprocessAllAssets 0.121ms
			RenderPipelineGlobalSettingsPostprocessor.OnPostprocessAllAssets 0.086ms
	PostAssetChangesProfiler: 9.710ms
	UnloadStreamsBegin: 1.107ms
	PersistCurrentRevisions: 0.794ms
	GenerateScriptTypeHashes: 0.814ms
	GenerateScriptTypeSerializationHashes: 1.834ms
	Untracked: 864.334ms

Application.AssetDatabase Initial Refresh End
Launched and connected shader compiler UnityShaderCompiler.exe after 0.01 seconds
Launched and connected shader compiler UnityShaderCompiler.exe after 0.01 seconds
Launched and connected shader compiler UnityShaderCompiler.exe after 0.01 seconds
Launched and connected shader compiler UnityShaderCompiler.exe after 0.01 seconds
Launched and connected shader compiler UnityShaderCompiler.exe after 0.01 seconds
Launched and connected shader compiler UnityShaderCompiler.exe after 0.01 seconds
Launched and connected shader compiler UnityShaderCompiler.exe after 0.01 seconds
Launched and connected shader compiler UnityShaderCompiler.exe after 0.01 seconds
Launched and connected shader compiler UnityShaderCompiler.exe after 0.01 seconds
Launched and connected shader compiler UnityShaderCompiler.exe after 0.01 seconds
Launched and connected shader compiler UnityShaderCompiler.exe after 0.01 seconds
Launched and connected shader compiler UnityShaderCompiler.exe after 0.01 seconds
Launched and connected shader compiler UnityShaderCompiler.exe after 0.01 seconds
Launched and connected shader compiler UnityShaderCompiler.exe after 0.01 seconds
Launched and connected shader compiler UnityShaderCompiler.exe after 0.01 seconds
Launched and connected shader compiler UnityShaderCompiler.exe after 0.01 seconds
Launched and connected shader compiler UnityShaderCompiler.exe after 0.01 seconds
Launched and connected shader compiler UnityShaderCompiler.exe after 0.01 seconds
Launched and connected shader compiler UnityShaderCompiler.exe after 0.01 seconds
Launched and connected shader compiler UnityShaderCompiler.exe after 0.01 seconds
Launched and connected shader compiler UnityShaderCompiler.exe after 0.01 seconds
Launched and connected shader compiler UnityShaderCompiler.exe after 0.01 seconds
Launched and connected shader compiler UnityShaderCompiler.exe after 0.01 seconds
Launched and connected shader compiler UnityShaderCompiler.exe after 0.01 seconds
Launched and connected shader compiler UnityShaderCompiler.exe after 0.01 seconds
Launched and connected shader compiler UnityShaderCompiler.exe after 0.01 seconds
Launched and connected shader compiler UnityShaderCompiler.exe after 0.01 seconds
Scanning for USB devices : 3.925ms
Initializing Unity extensions:
Script 'Packages/YooAsset/Mini Game/Runtime/YooAsset.MiniGame.asmdef' will not be compiled because it exists outside the Assets folder and does not to belong to any assembly definition file.
[MODES] ModeService[none].Initialize
[MODES] ModeService[none].LoadModes
[MODES] Loading mode Default (0) for mode-current-id-Hunting in Darkness
Unloading 44 Unused Serialized files (Serialized files now loaded: 0)
Unloading 2792 unused Assets / (2.2 MB). Loaded Objects now: 3570.
Memory consumption went from 302.3 MB to 300.1 MB.
Total: 7.656300 ms (FindLiveObjects: 0.321900 ms CreateObjectMapping: 0.470200 ms MarkObjects: 5.769600 ms  DeleteObjects: 1.093000 ms)

Batchmode quit successfully invoked - shutting down!
Clearing [LiberationSans SDF - Fallback] dynamic font asset data.
UnityEngine.Debug:ExtractStackTraceNoAlloc (byte*,int,string)
UnityEngine.StackTraceUtility:ExtractStackTrace ()
UnityEngine.DebugLogHandler:Internal_Log (UnityEngine.LogType,UnityEngine.LogOption,string,UnityEngine.Object)
UnityEngine.DebugLogHandler:LogFormat (UnityEngine.LogType,UnityEngine.Object,string,object[])
UnityEngine.Logger:Log (UnityEngine.LogType,object)
UnityEngine.Debug:Log (object)
TMPro.EditorEventCallbacks/<>c:<InitializeFontAssetResourceChangeCallBacks>b__0_0 () (at ./Library/PackageCache/com.unity.ugui@1c4864518158/Editor/TMP/TMP_EditorResourceManager.cs:36)
UnityEditor.EditorApplication:Internal_EditorApplicationQuit ()

(Filename: ./Library/PackageCache/com.unity.ugui@1c4864518158/Editor/TMP/TMP_EditorResourceManager.cs Line: 36)

Importing 'GUID: 2e498d1c8094910479dc3e1b768306a4 - Path: Assets/TextMesh Pro/Resources/Fonts & Materials/LiberationSans SDF - Fallback.asset' with importer (NativeFormatImporter)
Imported 'GUID: 2e498d1c8094910479dc3e1b768306a4' -> (Import Result ID: '097c775adadf0663e8a77ac9fde971d5') in 0.001 seconds [static dependencies only]. Details - ImportResultOutputID=94ce4dace069634644df4d315a8acf11 DependenciesID=988e80216cd8be8f8f8624494c116e5a StaticDependenciesID=14bde13840e721fb15528422d8b4ca79 
Loading style catalogs (7)
	StyleSheets/Extensions/base/common.uss
	UIPackageResources/StyleSheets/Default/Variables/Public/common.uss
	StyleSheets/Northstar/common.uss
	StyleSheets/Extensions/fonts/inter.uss
	StyleSheets/Extensions/base/dark.uss
	UIPackageResources/StyleSheets/Default/Northstar/Palette/dark.uss
	Packages/com.leonz.z-editor-tools/Editor/vTabs/StyleSheets/Extensions/common.uss
Curl error 42: Callback aborted
Asset Pipeline Refresh (id=00baab94799643045b835f5c0d4ac345): Total: 0.069 seconds - Initiated by StopAssetImportingV2(NoUpdateAssetOptions)
Worker ready: AssetImportWorkerHW0 0
[Physics::Module] Cleanup current backend.
[Physics::Module] Id: 0xf2b8ea05
Input System module state changed to: ShutdownInProgress.
Input Polling Thread exited.
Input System module state changed to: Shutdown.
[Licensing::IpcConnector] LicenseClient-leonz-6000.5.9-notifications channel disconnected successfully.
[Licensing::IpcConnector] LicenseClient-leonz-6000.5.9 channel disconnected successfully.
Lingering sessions upon destruction of worker manager
AcceleratorClientConnectionCallback - disconnected - :0
Cleanup mono
CodeReloadManager destroyed
13:04:41.003 |V| RiderPlugin                    | :1                             | AppDomain.CurrentDomain.DomainUnload lifetimeDefinition.Terminate
Exiting batchmode successfully now!
Exiting without the bug reporter. Application will terminate with return code 0